"country_code","country_name","region","income_group","year","bank_zscore","capital_to_assets","npl_ratio","roa","liquid_to_deposits","gdp_growth","inflation"
"AFG","Afghanistan","Middle East, North Africa, Afghanistan & Pakistan","Low income",2006,48.99729,NA,52.90562,NA,9.212831,5.35740324748592,6.78459655001655
"AFG","Afghanistan","Middle East, North Africa, Afghanistan & Pakistan","Low income",2007,31.96604,NA,59.41396,-0.5466172,13.07231,13.8263195471281,8.68057078513406
"AFG","Afghanistan","Middle East, North Africa, Afghanistan & Pakistan","Low income",2008,19.94573,NA,60.26807,2.759812,15.5035,3.92498381999467,26.4186641547444
"AFG","Afghanistan","Middle East, North Africa, Afghanistan & Pakistan","Low income",2009,26.69275,NA,56.99373,1.604902,18.70725,21.3905283926492,-6.81116108898996
"AFG","Afghanistan","Middle East, North Africa, Afghanistan & Pakistan","Low income",2010,24.95099,NA,61.68562,0.7986935,19.14611,14.3624414710737,2.17853752389419
"AFG","Afghanistan","Middle East, North Africa, Afghanistan & Pakistan","Low income",2011,18.97911,NA,26.11724,-0.6150525,19.30889,0.426354776777345,11.8041858089129
"AFG","Afghanistan","Middle East, North Africa, Afghanistan & Pakistan","Low income",2012,18.89366,NA,23.00067,0.5845387,18.08667,12.7522870926697,6.44121280934117
"AFG","Afghanistan","Middle East, North Africa, Afghanistan & Pakistan","Low income",2013,18.98689,NA,23.64046,0.8105913,17.72008,5.60074465863221,7.38577178397855
"AFG","Afghanistan","Middle East, North Africa, Afghanistan & Pakistan","Low income",2014,16.59461,NA,21.57651,0.6056923,17.20384,2.72454336219565,4.67399603536345
"AFG","Afghanistan","Middle East, North Africa, Afghanistan & Pakistan","Low income",2015,16.86543,NA,22.07197,-0.0389673,17.11684,1.45131466066431,-0.661709164713742
"AFG","Afghanistan","Middle East, North Africa, Afghanistan & Pakistan","Low income",2016,19.55651,NA,19.90955,1.934542,18.96479,2.26031420279821,4.38389195513915
"AFG","Afghanistan","Middle East, North Africa, Afghanistan & Pakistan","Low income",2017,17.73415,NA,19.45025,0.8817809,19.07627,2.6470032027451,4.97595150553833
"AFG","Afghanistan","Middle East, North Africa, Afghanistan & Pakistan","Low income",2018,17.00372,NA,18.22994,0.9029136,18.88173,1.18922812944517,0.626149149168847
"AFG","Afghanistan","Middle East, North Africa, Afghanistan & Pakistan","Low income",2019,19.31851,NA,18.7596,1.147511,16.91687,3.91160341625552,2.30237251516834
"AFG","Afghanistan","Middle East, North Africa, Afghanistan & Pakistan","Low income",2020,17.68296,NA,16.8307,0.4028356,17.64849,-2.35110067203466,5.60188791482224
"AFG","Afghanistan","Middle East, North Africa, Afghanistan & Pakistan","Low income",2021,24.91561,NA,NA,1.374979,NA,-20.7388393676343,5.13320340824963
"ALB","Albania","Europe & Central Asia","Upper middle income",2000,22.70429,NA,10.66688,2.284344,45.66356,7.46285871776054,0.0500181363468103
"ALB","Albania","Europe & Central Asia","Upper middle income",2001,16.82156,NA,12.73816,1.197692,48.68773,8.8637306604876,3.10758827031435
"ALB","Albania","Europe & Central Asia","Upper middle income",2002,18.19811,NA,14.25826,0.9770987,45.41947,4.62839587394552,7.77052583431551
"ALB","Albania","Europe & Central Asia","Upper middle income",2003,15.49718,4.5999999,16.30019,1.478971,46.96875,5.33326426009945,0.484002611818503
"ALB","Albania","Europe & Central Asia","Upper middle income",2004,13.55628,4.1999998,19.45933,1.178828,49.49909,5.26626173860785,2.28001916938099
"ALB","Albania","Europe & Central Asia","Upper middle income",2005,15.71617,2.3,29.11831,2.06583,52.80478,5.13082193056189,2.36658195679795
"ALB","Albania","Europe & Central Asia","Upper middle income",2006,14.01966,3.0999999,38.70012,1.644573,57.65782,6.0189812403864,2.37072831904284
"ALB","Albania","Europe & Central Asia","Upper middle income",2007,15.56857,3.4000001,47.93907,2.028957,62.41558,6.50009261158209,2.93268248162317
"ALB","Albania","Europe & Central Asia","Upper middle income",2008,19.17594,6.5999999,61.61376,1.675837,57.3421,6.90706230713707,3.32087090389275
"ALB","Albania","Europe & Central Asia","Upper middle income",2009,20.24039,10.5,63.52218,1.174448,57.90776,2.69075152362146,2.26692209450826
"ALB","Albania","Europe & Central Asia","Upper middle income",2010,21.02804,13.96298,59.0051,1.193203,63.32483,2.97315442681247,3.6271009151748
"ALB","Albania","Europe & Central Asia","Upper middle income",2011,22.15,18.769339,58.43037,1.020097,67.28407,2.46351683915714,3.42807130141501
"ALB","Albania","Europe & Central Asia","Upper middle income",2012,22.32134,22.493897,55.74315,0.6402801,69.8149,0.984129880204108,2.03159268395296
"ALB","Albania","Europe & Central Asia","Upper middle income",2013,22.08734,23.492778,53.83069,0.6055239,70.35517,1.7072283175406,1.93762080205223
"ALB","Albania","Europe & Central Asia","Upper middle income",2014,22.15308,22.802734,53.40128,0.8724337,70.04085,2.24022695382642,1.62586504402614
"ALB","Albania","Europe & Central Asia","Upper middle income",2015,22.14953,18.168574,51.55516,0.1909479,68.59187,2.2277040745779,1.89617402592356
"ALB","Albania","Europe & Central Asia","Upper middle income",2016,23.78067,18.269952,50.37444,0.7378542,68.64949,3.90893551362245,1.27543168367423
"ALB","Albania","Europe & Central Asia","Upper middle income",2017,21.7047,13.232533,50.60535,0.9419345,64.34592,3.28317593330073,1.98666133171194
"ALB","Albania","Europe & Central Asia","Upper middle income",2018,19.98183,11.084582,50.5542,0.6793432,60.41314,3.67141928098908,2.02805963071135
"ALB","Albania","Europe & Central Asia","Upper middle income",2019,20.55072,8.368958,51.63216,1.206444,60.71103,2.06257790176122,1.41109078954242
"ALB","Albania","Europe & Central Asia","Upper middle income",2020,20.24314,8.1138999,51.95975,1.183779,67.65973,-3.31375636888916,1.62088661717021
"ALB","Albania","Europe & Central Asia","Upper middle income",2021,19.05608,NA,51.59088,1.346364,64.32858,8.96957619074095,2.04147163139545
"DZA","Algeria","Middle East, North Africa, Afghanistan & Pakistan","Upper middle income",2000,8.788944,NA,22.75307,0.2338498,26.14624,3.80000000158476,0.339163189071768
"DZA","Algeria","Middle East, North Africa, Afghanistan & Pakistan","Upper middle income",2001,9.36163,NA,19.65014,0.1651564,40.59793,2.99999999863043,4.22598834854673
"DZA","Algeria","Middle East, North Africa, Afghanistan & Pakistan","Upper middle income",2002,10.52907,NA,26.79668,0.5617591,45.39818,5.40000000000001,1.41830192345051
"DZA","Algeria","Middle East, North Africa, Afghanistan & Pakistan","Upper middle income",2003,10.32534,NA,24.74938,0.2830099,45.21692,6.50000000062043,4.268953958395
"DZA","Algeria","Middle East, North Africa, Afghanistan & Pakistan","Upper middle income",2004,9.639084,NA,25.88542,0.3764642,42.39005,4.49999999976698,3.96180030257187
"DZA","Algeria","Middle East, North Africa, Afghanistan & Pakistan","Upper middle income",2005,8.529184,NA,31.35398,0.2648911,37.78471,5.39999999969525,1.38244656662118
"DZA","Algeria","Middle East, North Africa, Afghanistan & Pakistan","Upper middle income",2006,9.497072,NA,29.5643,1.159484,40.9648,2.89999999905852,2.31149918514424
"DZA","Algeria","Middle East, North Africa, Afghanistan & Pakistan","Upper middle income",2007,10.02454,NA,27.94635,1.005523,46.19802,3.10000000128674,3.67899574741699
"DZA","Algeria","Middle East, North Africa, Afghanistan & Pakistan","Upper middle income",2008,12.6932,NA,28.57536,1.423582,44.71291,2.49999999929371,4.85859062814939
"DZA","Algeria","Middle East, North Africa, Afghanistan & Pakistan","Upper middle income",2009,17.72422,21.1,33.38467,1.897979,48.66047,1.19999999969519,5.73706036145628
"DZA","Algeria","Middle East, North Africa, Afghanistan & Pakistan","Upper middle income",2010,19.23774,18.31,33.76478,1.968981,44.98983,4.80000000093564,3.91106195534028
"DZA","Algeria","Middle East, North Africa, Afghanistan & Pakistan","Upper middle income",2011,19.90931,14.398306,31.80456,2.077532,43.06861,2.99999999941909,4.5242115050527
"DZA","Algeria","Middle East, North Africa, Afghanistan & Pakistan","Upper middle income",2012,20.49009,11.726381,33.94255,1.931919,41.27208,2.40000000034432,8.89145091062317
"DZA","Algeria","Middle East, North Africa, Afghanistan & Pakistan","Upper middle income",2013,20.54717,10.563971,37.96037,1.669976,43.42392,2.60000000061164,3.25423910998847
"DZA","Algeria","Middle East, North Africa, Afghanistan & Pakistan","Upper middle income",2014,18.82034,9.9349605,37.06756,1.540271,49.44395,4.09999999866501,2.91692692067458
"DZA","Algeria","Middle East, North Africa, Afghanistan & Pakistan","Upper middle income",2015,19.96733,9.7673454,43.47479,1.548883,49.87261,3.20000000089023,4.78444700693889
"DZA","Algeria","Middle East, North Africa, Afghanistan & Pakistan","Upper middle income",2016,22.13776,12.089159,49.1687,1.743414,46.48419,3.90000000017621,6.39769480268757
"DZA","Algeria","Middle East, North Africa, Afghanistan & Pakistan","Upper middle income",2017,23.12142,12.958502,49.99484,1.86164,48.7765,1.49999999895587,5.59111590961664
"DZA","Algeria","Middle East, North Africa, Afghanistan & Pakistan","Upper middle income",2018,24.28966,12.697401,50.18056,2.340024,49.58972,1.40000000088281,4.26999020467084
"DZA","Algeria","Middle East, North Africa, Afghanistan & Pakistan","Upper middle income",2019,22.43565,NA,53.70742,1.383977,48.01913,0.899999999219148,1.95176821052892
"DZA","Algeria","Middle East, North Africa, Afghanistan & Pakistan","Upper middle income",2020,24.82232,NA,55.02512,1.352315,53.93711,-4.99999999908597,2.41513094083414
"DZA","Algeria","Middle East, North Africa, Afghanistan & Pakistan","Upper middle income",2021,NA,NA,48.48491,NA,51.51547,3.79999999900707,7.22606307415477
"AGO","Angola","Sub-Saharan Africa ","Lower middle income",2000,NA,NA,14.1069,NA,13.94027,3.05462423452938,324.996871601321
"AGO","Angola","Sub-Saharan Africa ","Lower middle income",2001,10.62636,NA,21.43877,NA,16.8162,4.20599855694861,152.561022469299
"AGO","Angola","Sub-Saharan Africa ","Lower middle income",2002,7.43558,NA,26.58673,2.224722,12.91612,13.6656887610553,108.897436089429
"AGO","Angola","Sub-Saharan Africa ","Lower middle income",2003,9.720601,NA,36.8115,3.892583,10.70298,3.48731240097521,98.2241436573304
"AGO","Angola","Sub-Saharan Africa ","Lower middle income",2004,9.461455,NA,43.97969,3.980285,9.946123,11.4198633904585,43.5421067519687
"AGO","Angola","Sub-Saharan Africa ","Lower middle income",2005,8.902429,NA,40.96426,3.443457,10.2368,14.1547775343954,22.953513851394
"AGO","Angola","Sub-Saharan Africa ","Lower middle income",2006,8.971141,NA,49.77911,3.553683,12.89404,11.8418178757042,13.3052101780032
"AGO","Angola","Sub-Saharan Africa ","Lower middle income",2007,9.101395,NA,62.48415,3.804001,15.2673,13.0026889457976,12.2514974459487
"AGO","Angola","Sub-Saharan Africa ","Lower middle income",2008,8.391402,NA,61.46616,4.144489,19.40754,10.7866360496581,12.4758291326398
"AGO","Angola","Sub-Saharan Africa ","Lower middle income",2009,9.826188,NA,59.33615,3.930423,38.22892,1.99558909788963,13.7302839288408
"AGO","Angola","Sub-Saharan Africa ","Lower middle income",2010,10.50042,NA,65.94779,3.812508,31.10098,5.29366572819954,14.4696564932577
"AGO","Angola","Sub-Saharan Africa ","Lower middle income",2011,10.48486,NA,62.65359,3.214974,31.37027,3.59386960240222,13.4824679218511
"AGO","Angola","Sub-Saharan Africa ","Lower middle income",2012,9.03674,NA,72.17168,2.068325,29.04334,8.50312283866612,10.2779049218839
"AGO","Angola","Sub-Saharan Africa ","Lower middle income",2013,9.455144,NA,69.30701,1.917671,31.07033,4.88306129688392,8.77781429332624
"AGO","Angola","Sub-Saharan Africa ","Lower middle income",2014,8.564436,NA,59.79449,2.042946,33.2584,4.65572356315585,7.28038730361121
"AGO","Angola","Sub-Saharan Africa ","Lower middle income",2015,8.2767,NA,62.92494,1.894062,38.15775,0.763177710914789,9.35597215533784
"AGO","Angola","Sub-Saharan Africa ","Lower middle income",2016,8.226519,NA,54.26311,1.608387,36.74832,-0.233076954805284,30.6944150806719
"AGO","Angola","Sub-Saharan Africa ","Lower middle income",2017,8.975831,NA,52.88972,1.458728,30.10038,-0.164688656961076,29.8444799015679
"AGO","Angola","Sub-Saharan Africa ","Lower middle income",2018,12.03643,NA,47.44531,3.690685,29.15427,-0.506697543616156,19.6289379701521
"AGO","Angola","Sub-Saharan Africa ","Lower middle income",2019,15.27698,NA,44.14502,-0.6927311,31.76875,-1.05523414494337,17.080954143438
"AGO","Angola","Sub-Saharan Africa ","Lower middle income",2020,8.44287,NA,32.0437,-2.183868,36.41713,-5.27349128300007,22.271539247051
"AGO","Angola","Sub-Saharan Africa ","Lower middle income",2021,15.54836,NA,37.19412,4.195392,22.58882,1.09058369944815,25.7542948841891
"ATG","Antigua and Barbuda","Latin America & Caribbean ","High income",2000,18.29223,NA,78.0063,0.2221633,75.15763,6.20355212555867,0.77177979690018
"ATG","Antigua and Barbuda","Latin America & Caribbean ","High income",2001,19.29978,NA,76.18534,0.8356125,81.90885,-4.54810977120295,1.40279663573988
"ATG","Antigua and Barbuda","Latin America & Caribbean ","High income",2002,19.61845,NA,78.37007,1.568055,84.5531,1.02723486062159,2.40765801293491
"ATG","Antigua and Barbuda","Latin America & Caribbean ","High income",2003,20.54313,NA,69.31627,1.453966,93.06409,6.07663666406602,1.99353055152454
"ATG","Antigua and Barbuda","Latin America & Caribbean ","High income",2004,24.69852,NA,66.27628,1.865525,91.63269,5.76710338270556,2.03007757853236
"ATG","Antigua and Barbuda","Latin America & Caribbean ","High income",2005,20.38857,NA,67.21742,1.261931,89.71767,6.47368941781741,2.09875196709308
"ATG","Antigua and Barbuda","Latin America & Caribbean ","High income",2006,17.88858,NA,72.719,1.224645,88.23092,12.7081474873625,1.78778537419121
"ATG","Antigua and Barbuda","Latin America & Caribbean ","High income",2007,14.74231,NA,73.72945,0.8328347,87.38882,9.31518272315685,1.41605259409741
"ATG","Antigua and Barbuda","Latin America & Caribbean ","High income",2008,NA,NA,77.20529,NA,86.3748,-0.0140065981851762,5.33380639820233
"ATG","Antigua and Barbuda","Latin America & Caribbean ","High income",2009,NA,NA,85.97227,NA,86.38249,-11.9628794703471,-0.550159995508914
"ATG","Antigua and Barbuda","Latin America & Caribbean ","High income",2010,NA,NA,85.14003,NA,92.88503,-7.84050683730972,3.37002540220148
"ATG","Antigua and Barbuda","Latin America & Caribbean ","High income",2011,NA,NA,80.25674,NA,95.47834,-1.95874262217572,3.4567496723461
"ATG","Antigua and Barbuda","Latin America & Caribbean ","High income",2012,NA,NA,75.49197,NA,93.22255,3.37314273947959,3.37688044338874
"ATG","Antigua and Barbuda","Latin America & Caribbean ","High income",2013,NA,NA,71.95895,NA,95.54,-0.600982329599361,1.05949782356169
"ATG","Antigua and Barbuda","Latin America & Caribbean ","High income",2014,NA,NA,67.73779,NA,91.25778,2.19829188738797,1.08944157435355
"ATG","Antigua and Barbuda","Latin America & Caribbean ","High income",2015,NA,NA,57.95764,NA,90.23624,1.42161997595372,0.968993458825638
"ATG","Antigua and Barbuda","Latin America & Caribbean ","High income",2016,NA,NA,58.9736,NA,82.66156,4.1203675438061,-0.489437796230499
"ATG","Antigua and Barbuda","Latin America & Caribbean ","High income",2017,NA,NA,53.24872,NA,86.84058,2.71272657973627,2.43248789041363
"ATG","Antigua and Barbuda","Latin America & Caribbean ","High income",2018,NA,NA,50.62948,NA,85.12023,6.71200487159726,1.20715793367008
"ATG","Antigua and Barbuda","Latin America & Caribbean ","High income",2019,NA,NA,53.34319,NA,80.45354,3.1722219373937,1.43135598182984
"ATG","Antigua and Barbuda","Latin America & Caribbean ","High income",2020,NA,NA,61.86497,NA,89.53429,-18.8687765208148,0.625989707046719
"ATG","Antigua and Barbuda","Latin America & Caribbean ","High income",2021,NA,NA,52.02621,NA,95.10706,8.17286311186622,2.06299638545334
"ARG","Argentina","Latin America & Caribbean ","Upper middle income",2000,4.915412,16,84.47463,0.768433,27.4253,-0.78899893905691,NA
"ARG","Argentina","Latin America & Caribbean ","Upper middle income",2001,6.02341,13.1,84.8335,0.263538,23.75952,-4.40883968258557,NA
"ARG","Argentina","Latin America & Caribbean ","Upper middle income",2002,5.348983,18.1,66.67413,-6.572157,22.67097,-10.8944848285903,NA
"ARG","Argentina","Latin America & Caribbean ","Upper middle income",2003,3.198451,17.700001,46.14908,-3.446643,23.01494,8.83704079576924,NA
"ARG","Argentina","Latin America & Caribbean ","Upper middle income",2004,4.843886,10.7,44.5161,-0.4588111,21.34349,9.02957330068152,NA
"ARG","Argentina","Latin America & Caribbean ","Upper middle income",2005,5.822709,5.1999998,49.25088,0.8764148,21.15076,8.85165992013437,NA
"ARG","Argentina","Latin America & Caribbean ","Upper middle income",2006,6.632442,3.4000001,56.16525,1.721297,20.53297,8.04715150043027,NA
"ARG","Argentina","Latin America & Caribbean ","Upper middle income",2007,6.463908,2.7,61.86273,1.671448,20.38741,9.00765087504757,NA
"ARG","Argentina","Latin America & Caribbean ","Upper middle income",2008,6.305019,3.0999999,69.34873,1.925313,17.04823,4.05723310346406,NA
"ARG","Argentina","Latin America & Caribbean ","Upper middle income",2009,7.069361,3.5,65.1235,3.435282,18.42547,-5.91852507634947,NA
"ARG","Argentina","Latin America & Caribbean ","Upper middle income",2010,7.177739,2.1170229,66.57224,3.479692,18.47964,10.1253981561002,NA
"ARG","Argentina","Latin America & Caribbean ","Upper middle income",2011,7.025817,1.3955984,77.87972,4.06475,17.38624,6.00395169280579,NA
"ARG","Argentina","Latin America & Caribbean ","Upper middle income",2012,7.497633,1.7345487,76.76775,4.314581,19.13465,-1.0264204544321,NA
"ARG","Argentina","Latin America & Caribbean ","Upper middle income",2013,7.65534,1.7325824,78.1691,4.30008,19.42729,2.40532378079436,NA
"ARG","Argentina","Latin America & Caribbean ","Upper middle income",2014,8.4206,1.9900644,71.42828,5.371531,18.85372,-2.51261532081394,NA
"ARG","Argentina","Latin America & Caribbean ","Upper middle income",2015,8.448619,1.7368418,68.71815,4.09419,20.49133,2.73115982828944,NA
"ARG","Argentina","Latin America & Caribbean ","Upper middle income",2016,7.426713,1.8366055,60.38981,5.021817,21.89971,-2.08032784377811,NA
"ARG","Argentina","Latin America & Caribbean ","Upper middle income",2017,7.50613,1.8303637,70.41665,3.741078,21.84118,2.81850297775918,NA
"ARG","Argentina","Latin America & Caribbean ","Upper middle income",2018,7.21939,3.1085722,NA,3.491434,NA,-2.61739646282038,34.2772237131003
"ARG","Argentina","Latin America & Caribbean ","Upper middle income",2019,9.317062,5.7484931,NA,5.21243,NA,-2.00086100285785,53.5483043492339
"ARG","Argentina","Latin America & Caribbean ","Upper middle income",2020,9.249464,3.8612578,NA,3.489372,NA,-9.9004848136464,42.0150947376509
"ARG","Argentina","Latin America & Caribbean ","Upper middle income",2021,9.083421,NA,NA,2.050645,NA,10.4418119882506,48.4093786255199
"ARM","Armenia","Europe & Central Asia","Upper middle income",2000,9.300473,17.5,111.3099,0.6590719,8.920513,5.90000000312092,-0.790883768934757
"ARM","Armenia","Europe & Central Asia","Upper middle income",2001,10.76747,NA,95.06638,0.6536459,7.90273,9.59999999927597,3.1459046468502
"ARM","Armenia","Europe & Central Asia","Upper middle income",2002,15.34415,9.8999996,74.49761,2.839615,9.026091,13.1999999979356,1.06004929341667
"ARM","Armenia","Europe & Central Asia","Upper middle income",2003,13.69358,5.4000001,64.90103,2.829343,8.686297,14.0000000015501,4.7215533660534
"ARM","Armenia","Europe & Central Asia","Upper middle income",2004,17.28432,2.0999999,70.1206,4.317928,9.783193,10.4999999988202,6.96126135875795
"ARM","Armenia","Europe & Central Asia","Upper middle income",2005,21.59167,1.9,80.75019,3.808463,9.830217,13.8999999991133,0.638928002410097
"ARM","Armenia","Europe & Central Asia","Upper middle income",2006,22.71038,2.4000001,84.98064,4.943709,10.28022,13.1999999994661,2.89235662459004
"ARM","Armenia","Europe & Central Asia","Upper middle income",2007,21.75204,2.4000001,116.5103,4.299541,11.56925,13.7000000015467,4.40736089644516
"ARM","Armenia","Europe & Central Asia","Upper middle income",2008,23.90477,4.3000002,161.0035,3.889499,10.9683,6.90000000042959,8.94995335353387
"ARM","Armenia","Europe & Central Asia","Upper middle income",2009,18.67494,4.9000001,143.37,1.290477,16.89125,-14.1000000006998,3.40676682683801
"ARM","Armenia","Europe & Central Asia","Upper middle income",2010,20.03384,3.0414113,161.2625,2.576212,17.15008,2.2000000002151,8.17636138473952
"ARM","Armenia","Europe & Central Asia","Upper middle income",2011,17.66952,3.4210915,168.0856,2.342858,20.40175,4.69999999867412,7.65000807859294
"ARM","Armenia","Europe & Central Asia","Upper middle income",2012,16.44,3.6692222,172.8487,2.246142,22.48065,7.20000000096486,2.55802007757907
"ARM","Armenia","Europe & Central Asia","Upper middle income",2013,15.40515,4.4853389,161.6799,1.908619,25.408,3.3,5.78966778544651
"ARM","Armenia","Europe & Central Asia","Upper middle income",2014,13.38436,6.9697504,172.5044,1.16731,27.37659,3.60000000058993,2.98130868933672
"ARM","Armenia","Europe & Central Asia","Upper middle income",2015,13.70702,7.9497167,145.8335,0.5148361,29.89857,3.19999999896625,3.73169119261693
"ARM","Armenia","Europe & Central Asia","Upper middle income",2016,14.90953,6.7241113,132.0816,1.299793,34.99961,0.199999999825991,-1.403607559009
"ARM","Armenia","Europe & Central Asia","Upper middle income",2017,14.88844,5.4323178,128.7801,0.9670757,37.92698,7.50000000164144,0.969553268816138
"ARM","Armenia","Europe & Central Asia","Upper middle income",2018,14.4391,4.7543983,140.9845,1.557655,37.32541,5.19999999965324,2.52023382001638
"ARM","Armenia","Europe & Central Asia","Upper middle income",2019,14.2648,5.5066658,147.577,1.825862,38.85471,7.59999999853918,1.44344660770698
"ARM","Armenia","Europe & Central Asia","Upper middle income",2020,12.8254,6.5548157,160.5057,1.091094,43.03131,-7.19999999920631,1.21143577838465
"ARM","Armenia","Europe & Central Asia","Upper middle income",2021,12.31924,NA,131.7701,0.8927863,44.77929,5.80000000065645,7.18483629443371
"ABW","Aruba","Latin America & Caribbean ","High income",2000,NA,NA,93.62502,NA,47.85699,7.62292064930222,4.04402131190512
"ABW","Aruba","Latin America & Caribbean ","High income",2001,NA,NA,93.45628,NA,49.85022,4.1820016304779,2.88360430316263
"ABW","Aruba","Latin America & Caribbean ","High income",2002,NA,NA,94.17749,NA,53.92677,-0.944953481157384,3.31524678585423
"ABW","Aruba","Latin America & Caribbean ","High income",2003,NA,NA,96.46764,NA,57.02629,1.11050459944282,3.65636507938418
"ABW","Aruba","Latin America & Caribbean ","High income",2004,NA,NA,97.64754,NA,53.03474,7.29372807096192,2.52912946932762
"ABW","Aruba","Latin America & Caribbean ","High income",2005,NA,NA,100.8612,NA,53.6046,-0.383137672063768,3.39778677828805
"ABW","Aruba","Latin America & Caribbean ","High income",2006,NA,NA,102.6946,NA,52.46921,1.12741146411624,3.60802438784541
"ABW","Aruba","Latin America & Caribbean ","High income",2007,NA,NA,103.7333,NA,49.86539,3.0895443848509,5.39256784475516
"ABW","Aruba","Latin America & Caribbean ","High income",2008,NA,NA,91.87391,NA,55.13926,1.83575517191368,8.95598705177784
"ABW","Aruba","Latin America & Caribbean ","High income",2009,NA,NA,85.5248,NA,65.35717,-11.6777413693852,-2.13542872046937
"ABW","Aruba","Latin America & Caribbean ","High income",2010,NA,NA,86.70889,NA,67.81293,-2.73345679250639,2.07814071860786
"ABW","Aruba","Latin America & Caribbean ","High income",2011,NA,NA,89.28773,NA,62.99598,3.36923718421511,4.31629742195203
"ABW","Aruba","Latin America & Caribbean ","High income",2012,NA,NA,85.37672,NA,68.74087,-1.04079988436683,0.627471992893372
"ABW","Aruba","Latin America & Caribbean ","High income",2013,NA,NA,93.9272,NA,62.98694,6.43146080719245,-2.37206524252261
"ABW","Aruba","Latin America & Caribbean ","High income",2014,NA,NA,92.64525,NA,65.01788,1.42609951155575,0.421440918881214
"ABW","Aruba","Latin America & Caribbean ","High income",2015,NA,NA,84.26423,NA,67.19653,3.61147906591042,0.474763597342641
"ABW","Aruba","Latin America & Caribbean ","High income",2016,NA,NA,77.97427,NA,73.38168,1.23433537363427,-0.93119598707956
"ABW","Aruba","Latin America & Caribbean ","High income",2017,NA,NA,79.76316,NA,71.77642,3.49342985290626,-1.02828178762012
"ABW","Aruba","Latin America & Caribbean ","High income",2018,NA,NA,79.75225,NA,71.7943,3.21247111920076,3.6260414135296
"ABW","Aruba","Latin America & Caribbean ","High income",2019,NA,NA,82.34886,NA,80.60335,1.22914408896015,4.25746204335427
"AUS","Australia","East Asia & Pacific","High income",2000,10.741,0.5,138.016,0.9274855,61.20855,3.9160574881715,4.45743705920869
"AUS","Australia","East Asia & Pacific","High income",2001,9.112912,0.60000002,130.7693,-0.5973473,65.48318,2.03145880248898,4.40712998561533
"AUS","Australia","East Asia & Pacific","High income",2002,13.33809,0.40000001,136.4595,0.7134161,64.64081,3.94980535772942,2.98157117047457
"AUS","Australia","East Asia & Pacific","High income",2003,17.38322,0.30000001,139.053,1.257572,68.97218,3.0912800997751,2.73259754838937
"AUS","Australia","East Asia & Pacific","High income",2004,NA,0.2,138.5544,NA,71.54565,4.21894147547516,2.34325687131265
"AUS","Australia","East Asia & Pacific","High income",2005,9.890554,0.60000002,144.2296,NA,72.17911,3.15548121323168,2.69182949622197
"AUS","Australia","East Asia & Pacific","High income",2006,17.30745,0.60000002,141.537,2.815032,77.21548,2.7709261737475,3.55528696972984
"AUS","Australia","East Asia & Pacific","High income",2007,14.83043,0.60000002,126.8457,1.477672,92.80511,3.78947119882653,2.32761442623159
"AUS","Australia","East Asia & Pacific","High income",2008,13.71019,1.3,124.72,1.056547,97.17364,3.62398503565633,4.35029726664093
"AUS","Australia","East Asia & Pacific","High income",2009,14.8441,2,133.1289,0.8498641,95.52926,1.95484826298522,1.77112025681656
"AUS","Australia","East Asia & Pacific","High income",2010,15.33082,2.1485613,127.4613,1.146467,96.82464,2.21004795300735,2.9183370211222
"AUS","Australia","East Asia & Pacific","High income",2011,14.39567,1.9683863,124.9553,1.17376,97.26168,2.39473494330615,3.30384784681081
"AUS","Australia","East Asia & Pacific","High income",2012,13.89547,1.7018915,122.0985,1.073157,100.9846,3.95247138119184,1.76278299052228
"AUS","Australia","East Asia & Pacific","High income",2013,13.73787,1.3651749,137.2701,1.079397,89.02343,2.65445302592404,2.44988248109259
"AUS","Australia","East Asia & Pacific","High income",2014,13.48903,1.0138445,138.7739,1.168866,91.76347,2.60118978187332,2.48792932080492
"AUS","Australia","East Asia & Pacific","High income",2015,13.33152,0.8887255,119.0935,1.030748,114.2654,2.16434780647852,1.50836803138463
"AUS","Australia","East Asia & Pacific","High income",2016,12.99751,0.94767635,139.7372,NA,99.57438,2.75564065529868,1.27699365720306
"AUS","Australia","East Asia & Pacific","High income",2017,13.63942,0.85701375,138.799,NA,98.81499,2.29331030192918,1.94864309065653
"AUS","Australia","East Asia & Pacific","High income",2018,13.97005,0.90185519,140.488,1.076779,96.86491,2.87417039499501,1.91140002818579
"AUS","Australia","East Asia & Pacific","High income",2019,13.46988,0.96149316,133.4108,0.8148046,99.6646,2.19401703622717,1.610770929127
"AUS","Australia","East Asia & Pacific","High income",2020,13.24647,1.1077827,119.9179,0.5752516,119.3671,-0.133531904304775,0.846900734607273
"AUS","Australia","East Asia & Pacific","High income",2021,14.14526,NA,118.617,0.8739941,112.089,2.00694844335034,2.86391284709318
"AUT","Austria","Europe & Central Asia","High income",2000,19.72025,2.4000001,NA,0.3522103,NA,3.18952292988787,2.34486285357281
"AUT","Austria","Europe & Central Asia","High income",2001,16.91526,NA,149.2139,0.4573367,59.85461,1.31698749571339,2.65000077279529
"AUT","Austria","Europe & Central Asia","High income",2002,18.45342,3,148.1322,0.4597464,59.45619,1.48436877605324,1.81035787764129
"AUT","Austria","Europe & Central Asia","High income",2003,22.30898,3,140.2597,0.6208176,62.35132,1.14156504542775,1.35555370896445
"AUT","Austria","Europe & Central Asia","High income",2004,20.84649,2.7,139.5746,0.6699265,62.64009,2.56525534067859,2.0612061803287
"AUT","Austria","Europe & Central Asia","High income",2005,21.3399,2.5999999,140.9141,0.4035766,66.70157,2.32036514266782,2.29913785639286
"AUT","Austria","Europe & Central Asia","High income",2006,24.19893,2.7,137.1406,0.6530805,68.62267,3.26933601506059,1.44154851119017
"AUT","Austria","Europe & Central Asia","High income",2007,39.46163,2.2,121.6259,0.5413629,76.13723,3.77522468729185,2.16855528800757
"AUT","Austria","Europe & Central Asia","High income",2008,23.25911,1.9,117.3827,-0.5971534,81.35735,1.45330562142114,3.2159503323988
"AUT","Austria","Europe & Central Asia","High income",2009,35.85314,2.3,120.3701,0.1634185,80.91889,-3.58626472551299,0.506308827696504
"AUT","Austria","Europe & Central Asia","High income",2010,23.39857,2.8307172,125.3712,0.4498059,78.3188,1.80898243043663,1.81353438995062
"AUT","Austria","Europe & Central Asia","High income",2011,23.6625,2.7068155,123.5069,0.7882965,77.50291,2.92746800169145,3.2865791487538
"AUT","Austria","Europe & Central Asia","High income",2012,22.59156,2.8133648,121.1571,0.4053165,77.47205,0.628246239479637,2.48567562177015
"AUT","Austria","Europe & Central Asia","High income",2013,27.50797,2.8665417,117.4628,0.4940038,78.45667,-0.250726423318454,2.00015616900597
"AUT","Austria","Europe & Central Asia","High income",2014,26.82064,3.4733743,110.1256,0.5075889,79.16259,0.755798850316665,1.60581182954474
"AUT","Austria","Europe & Central Asia","High income",2015,30.07913,3.3928373,106.0136,0.8803281,80.6018,1.30352331826198,0.89656333526032
"AUT","Austria","Europe & Central Asia","High income",2016,32.52342,2.6952174,100.4544,0.7039142,82.47103,2.11721964494312,0.891591752655362
"AUT","Austria","Europe & Central Asia","High income",2017,34.54782,2.3688954,100.2899,0.7824979,83.49722,2.27224992038207,2.08126911385587
"AUT","Austria","Europe & Central Asia","High income",2018,35.68405,1.8824286,98.02511,0.8157677,85.72352,2.48422114080024,1.99837981429549
"AUT","Austria","Europe & Central Asia","High income",2019,36.66615,1.6286214,98.74014,0.7070545,86.65724,1.75497619649288,1.53089564152644
"AUT","Austria","Europe & Central Asia","High income",2020,31.84211,1.576781,93.1756,0.224731,99.77829,-6.31825509209936,1.38191063351854
"AUT","Austria","Europe & Central Asia","High income",2021,30.90653,NA,95.2787,0.8326312,98.20541,4.92309171717903,2.7666666666667
"AZE","Azerbaijan","Europe & Central Asia","Upper middle income",2000,7.194723,NA,55.86052,0,10.35141,11.0999991434346,1.80500303704356
"AZE","Azerbaijan","Europe & Central Asia","Upper middle income",2001,8.162265,NA,71.33097,-2.65308,7.274234,9.89999986533643,1.5471959015228
"AZE","Azerbaijan","Europe & Central Asia","Upper middle income",2002,8.309203,NA,76.27434,3.549956,7.131471,9.43891626906561,2.7711647199827
"AZE","Azerbaijan","Europe & Central Asia","Upper middle income",2003,7.839641,NA,86.16708,2.997587,7.966603,10.2082994004776,2.23386492967049
"AZE","Azerbaijan","Europe & Central Asia","Upper middle income",2004,6.625474,NA,80.82589,4.077946,11.21319,9.25380179728907,6.70893042797786
"AZE","Azerbaijan","Europe & Central Asia","Upper middle income",2005,7.214814,NA,94.77576,4.441825,9.602674,27.9615381082131,9.6795073191705
"AZE","Azerbaijan","Europe & Central Asia","Upper middle income",2006,5.680375,NA,106.303,3.707961,10.6011,34.4662096226792,8.32892482863209
"AZE","Azerbaijan","Europe & Central Asia","Upper middle income",2007,5.970307,NA,129.9359,4.012171,10.53083,25.4632157314482,16.6997549618244
"AZE","Azerbaijan","Europe & Central Asia","Upper middle income",2008,5.156958,NA,146.3437,2.431107,10.30817,10.591437462476,20.8490871772712
"AZE","Azerbaijan","Europe & Central Asia","Upper middle income",2009,5.352072,3.5,158.4947,1.468673,11.7887,9.36950260277183,1.45704835970321
"AZE","Azerbaijan","Europe & Central Asia","Upper middle income",2010,4.935725,4.6799998,148.8066,0.8416431,11.66878,4.78883248761557,5.72687224669605
"AZE","Azerbaijan","Europe & Central Asia","Upper middle income",2011,4.435929,6,133.8522,0.3309209,12.84193,-1.5729973511111,7.8583333333334
"AZE","Azerbaijan","Europe & Central Asia","Upper middle income",2012,5.090334,5.6799998,145.3958,1.204048,13.5728,2.20293891708398,1.06621339720303
"AZE","Azerbaijan","Europe & Central Asia","Upper middle income",2013,5.775506,4.4899998,170.2512,1.756918,14.757,5.84341590483928,2.41571745279419
"AZE","Azerbaijan","Europe & Central Asia","Upper middle income",2014,6.574747,4.3800001,168.6363,2.289011,17.96975,2.79758521448559,1.37344181533176
"AZE","Azerbaijan","Europe & Central Asia","Upper middle income",2015,1.471681,5.25,127.2348,-3.781599,30.1953,1.04954641215085,4.02768573742726
"AZE","Azerbaijan","Europe & Central Asia","Upper middle income",2016,3.811226,NA,132.3969,-8.266294,23.9799,-3.06359842251706,12.4433748584372
"AZE","Azerbaijan","Europe & Central Asia","Upper middle income",2017,5.979235,NA,99.3254,3.715131,21.29025,0.153614661745507,12.9359184187335
"AZE","Azerbaijan","Europe & Central Asia","Upper middle income",2018,5.460769,NA,97.15614,2.797762,20.24986,1.50040167167313,2.26854690373999
"AZE","Azerbaijan","Europe & Central Asia","Upper middle income",2019,5.426664,NA,93.7495,2.953778,23.34538,2.47980879185565,2.61057182799215
"AZE","Azerbaijan","Europe & Central Asia","Upper middle income",2020,5.39014,NA,98.69848,2.324163,25.40542,-4.19896065333343,2.75980947008127
"AZE","Azerbaijan","Europe & Central Asia","Upper middle income",2021,4.744682,NA,86.35897,2.33233,25.51517,5.61644027150554,6.65029912708779
"BHS","Bahamas, The","Latin America & Caribbean ","High income",2000,16.78018,NA,106.4548,3.830065,40.8384,4.14841930754267,1.60632941740579
"BHS","Bahamas, The","Latin America & Caribbean ","High income",2001,12.56632,NA,108.8317,2.436415,41.77771,2.62600982683425,2.04498977505121
"BHS","Bahamas, The","Latin America & Caribbean ","High income",2002,8.617843,NA,109.7272,1.006395,40.283,2.70495624731029,2.17357792508093
"BHS","Bahamas, The","Latin America & Caribbean ","High income",2003,12.3267,NA,106.3323,2.218752,41.85641,-1.26491667612372,3.02504526252236
"BHS","Bahamas, The","Latin America & Caribbean ","High income",2004,15.67533,NA,103.5966,1.242289,44.76722,0.882373744518318,0.981914036757662
"BHS","Bahamas, The","Latin America & Caribbean ","High income",2005,15.83393,NA,106.9434,2.179962,45.69753,3.39608420536011,1.59160618079802
"BHS","Bahamas, The","Latin America & Caribbean ","High income",2006,16.76722,NA,115.7494,2.847641,47.64316,2.51659221712706,2.38982627439254
"BHS","Bahamas, The","Latin America & Caribbean ","High income",2007,19.19035,NA,115.2676,3.096885,50.56251,1.44609991235758,2.49257794939396
"BHS","Bahamas, The","Latin America & Caribbean ","High income",2008,18.74547,NA,114.6988,1.708251,53.94928,-2.32364807041851,4.4895599537506
"BHS","Bahamas, The","Latin America & Caribbean ","High income",2009,21.49363,NA,113.7681,2.262904,57.86839,-4.17542805647342,2.06273473452682
"BHS","Bahamas, The","Latin America & Caribbean ","High income",2010,20.05996,NA,110.2883,1.234942,58.88211,1.53866248693835,1.34402738392836
"BHS","Bahamas, The","Latin America & Caribbean ","High income",2011,15.20251,NA,109.3562,1.713912,60.19892,0.613170735890648,3.1987814166032
"BHS","Bahamas, The","Latin America & Caribbean ","High income",2012,17.84337,NA,109.884,2.613275,56.13358,4.52003886739061,1.97336755976254
"BHS","Bahamas, The","Latin America & Caribbean ","High income",2013,17.16841,NA,106.9808,0.3766611,57.18806,-2.86320081549439,0.722414784530551
"BHS","Bahamas, The","Latin America & Caribbean ","High income",2014,12.99366,NA,106.0587,-2.014377,54.14372,1.8469701294558,1.51375643050831
"BHS","Bahamas, The","Latin America & Caribbean ","High income",2015,15.2718,NA,105.2918,1.473286,51.04531,0.997411675486745,1.86148302863371
"BHS","Bahamas, The","Latin America & Caribbean ","High income",2016,16.34087,NA,93.70252,1.731531,53.66023,-1.15650811269629,-0.346376929989397
"BHS","Bahamas, The","Latin America & Caribbean ","High income",2017,17.4459,NA,89.72364,2.068506,53.71826,3.3713988456489,1.51820700736147
"BHS","Bahamas, The","Latin America & Caribbean ","High income",2018,17.77508,NA,86.79906,2.509665,56.56495,2.39795510823548,2.26586346678736
"BHS","Bahamas, The","Latin America & Caribbean ","High income",2019,15.69522,NA,76.47356,2.521128,60.85236,-0.838585871193203,2.49123527368046
"BHS","Bahamas, The","Latin America & Caribbean ","High income",2020,13.54524,NA,75.68644,0.6225145,81.92503,-20.0893664891399,0.0385210980054558
"BHS","Bahamas, The","Latin America & Caribbean ","High income",2021,13.22551,NA,NA,1.739127,NA,17.5861390037409,2.90491262928478
"BHR","Bahrain","Middle East, North Africa, Afghanistan & Pakistan","High income",2000,6.692049,NA,68.69184,1.108917,58.97607,5.30006940305884,-0.70485295309079
"BHR","Bahrain","Middle East, North Africa, Afghanistan & Pakistan","High income",2001,7.307202,NA,64.36063,1.395426,64.97081,2.49094875338352,-1.20757180156659
"BHR","Bahrain","Middle East, North Africa, Afghanistan & Pakistan","High income",2002,6.470577,NA,69.50542,0.8602809,64.0789,3.34855067103268,-0.495540138751154
"BHR","Bahrain","Middle East, North Africa, Afghanistan & Pakistan","High income",2003,7.14716,NA,68.44196,1.331627,61.54916,6.29644129075703,1.59362549800787
"BHR","Bahrain","Middle East, North Africa, Afghanistan & Pakistan","High income",2004,8.616148,NA,81.63857,1.975244,53.82614,6.98096175867695,2.35294117647062
"BHR","Bahrain","Middle East, North Africa, Afghanistan & Pakistan","High income",2005,10.23804,NA,80.24402,3.336776,54.43937,6.76899737789502,2.58620689655173
"BHR","Bahrain","Middle East, North Africa, Afghanistan & Pakistan","High income",2006,7.252863,NA,83.46253,1.271674,53.76995,6.4669995195042,2.00746965452849
"BHR","Bahrain","Middle East, North Africa, Afghanistan & Pakistan","High income",2007,7.579107,NA,82.16117,0.6765785,64.651,8.29396129093843,3.25666666666703
"BHR","Bahrain","Middle East, North Africa, Afghanistan & Pakistan","High income",2008,8.399101,2.3,98.04623,1.216329,65.49303,6.24501094995797,3.52600316363721
"BHR","Bahrain","Middle East, North Africa, Afghanistan & Pakistan","High income",2009,7.275926,3.9000001,91.25959,0.4977113,78.27917,2.53988570158225,2.79551283550412
"BHR","Bahrain","Middle East, North Africa, Afghanistan & Pakistan","High income",2010,7.530514,5.0999999,88.0049,0.945319,76.92442,4.3342989754845,1.96188468334623
"BHR","Bahrain","Middle East, North Africa, Afghanistan & Pakistan","High income",2011,7.201674,4.9000001,98.64594,1.226788,70.50736,1.92815791170796,-0.40004069748808
"BHR","Bahrain","Middle East, North Africa, Afghanistan & Pakistan","High income",2012,7.485067,5.8374729,100.1754,1.502659,69.02242,3.80302899043062,2.75739669962979
"BHR","Bahrain","Middle East, North Africa, Afghanistan & Pakistan","High income",2013,8.06957,5.5958228,97.94437,1.98656,71.09186,5.29262224906203,3.30001156888442
"BHR","Bahrain","Middle East, North Africa, Afghanistan & Pakistan","High income",2014,8.107829,4.6209617,86.57893,1.673946,73.78102,4.30885692657077,2.64755321246189
"BHR","Bahrain","Middle East, North Africa, Afghanistan & Pakistan","High income",2015,8.311663,4.4071999,90.64584,1.265462,81.52178,2.50787205267615,1.84862742374977
"BHR","Bahrain","Middle East, North Africa, Afghanistan & Pakistan","High income",2016,8.660233,NA,NA,1.333447,NA,3.81499327422425,2.78679347602044
"BHR","Bahrain","Middle East, North Africa, Afghanistan & Pakistan","High income",2017,8.824603,NA,NA,1.393379,NA,4.95383534123657,1.38671830576406
"BHR","Bahrain","Middle East, North Africa, Afghanistan & Pakistan","High income",2018,8.34296,NA,NA,1.148978,NA,2.05258864979861,2.08766938046978
"BHR","Bahrain","Middle East, North Africa, Afghanistan & Pakistan","High income",2019,8.855496,NA,NA,1.379434,NA,2.05287774418655,1.00582004702137
"BHR","Bahrain","Middle East, North Africa, Afghanistan & Pakistan","High income",2020,7.434731,NA,NA,0.2640835,NA,-5.9113629524152,-2.31770629331379
"BHR","Bahrain","Middle East, North Africa, Afghanistan & Pakistan","High income",2021,7.814275,NA,NA,0.9502778,NA,4.35004091668986,-0.60631938514085
"BGD","Bangladesh","South Asia","Lower middle income",2000,13.40177,34.900002,81.74404,1.935551,25.66441,5.29329471892532,2.20825620937535
"BGD","Bangladesh","South Asia","Lower middle income",2001,12.52023,31.5,65.91986,2.666422,35.84621,5.07728777526728,2.0071737421384
"BGD","Bangladesh","South Asia","Lower middle income",2002,12.44567,28.1,66.58377,3.142716,38.51483,3.83312393993225,3.33256493271913
"BGD","Bangladesh","South Asia","Lower middle income",2003,12.50606,22.1,63.73407,2.433995,40.26582,4.73956739963045,5.66870773441476
"BGD","Bangladesh","South Asia","Lower middle income",2004,16.45143,17.5,66.01543,2.729564,41.41428,5.23953291029852,7.5875363850469
"BGD","Bangladesh","South Asia","Lower middle income",2005,15.51674,NA,67.13229,2.499536,42.93893,6.53594493875502,7.04661816222039
"BGD","Bangladesh","South Asia","Lower middle income",2006,15.58964,NA,68.73873,2.946449,44.9175,6.67190498576788,6.76526117054757
"BGD","Bangladesh","South Asia","Lower middle income",2007,16.64915,NA,70.41162,3.618689,45.14507,7.05859935449848,9.10698496905383
"BGD","Bangladesh","South Asia","Lower middle income",2008,15.68386,NA,73.64589,2.805737,45.92002,6.01378975738535,8.90194489465154
"BGD","Bangladesh","South Asia","Lower middle income",2009,16.5795,NA,85.76065,3.950528,41.96027,5.04512479919337,5.42347236174679
"BGD","Bangladesh","South Asia","Lower middle income",2010,20.10011,NA,90.77443,4.542821,44.91123,5.57178818533122,8.12667639169917
"BGD","Bangladesh","South Asia","Lower middle income",2011,19.36574,5.8490015,89.57307,3.482692,47.17822,6.46437912497728,11.3951651552399
"BGD","Bangladesh","South Asia","Lower middle income",2012,15.32456,9.7280756,87.06731,2.157728,49.13249,6.52145877906443,6.21750422069284
"BGD","Bangladesh","South Asia","Lower middle income",2013,17.39595,8.6418517,82.90532,2.546866,50.15551,6.01360565834344,7.53040640913172
"BGD","Bangladesh","South Asia","Lower middle income",2014,16.54761,9.3651694,85.16569,1.808301,51.09233,6.0610593588495,6.99163889220849
"BGD","Bangladesh","South Asia","Lower middle income",2015,17.40561,8.3979043,86.48834,1.543575,51.11006,6.55263987816197,6.19428022984984
"BGD","Bangladesh","South Asia","Lower middle income",2016,14.90764,8.8585256,89.3372,1.149449,50.47702,7.11347821270093,5.51352572692995
"BGD","Bangladesh","South Asia","Lower middle income",2017,14.76704,8.8956601,97.16288,1.354925,48.79554,6.59024999794057,5.70207015717239
"BGD","Bangladesh","South Asia","Lower middle income",2018,14.11607,9.8873297,100.08,1.260396,46.7331,7.31941263014136,5.54362139486476
"BGD","Bangladesh","South Asia","Lower middle income",2019,14.0125,8.9021334,97.03912,1.267889,46.53048,7.88191515117722,5.59199639930629
"BGD","Bangladesh","South Asia","Lower middle income",2020,13.64848,7.7375487,92.61987,1.099303,48.76784,3.44801755122445,5.69107474746211
"BGD","Bangladesh","South Asia","Lower middle income",2021,12.7788,NA,94.89819,0.9640507,41.05363,6.93867912442445,5.54565430773473
"BRB","Barbados","Latin America & Caribbean ","High income",2000,16.32253,NA,79.71591,0.5861665,60.09103,4.44718949183194,2.43581303489138
"BRB","Barbados","Latin America & Caribbean ","High income",2001,NA,NA,69.32727,NA,82.41775,-2.36546415544167,2.57783490431288
"BRB","Barbados","Latin America & Caribbean ","High income",2002,NA,NA,61.54026,NA,93.57251,0.787401645449506,0.12524945805602
"BRB","Barbados","Latin America & Caribbean ","High income",2003,NA,NA,62.3862,NA,95.063,2.175481019956,1.61943319838054
"BRB","Barbados","Latin America & Caribbean ","High income",2004,NA,NA,65.30513,NA,98.47265,1.411597864066,1.39442231075691
"BRB","Barbados","Latin America & Caribbean ","High income",2005,NA,NA,67.31075,NA,104.0113,3.95545709487497,6.08218729535043
"BRB","Barbados","Latin America & Caribbean ","High income",2006,NA,NA,71.64812,NA,97.42944,6.07054679359618,7.3076626282894
"BRB","Barbados","Latin America & Caribbean ","High income",2007,12.62737,NA,63.28061,NA,111.907,2.07918360507011,4.0342298288507
"BRB","Barbados","Latin America & Caribbean ","High income",2008,14.88858,NA,67.67946,2.75132,111.7023,0.633460425791839,8.1081081081078
"BRB","Barbados","Latin America & Caribbean ","High income",2009,16.16634,NA,70.57799,2.245249,115.7696,-5.01727544996282,3.64386189258337
"BRB","Barbados","Latin America & Caribbean ","High income",2010,16.24163,NA,NA,1.707981,NA,-8.08072121134387,5.82421853311866
"BRB","Barbados","Latin America & Caribbean ","High income",2011,14.8103,NA,NA,0.8115533,NA,-0.074211165126286,9.4322024017722
"BRB","Barbados","Latin America & Caribbean ","High income",2012,16.24925,NA,87.18014,0.8478788,98.95639,-2.85797051387257,4.53334753888775
"BRB","Barbados","Latin America & Caribbean ","High income",2013,17.49197,NA,82.56462,1.765595,103.9642,0.195322007310409,1.81410436049096
"BRB","Barbados","Latin America & Caribbean ","High income",2014,18.66439,NA,79.13127,1.681132,105.1426,0.807325350394564,1.76950322089729
"BRB","Barbados","Latin America & Caribbean ","High income",2015,16.59562,NA,75.74393,1.198188,108.9389,-0.772620078410995,-1.11278992510958
"BRB","Barbados","Latin America & Caribbean ","High income",2016,17.0683,NA,73.79472,1.485375,108.7425,1.41632446821541,1.28192813061895
"BRB","Barbados","Latin America & Caribbean ","High income",2017,14.93573,NA,75.2421,1.351655,109.9578,0.654655602860373,4.66018463955995
"BRB","Barbados","Latin America & Caribbean ","High income",2018,NA,NA,75.14576,NA,111.7019,-0.252085325827849,3.1060057242059
"BRB","Barbados","Latin America & Caribbean ","High income",2019,NA,NA,73.03434,NA,111.1238,0.241099789148677,1.67662473276988
"BLR","Belarus","Europe & Central Asia","Upper middle income",2000,37.27287,10.8,NA,3.226349,NA,5.80000327485702,168.620235850933
"BLR","Belarus","Europe & Central Asia","Upper middle income",2001,30.72357,14.9,NA,2.82511,NA,4.72530605111095,61.1349331618477
"BLR","Belarus","Europe & Central Asia","Upper middle income",2002,26.32299,9,NA,2.13616,NA,5.04526758311702,42.5375481348794
"BLR","Belarus","Europe & Central Asia","Upper middle income",2003,50.86295,3.7,NA,2.287237,NA,7.04319246586394,28.3978399133474
"BLR","Belarus","Europe & Central Asia","Upper middle income",2004,42.82338,2.8,NA,3.863313,NA,11.4497432088167,18.1082424937646
"BLR","Belarus","Europe & Central Asia","Upper middle income",2005,16.98633,3.0999999,NA,2.218837,NA,9.40000151584914,10.3388794457932
"BLR","Belarus","Europe & Central Asia","Upper middle income",2006,16.99513,2.8,NA,1.776075,NA,9.99999473022963,6.99712903535591
"BLR","Belarus","Europe & Central Asia","Upper middle income",2007,18.00818,1.9,NA,4.609415,NA,8.60000659811426,8.42675273505306
"BLR","Belarus","Europe & Central Asia","Upper middle income",2008,19.44077,1.7,NA,2.858156,NA,10.1999994860937,14.8378764828254
"BLR","Belarus","Europe & Central Asia","Upper middle income",2009,19.95628,4.1999998,148.2483,2.569594,23.8384,0.199995231733979,12.9456563410402
"BLR","Belarus","Europe & Central Asia","Upper middle income",2010,22.92909,3.5488043,161.7743,5.160212,25.24876,7.75001707500896,7.73574804312515
"BLR","Belarus","Europe & Central Asia","Upper middle income",2011,14.27075,4.1595958,116.1581,-0.3282385,32.0841,5.54997471638077,53.2286983118172
"BLR","Belarus","Europe & Central Asia","Upper middle income",2012,20.06017,5.501874,79.51144,2.826944,26.09104,1.70785253368828,59.2197360232519
"BLR","Belarus","Europe & Central Asia","Upper middle income",2013,20.09407,4.4473314,83.17686,1.916795,25.79155,0.998719299661161,18.3122610377873
"BLR","Belarus","Europe & Central Asia","Upper middle income",2014,19.87708,4.371304,83.27393,2.697272,26.55436,1.65112470228097,18.1195543526734
"BLR","Belarus","Europe & Central Asia","Upper middle income",2015,16.10306,6.834948,73.19592,1.568118,32.74408,-3.82957056812593,13.5344897649734
"BLR","Belarus","Europe & Central Asia","Upper middle income",2016,16.9789,12.791174,69.119,2.558832,31.36436,-2.5264464460425,11.8365807653497
"BLR","Belarus","Europe & Central Asia","Upper middle income",2017,18.70259,12.852194,68.02857,2.599401,32.70935,2.53218349471909,6.03183725177795
"BLR","Belarus","Europe & Central Asia","Upper middle income",2018,18.86887,5.0102862,75.81636,2.443972,30.45471,3.14919758275296,4.87230220550686
"BLR","Belarus","Europe & Central Asia","Upper middle income",2019,18.61382,4.6278781,77.87609,2.261303,31.08832,1.44645548204305,5.59815595039848
"BLR","Belarus","Europe & Central Asia","Upper middle income",2020,17.6692,4.8292427,89.4357,1.544155,29.19949,-0.672742918585868,5.54814357456519
"BLR","Belarus","Europe & Central Asia","Upper middle income",2021,17.12395,NA,91.5305,1.440786,26.90423,2.43886210234947,9.46028389623099
"BEL","Belgium","Europe & Central Asia","High income",2000,7.882141,2.8,NA,0.5573954,NA,3.71670510672588,2.544517761909
"BEL","Belgium","Europe & Central Asia","High income",2001,9.053119,2.9000001,81.73935,1.202995,81.10958,1.09960362419645,2.46925823086083
"BEL","Belgium","Europe & Central Asia","High income",2002,10.53425,3,77.43993,0.8477358,82.81538,1.70689430349601,1.64521436175361
"BEL","Belgium","Europe & Central Asia","High income",2003,9.520517,2.5999999,71.54395,0.8777453,87.40114,1.03795518162204,1.58896399970372
"BEL","Belgium","Europe & Central Asia","High income",2004,8.127186,2.3,67.77697,0.4826718,91.24317,3.57120671942319,2.09728311239316
"BEL","Belgium","Europe & Central Asia","High income",2005,7.126903,2,67.67215,0.4622605,93.97816,2.32173792911834,2.78143263670029
"BEL","Belgium","Europe & Central Asia","High income",2006,8.231667,1.7,69.44154,0.8251784,94.80335,2.55234087322462,1.79120770070454
"BEL","Belgium","Europe & Central Asia","High income",2007,9.921206,1.4,73.95049,0.2572407,92.5528,3.67692462515802,1.8230563002681
"BEL","Belgium","Europe & Central Asia","High income",2008,3.75745,1.7,67.44455,-1.808595,93.0509,0.446905130727231,4.48944420508404
"BEL","Belgium","Europe & Central Asia","High income",2009,7.360682,3.0999999,60.36342,-0.4954451,97.20815,-1.90644105515335,-0.0531456741254177
"BEL","Belgium","Europe & Central Asia","High income",2010,10.51593,2.7986106,57.69367,0.3993433,98.45267,2.71031150254662,2.18929920422458
"BEL","Belgium","Europe & Central Asia","High income",2011,9.672375,3.3023018,56.58163,0.1025303,97.94769,1.93115502411325,3.5320821072274
"BEL","Belgium","Europe & Central Asia","High income",2012,12.44705,3.7382545,54.50303,0.3533123,100.4309,0.215803612089744,2.83966343445899
"BEL","Belgium","Europe & Central Asia","High income",2013,14.23736,4.2449774,54.65023,0.4293199,103.2137,0.305494549070232,1.1130959402754
"BEL","Belgium","Europe & Central Asia","High income",2014,14.36594,4.1756921,54.31535,0.5741488,106.5811,1.76554038149924,0.340002833356922
"BEL","Belgium","Europe & Central Asia","High income",2015,15.67043,3.7893514,55.08627,0.7712743,110.0686,1.47416433731927,0.561429152790158
"BEL","Belgium","Europe & Central Asia","High income",2016,16.37894,3.4320333,57.05626,0.7021984,110.0422,1.19350273007754,1.97385264653163
"BEL","Belgium","Europe & Central Asia","High income",2017,18.16668,2.9247935,58.41023,1.011733,109.0978,1.47446761556785,2.12597086002616
"BEL","Belgium","Europe & Central Asia","High income",2018,17.78204,2.2682657,59.17992,0.8581766,111.9504,1.87796847383565,2.05316499865178
"BEL","Belgium","Europe & Central Asia","High income",2019,18.25408,2.0870692,60.3269,0.7924798,112.8722,2.4428900448156,1.43681956996438
"BEL","Belgium","Europe & Central Asia","High income",2020,16.52576,2.0699581,58.32838,0.4523464,126.7877,-4.7929839083518,0.740791812220344
"BEL","Belgium","Europe & Central Asia","High income",2021,15.4485,NA,58.83998,0.6199975,120.6499,6.25445686466593,2.44024851144084
"BLZ","Belize","Latin America & Caribbean ","Upper middle income",2000,NA,NA,85.10011,NA,47.99564,12.2406120663359,3.06743966930585
"BLZ","Belize","Latin America & Caribbean ","Upper middle income",2001,7.956817,NA,86.95452,NA,50.8513,4.99356206143864,3.65141786561502
"BLZ","Belize","Latin America & Caribbean ","Upper middle income",2002,9.580381,NA,96.71034,5.380711,49.01593,5.39907320663811,4.24026660688645
"BLZ","Belize","Latin America & Caribbean ","Upper middle income",2003,10.26626,NA,104.4083,5.817541,49.31928,9.66522679614125,2.31808274663101
"BLZ","Belize","Latin America & Caribbean ","Upper middle income",2004,11.24984,NA,102.5493,5.277889,52.19301,4.78066505273344,6.39443099742399
"BLZ","Belize","Latin America & Caribbean ","Upper middle income",2005,11.29285,NA,100.694,5.575599,53.25891,2.2191905367057,-1.1043104441191
"BLZ","Belize","Latin America & Caribbean ","Upper middle income",2006,11.32628,NA,98.1012,4.125616,56.49722,4.51145460193301,-7.11376771265014
"BLZ","Belize","Latin America & Caribbean ","Upper middle income",2007,12.01486,NA,97.95722,4.192872,62.22898,3.33939738340764,2.31808274642021
"BLZ","Belize","Latin America & Caribbean ","Upper middle income",2008,10.87529,NA,94.64729,4.057688,67.06809,-1.62747776449082,6.39443100250034
"BLZ","Belize","Latin America & Caribbean ","Upper middle income",2009,9.436426,NA,91.8998,2.546296,74.59431,-0.446709636828217,-1.10431044864355
"BLZ","Belize","Latin America & Caribbean ","Upper middle income",2010,NA,NA,89.9917,NA,70.18037,1.41741099233461,0.917977378808888
"BLZ","Belize","Latin America & Caribbean ","Upper middle income",2011,NA,NA,85.62078,NA,69.48018,-0.13007112300869,1.602056156402
"BLZ","Belize","Latin America & Caribbean ","Upper middle income",2012,NA,NA,78.98288,NA,73.88728,3.94389321816617,1.30058074547858
"BLZ","Belize","Latin America & Caribbean ","Upper middle income",2013,NA,NA,80.42799,NA,71.69941,4.06646561608865,0.50974776898322
"BLZ","Belize","Latin America & Caribbean ","Upper middle income",2014,NA,NA,78.23484,NA,73.01177,3.89226067249989,1.20139964481058
"BLZ","Belize","Latin America & Caribbean ","Upper middle income",2015,8.833839,NA,77.74592,1.611949,75.01041,2.7602602736023,-0.861584009427748
"BLZ","Belize","Latin America & Caribbean ","Upper middle income",2016,8.181306,NA,75.61404,2.342619,73.74876,-0.0187414958130319,0.663427167917601
"BLZ","Belize","Latin America & Caribbean ","Upper middle income",2017,10.25167,NA,76.73576,3.996924,70.32964,-1.83323729057784,1.14765339305816
"BLZ","Belize","Latin America & Caribbean ","Upper middle income",2018,10.3004,NA,76.91363,2.6804,69.99001,0.822068592512508,0.269982622646335
"BLZ","Belize","Latin America & Caribbean ","Upper middle income",2019,9.817226,NA,77.13693,2.795092,71.22198,4.25658710030072,0.187069385181424
"BLZ","Belize","Latin America & Caribbean ","Upper middle income",2020,6.773071,NA,72.52572,1.227815,90.88321,-13.5228997055506,0.121434644614894
"BLZ","Belize","Latin America & Caribbean ","Upper middle income",2021,NA,NA,65.63089,NA,98.18211,17.9899244143607,3.23563659237071
"BEN","Benin","Sub-Saharan Africa ","Lower middle income",2000,12.91856,NA,74.271,1.416049,10.45015,5.85771420543269,4.16540442290283
"BEN","Benin","Sub-Saharan Africa ","Lower middle income",2001,15.54226,NA,63.43969,2.851431,11.32045,5.33313570603937,3.98429547767893
"BEN","Benin","Sub-Saharan Africa ","Lower middle income",2002,14.74602,NA,68.4678,1.434353,11.15497,4.64303087074482,2.48916235491541
"BEN","Benin","Sub-Saharan Africa ","Lower middle income",2003,13.37098,NA,82.61496,1.026809,11.46623,3.44357677591658,1.48724246145442
"BEN","Benin","Sub-Saharan Africa ","Lower middle income",2004,14.62364,NA,85.71608,0.9003899,11.15234,4.42968455385082,0.8738908308685
"BEN","Benin","Sub-Saharan Africa ","Lower middle income",2005,15.81474,NA,91.36195,1.207833,11.85633,1.71316456361184,5.36452085832342
"BEN","Benin","Sub-Saharan Africa ","Lower middle income",2006,15.51147,NA,89.79832,0.016325,12.60098,3.94373882815798,3.78217696540375
"BEN","Benin","Sub-Saharan Africa ","Lower middle income",2007,16.13169,NA,84.24688,1.933725,15.78373,5.98634932177609,1.29806813334152
"BEN","Benin","Sub-Saharan Africa ","Lower middle income",2008,14.60595,NA,85.73869,1.836246,16.68147,4.89657708429647,7.94729876067854
"BEN","Benin","Sub-Saharan Africa ","Lower middle income",2009,14.30736,NA,83.20476,1.285859,18.3308,2.31929213912838,0.896072355749069
"BEN","Benin","Sub-Saharan Africa ","Lower middle income",2010,15.00294,NA,82.75661,1.29296,19.40891,2.11406472648392,2.20783532536524
"BEN","Benin","Sub-Saharan Africa ","Lower middle income",2011,14.79733,NA,85.26766,1.777855,19.66478,2.96375291904201,2.7042390774728
"BEN","Benin","Sub-Saharan Africa ","Lower middle income",2012,14.32835,NA,87.28165,1.433552,18.61976,4.811223315688,6.74468253340712
"BEN","Benin","Sub-Saharan Africa ","Lower middle income",2013,12.0286,NA,84.95503,1.377465,19.46883,7.19143372144946,0.428888888888884
"BEN","Benin","Sub-Saharan Africa ","Lower middle income",2014,NA,NA,78.07078,NA,21.17295,6.35767909791932,-0.548757550948181
"BEN","Benin","Sub-Saharan Africa ","Lower middle income",2015,9.922345,NA,68.46378,0.2250648,23.09321,1.77815106030278,0.218785923536245
"BEN","Benin","Sub-Saharan Africa ","Lower middle income",2016,8.608675,NA,78.50858,0.3946227,22.157,3.33967342629693,-0.793310145785624
"BEN","Benin","Sub-Saharan Africa ","Lower middle income",2017,7.838364,NA,77.42525,-0.3176492,21.33444,5.67156195150444,0.0432648555103608
"BEN","Benin","Sub-Saharan Africa ","Lower middle income",2018,11.88513,NA,78.35843,0.8387781,21.30742,6.69725362180888,0.919170717886054
"BEN","Benin","Sub-Saharan Africa ","Lower middle income",2019,11.90162,NA,83.57119,0.6745561,21.01539,6.86568662848335,0.732849371241066
"BEN","Benin","Sub-Saharan Africa ","Lower middle income",2020,NA,NA,68.64012,NA,22.57111,3.84879240030133,3.02272119663759
"BEN","Benin","Sub-Saharan Africa ","Lower middle income",2021,NA,NA,62.48408,NA,24.753,7.1554516457574,1.73353962694036
"BTN","Bhutan","South Asia","Lower middle income",2000,NA,NA,20.16548,NA,45.42915,3.35506838174288,4.01212081070342
"BTN","Bhutan","South Asia","Lower middle income",2001,NA,NA,24.12736,NA,41.81621,7.32837435673082,3.41478946111594
"BTN","Bhutan","South Asia","Lower middle income",2002,NA,NA,25.16384,NA,47.21115,10.4437797168913,2.45535714285714
"BTN","Bhutan","South Asia","Lower middle income",2003,NA,NA,32.68913,NA,42.80479,7.78656040877364,2.57230861693339
"BTN","Bhutan","South Asia","Lower middle income",2004,NA,NA,35.09229,NA,46.97014,5.15725736177561,4.10593698272958
"BTN","Bhutan","South Asia","Lower middle income",2005,NA,NA,40.64752,NA,45.99398,6.93507146766659,5.3126310463775
"BTN","Bhutan","South Asia","Lower middle income",2006,NA,NA,48.24746,NA,45.96294,5.6408051539139,5.00045438022541
"BTN","Bhutan","South Asia","Lower middle income",2007,NA,NA,58.12054,NA,42.38682,16.1047836542012,5.15611138758463
"BTN","Bhutan","South Asia","Lower middle income",2008,NA,NA,69.97134,NA,44.45721,4.52944877696235,8.32716049382713
"BTN","Bhutan","South Asia","Lower middle income",2009,NA,6.8000002,50.12354,NA,66.23997,7.66749238553135,4.36112219119805
"BTN","Bhutan","South Asia","Lower middle income",2010,NA,5.2041639,64.78386,NA,65.48669,11.9318738376229,7.03638316073019
"BTN","Bhutan","South Asia","Lower middle income",2011,NA,3.9185967,83.97591,NA,57.0659,8.4892584842808,8.848985699468
"BTN","Bhutan","South Asia","Lower middle income",2012,NA,5.4368227,85.43483,NA,54.76389,5.16482012683895,10.919656944683
"BTN","Bhutan","South Asia","Lower middle income",2013,23.08103,6.9524983,88.82826,NA,52.59466,1.73634039505693,8.77638345268213
"BTN","Bhutan","South Asia","Lower middle income",2014,21.42044,6.7521584,75.57259,3.406605,59.53303,5.88108550658288,8.27106093949328
"BTN","Bhutan","South Asia","Lower middle income",2015,21.60773,6.5941684,83.6738,3.182102,55.46214,6.66080128866197,4.54814395082205
"BTN","Bhutan","South Asia","Lower middle income",2016,19.42956,7.1867458,79.48554,2.969563,60.57853,8.47594339232963,3.21988689395718
"BTN","Bhutan","South Asia","Lower middle income",2017,18.26993,8.4173084,78.57774,2.749922,65.23962,2.08684522733067,4.95508366985129
"BTN","Bhutan","South Asia","Lower middle income",2018,18.50756,7.0280449,87.47758,2.540305,66.3863,3.50187185732737,2.72396386183713
"BTN","Bhutan","South Asia","Lower middle income",2019,16.36592,8.446604,92.31911,1.868488,69.59005,5.75514851246506,2.72643037388832
"BTN","Bhutan","South Asia","Lower middle income",2020,11.20364,NA,76.18356,-0.4201031,94.09809,-10.2183974208569,5.62936522632508
"BTN","Bhutan","South Asia","Lower middle income",2021,12.46007,NA,NA,1.19325,NA,4.42136738945015,7.3468144053353
"BOL","Bolivia","Latin America & Caribbean ","Lower middle income",2000,10.30406,10.3,127.247,-0.7983882,46.14285,2.50781081484664,4.60822998872598
"BOL","Bolivia","Latin America & Caribbean ","Lower middle income",2001,13.00705,16.200001,101.6157,-0.0787297,52.51477,1.68379914527159,1.58965377879568
"BOL","Bolivia","Latin America & Caribbean ","Lower middle income",2002,15.96303,17.700001,107.5988,0.3361686,47.15683,2.48556576601922,0.92825885161107
"BOL","Bolivia","Latin America & Caribbean ","Lower middle income",2003,16.69514,16.700001,98.2289,0.5832009,48.52057,2.7113398065361,3.33727499671534
"BOL","Bolivia","Latin America & Caribbean ","Lower middle income",2004,15.28258,14,111.5977,0.0224941,38.01778,4.1732955905708,4.43738080101725
"BOL","Bolivia","Latin America & Caribbean ","Lower middle income",2005,15.76174,11.3,105.9834,0.6635569,37.36742,4.42143313550196,5.39323106890663
"BOL","Bolivia","Latin America & Caribbean ","Lower middle income",2006,14.96136,8.6999998,98.95088,1.721629,35.54765,4.79700881067477,4.28239604802561
"BOL","Bolivia","Latin America & Caribbean ","Lower middle income",2007,15.50513,5.5999999,89.89114,2.708131,38.20628,4.56438425143126,8.70560923578869
"BOL","Bolivia","Latin America & Caribbean ","Lower middle income",2008,15.56016,4.3000002,81.0978,2.8078,38.83285,6.14849787777658,14.0068107702519
"BOL","Bolivia","Latin America & Caribbean ","Lower middle income",2009,13.81816,3.5,72.17886,2.250185,47.13047,3.35699958346049,3.34645420142014
"BOL","Bolivia","Latin America & Caribbean ","Lower middle income",2010,12.15186,2.1970193,80.57392,1.784267,44.70842,4.12672258996274,2.50327605844241
"BOL","Bolivia","Latin America & Caribbean ","Lower middle income",2011,12.14597,1.6534877,82.32555,1.9116,44.63985,5.20409245282328,9.88446419823883
"BOL","Bolivia","Latin America & Caribbean ","Lower middle income",2012,12.22055,1.5,81.29902,2.012297,47.92658,5.12227560125973,4.51560291399376
"BOL","Bolivia","Latin America & Caribbean ","Lower middle income",2013,11.04395,1.5,82.52028,1.594095,49.59624,6.79601141268498,5.73640023719607
"BOL","Bolivia","Latin America & Caribbean ","Lower middle income",2014,10.94711,1.5,80.8846,2.030046,54.0853,5.46056949136766,5.76660074579144
"BOL","Bolivia","Latin America & Caribbean ","Lower middle income",2015,10.18686,1.6,78.95948,1.499269,65.15614,4.85718718508603,4.05961041135645
"BOL","Bolivia","Latin America & Caribbean ","Lower middle income",2016,10.6695,NA,87.66471,1.653788,65.48407,4.26392086992173,3.62321431764138
"BOL","Bolivia","Latin America & Caribbean ","Lower middle income",2017,9.5578,NA,88.86385,1.54533,65.9612,4.19520633364647,2.8227580554717
"BOL","Bolivia","Latin America & Caribbean ","Lower middle income",2018,9.244541,NA,95.41489,1.208864,65.63573,2.86808404814794,2.27205987230155
"BOL","Bolivia","Latin America & Caribbean ","Lower middle income",2019,9.595237,NA,101.2815,1.421045,65.00511,1.50672102666863,1.83954504969026
"BOL","Bolivia","Latin America & Caribbean ","Lower middle income",2020,8.104293,NA,99.62559,0.7408158,80.59243,-12.7194690092717,0.940742153381849
"BOL","Bolivia","Latin America & Caribbean ","Lower middle income",2021,8.322064,NA,97.54038,0.9033857,77.90516,10.0290488827886,0.737383721452275
"BIH","Bosnia and Herzegovina","Europe & Central Asia","Upper middle income",2000,22.70304,9.8999996,598.1487,0.8949665,6.178558,5.41431598814764,NA
"BIH","Bosnia and Herzegovina","Europe & Central Asia","Upper middle income",2001,14.5589,17.9,129.7971,-1.798122,20.09061,2.42331312996704,NA
"BIH","Bosnia and Herzegovina","Europe & Central Asia","Upper middle income",2002,17.0066,11,143.2232,0.6290735,21.07493,5.027444647203,NA
"BIH","Bosnia and Herzegovina","Europe & Central Asia","Upper middle income",2003,16.42692,8.3999996,144.7469,1.246979,23.81002,3.86713552011777,NA
"BIH","Bosnia and Herzegovina","Europe & Central Asia","Upper middle income",2004,14.6052,6.0999999,126.7806,0.786697,28.9979,6.32526794858342,NA
"BIH","Bosnia and Herzegovina","Europe & Central Asia","Upper middle income",2005,13.23495,5.3000002,129.8428,0.8342196,32.69999,3.89718320544974,NA
"BIH","Bosnia and Herzegovina","Europe & Central Asia","Upper middle income",2006,13.69628,4,123.8611,1.122955,37.1918,5.41400299607282,6.12556615620285
"BIH","Bosnia and Herzegovina","Europe & Central Asia","Upper middle income",2007,12.37714,3,128.1685,1.137348,40.90617,5.85911689412598,1.50077710611542
"BIH","Bosnia and Herzegovina","Europe & Central Asia","Upper middle income",2008,12.97099,3.0999999,154.9637,0.6202333,36.13876,5.44184730165964,7.42704310332953
"BIH","Bosnia and Herzegovina","Europe & Central Asia","Upper middle income",2009,13.5129,5.9000001,140.1147,0.3158754,39.57167,-3.0044555389081,-0.381464282453057
"BIH","Bosnia and Herzegovina","Europe & Central Asia","Upper middle income",2010,14.12737,11.421782,134.5087,-0.4567204,41.38202,0.865667236280544,1.99621236745887
"BIH","Bosnia and Herzegovina","Europe & Central Asia","Upper middle income",2011,17.87443,11.799714,115.7471,0.8421229,45.89889,0.959511709726897,3.67125
"BIH","Bosnia and Herzegovina","Europe & Central Asia","Upper middle income",2012,18.76711,13.465688,114.9381,0.9701635,47.59936,-0.821837252962993,2.05267452001717
"BIH","Bosnia and Herzegovina","Europe & Central Asia","Upper middle income",2013,17.76029,15.119848,108.5171,-0.0226062,50.54539,2.34985873172397,-0.0930456838317588
"BIH","Bosnia and Herzegovina","Europe & Central Asia","Upper middle income",2014,18.65933,14.165312,103.7253,0.7615947,52.695,1.15384793371298,-0.897194054194333
"BIH","Bosnia and Herzegovina","Europe & Central Asia","Upper middle income",2015,17.95149,13.708416,98.63047,-0.056661,54.35708,4.28413016137854,-1.03602303425474
"BIH","Bosnia and Herzegovina","Europe & Central Asia","Upper middle income",2016,18.51242,11.777719,94.95255,0.8422234,55.99293,3.24225822231566,-1.58400833333336
"BIH","Bosnia and Herzegovina","Europe & Central Asia","Upper middle income",2017,18.97532,10.046275,92.66695,1.503337,58.61788,3.24409895306594,0.810039425333895
"BIH","Bosnia and Herzegovina","Europe & Central Asia","Upper middle income",2018,17.08238,8.7703355,89.41398,1.103963,60.06128,3.82900399349064,1.41710814018034
"BIH","Bosnia and Herzegovina","Europe & Central Asia","Upper middle income",2019,16.79659,7.4116571,87.48944,1.29516,61.8373,2.88585242083978,0.56278215406123
"BIH","Bosnia and Herzegovina","Europe & Central Asia","Upper middle income",2020,15.29625,6.1224022,80.7691,0.7615322,67.06705,-3.01509335460439,-1.0512960076349
"BIH","Bosnia and Herzegovina","Europe & Central Asia","Upper middle income",2021,15.29255,NA,75.14927,1.17502,68.7674,7.39164256472846,1.98163900587622
"BWA","Botswana","Sub-Saharan Africa ","Upper middle income",2000,9.010239,1.7,64.66576,4.901326,22.74949,1.98769583378552,8.60148514851491
"BWA","Botswana","Sub-Saharan Africa ","Upper middle income",2001,7.521451,NA,55.94741,4.379906,29.51383,0.250573949689084,6.55903767014862
"BWA","Botswana","Sub-Saharan Africa ","Upper middle income",2002,8.249778,NA,70.49678,5.266953,27.23219,6.06953087648317,8.03279662527486
"BWA","Botswana","Sub-Saharan Africa ","Upper middle income",2003,9.12426,NA,67.20451,5.725327,29.72622,4.62589474959299,9.18990265632739
"BWA","Botswana","Sub-Saharan Africa ","Upper middle income",2004,7.987111,NA,76.35665,4.776442,28.60784,2.70582170611173,6.94570363654675
"BWA","Botswana","Sub-Saharan Africa ","Upper middle income",2005,7.652797,NA,71.93231,4.696902,27.35239,4.55664565323181,8.6102252854644
"BWA","Botswana","Sub-Saharan Africa ","Upper middle income",2006,6.348526,NA,50.63876,4.454125,40.2617,8.36387109282306,11.5552187914379
"BWA","Botswana","Sub-Saharan Africa ","Upper middle income",2007,5.364676,NA,48.4334,3.414996,46.6023,5.79255577727118,7.08099847172693
"BWA","Botswana","Sub-Saharan Africa ","Upper middle income",2008,5.736095,NA,50.60551,3.519797,50.76321,3.25207295796832,12.7021883920076
"BWA","Botswana","Sub-Saharan Africa ","Upper middle income",2009,6.551302,NA,56.96027,3.459083,50.60155,-14.1442346163423,8.02729703109582
"BWA","Botswana","Sub-Saharan Africa ","Upper middle income",2010,7.555939,NA,58.52842,3.497448,46.30608,10.119723322694,6.94887658743103
"BWA","Botswana","Sub-Saharan Africa ","Upper middle income",2011,8.421167,NA,66.57545,3.748361,41.07779,6.83841052493574,8.45987233408583
"BWA","Botswana","Sub-Saharan Africa ","Upper middle income",2012,8.96806,2.6206081,73.44469,3.829993,43.25923,-0.170857099335691,7.53690261091916
"BWA","Botswana","Sub-Saharan Africa ","Upper middle income",2013,9.692696,3.6134301,77.69431,3.864034,40.86408,11.1029068737822,5.88460707056817
"BWA","Botswana","Sub-Saharan Africa ","Upper middle income",2014,9.374351,3.5494549,84.29067,3.086711,38.15852,5.69714422072884,4.40225309243427
"BWA","Botswana","Sub-Saharan Africa ","Upper middle income",2015,8.128801,3.7343552,75.6105,1.929753,47.38616,-4.85132507409779,3.06203169580558
"BWA","Botswana","Sub-Saharan Africa ","Upper middle income",2016,8.435014,4.8526413,78.19441,2.266122,41.76079,7.20442475914267,2.81495791361944
"BWA","Botswana","Sub-Saharan Africa ","Upper middle income",2017,8.347235,5.276903,80.20076,1.947751,42.32844,4.11437856445083,3.30828076768219
"BWA","Botswana","Sub-Saharan Africa ","Upper middle income",2018,8.37,5.4263192,78.74796,2.225659,44.34291,4.18869237159223,3.23801558947715
"BWA","Botswana","Sub-Saharan Africa ","Upper middle income",2019,8.500373,4.7879742,77.91669,2.262283,46.38947,3.0317733945467,2.77286442863321
"BWA","Botswana","Sub-Saharan Africa ","Upper middle income",2020,8.288707,4.3234394,77.83256,1.857473,50.57888,-8.72888243996397,1.8903591682421
"BWA","Botswana","Sub-Saharan Africa ","Upper middle income",2021,9.001644,NA,77.9705,2.091768,47.01832,11.9162724376008,7.24097765588442
"BRA","Brazil","Latin America & Caribbean ","Upper middle income",2000,15.42642,8.3000002,71.52506,1.037533,43.53863,4.38794944745618,7.04414105947266
"BRA","Brazil","Latin America & Caribbean ","Upper middle income",2001,16.49691,5.5999999,64.7906,1.022304,44.76563,1.38989640095637,6.84035902487523
"BRA","Brazil","Latin America & Caribbean ","Upper middle income",2002,17.48647,4.5,69.28678,2.256364,42.78606,3.05346185909312,8.45016437708331
"BRA","Brazil","Latin America & Caribbean ","Upper middle income",2003,17.52457,4.0999999,60.44796,2.562433,45.80084,1.14082899824888,14.7149197228147
"BRA","Brazil","Latin America & Caribbean ","Upper middle income",2004,16.80821,2.9000001,59.48403,2.138055,46.92978,5.75996463670954,6.59718509985963
"BRA","Brazil","Latin America & Caribbean ","Upper middle income",2005,16.19617,3.5,59.16041,2.175416,50.75538,3.20213206130431,6.86953720898964
"BRA","Brazil","Latin America & Caribbean ","Upper middle income",2006,17.62595,3.5,62.53505,2.402066,54.36062,3.96198871122617,4.18356812896909
"BRA","Brazil","Latin America & Caribbean ","Upper middle income",2007,17.06618,3,72.07645,2.811986,57.08057,6.06987060678338,3.64127299102652
"BRA","Brazil","Latin America & Caribbean ","Upper middle income",2008,17.79325,3.0999999,79.7676,0.5385286,58.68953,5.09419544658736,5.67859390284168
"BRA","Brazil","Latin America & Caribbean ","Upper middle income",2009,17.20974,4.1999998,92.11935,1.950432,51.55722,-0.125812002161169,4.88803479876799
"BRA","Brazil","Latin America & Caribbean ","Upper middle income",2010,15.3085,3.1077242,104.9744,1.653802,50.26419,7.52822581815364,5.03872690108075
"BRA","Brazil","Latin America & Caribbean ","Upper middle income",2011,14.67711,3.4668641,115.7428,1.266221,50.17903,3.97442307944702,6.6364496221309
"BRA","Brazil","Latin America & Caribbean ","Upper middle income",2012,14.96336,3.4468234,116.4879,0.5418276,53.67015,1.92117598576537,5.40349914036997
"BRA","Brazil","Latin America & Caribbean ","Upper middle income",2013,14.53454,2.8572823,122.1056,0.6989663,52.60246,3.00482266944432,6.20431066640101
"BRA","Brazil","Latin America & Caribbean ","Upper middle income",2014,14.76513,2.8548,120.59,0.7386224,54.7546,0.503955740242247,6.32904015516139
"BRA","Brazil","Latin America & Caribbean ","Upper middle income",2015,15.58268,3.311788,117.2728,0.6130151,56.98655,-3.54576339269425,9.02990102416136
"BRA","Brazil","Latin America & Caribbean ","Upper middle income",2016,15.95113,3.9166391,99.27887,1.870157,62.6458,-3.27591690782192,8.73914352329393
"BRA","Brazil","Latin America & Caribbean ","Upper middle income",2017,16.98571,3.585719,92.27802,1.663976,64.4621,1.32286905404399,3.44637335032669
"BRA","Brazil","Latin America & Caribbean ","Upper middle income",2018,16.93262,3.0530583,90.40649,1.741979,66.60847,1.783666761634,3.66485028376729
"BRA","Brazil","Latin America & Caribbean ","Upper middle income",2019,18.54721,3.1106361,91.4394,1.59392,68.66895,1.22077782360842,3.73297621216894
"BRA","Brazil","Latin America & Caribbean ","Upper middle income",2020,15.71668,2.2427001,92.10096,0.7551657,76.00596,-3.2767587964736,3.21176803803376
"BRA","Brazil","Latin America & Caribbean ","Upper middle income",2021,16.35463,NA,100.071,1.863672,71.39072,4.76260437908608,8.30165975585673
"BRN","Brunei Darussalam","East Asia & Pacific","High income",2000,NA,NA,62.80555,NA,80.07755,3.47467627672586,1.55815247634946
"BRN","Brunei Darussalam","East Asia & Pacific","High income",2001,NA,NA,74.36976,NA,72.11687,1.4660608198711,0.59589041095899
"BRN","Brunei Darussalam","East Asia & Pacific","High income",2002,NA,NA,76.08334,NA,70.54864,3.9614389000248,-2.31497242459321
"BRN","Brunei Darussalam","East Asia & Pacific","High income",2003,NA,NA,75.29471,NA,67.52,3.58342909978997,0.299999999999967
"BRN","Brunei Darussalam","East Asia & Pacific","High income",2004,NA,NA,68.53469,NA,67.75526,0.104538372603315,0.814223994682613
"BRN","Brunei Darussalam","East Asia & Pacific","High income",2005,NA,NA,74.68655,NA,53.94827,-0.00392531660746442,1.24443711883965
"BRN","Brunei Darussalam","East Asia & Pacific","High income",2006,NA,NA,72.70563,NA,47.80736,4.09841257308588,0.159888078345121
"BRN","Brunei Darussalam","East Asia & Pacific","High income",2007,NA,NA,74.11678,NA,50.30594,-3.76362326254647,0.967774119525101
"BRN","Brunei Darussalam","East Asia & Pacific","High income",2008,NA,NA,70.21568,NA,50.00378,-3.90071101715114,2.08498023715415
"BRN","Brunei Darussalam","East Asia & Pacific","High income",2009,NA,9.3999996,61.72332,NA,71.81771,-1.90025367202547,1.03571774271613
"BRN","Brunei Darussalam","East Asia & Pacific","High income",2010,NA,6.8670298,58.20702,NA,62.85998,2.74136439456163,0.356869132017561
"BRN","Brunei Darussalam","East Asia & Pacific","High income",2011,NA,6.032014,49.94051,NA,55.8131,3.74440625524871,0.13791156316954
"BRN","Brunei Darussalam","East Asia & Pacific","High income",2012,NA,5.3761576,50.70732,NA,54.766,0.913135189664487,0.111766261400307
"BRN","Brunei Darussalam","East Asia & Pacific","High income",2013,NA,4.525302,53.07573,NA,58.25692,-2.12478292664558,0.389205053123632
"BRN","Brunei Darussalam","East Asia & Pacific","High income",2014,NA,3.8505942,52.41356,NA,62.7854,-2.50788727590711,-0.207108731719822
"BRN","Brunei Darussalam","East Asia & Pacific","High income",2015,NA,3.9983518,55.02293,NA,74.76925,-0.392383749502031,-0.488347420743522
"BRN","Brunei Darussalam","East Asia & Pacific","High income",2016,NA,4.7488988,51.02082,NA,85.38962,-2.47791771833224,-0.278693265753083
"BRN","Brunei Darussalam","East Asia & Pacific","High income",2017,NA,3.6610092,48.40549,NA,80.16944,1.32872661057823,-1.2605056462896
"BRN","Brunei Darussalam","East Asia & Pacific","High income",2018,NA,4.6698507,45.46904,NA,75.65695,0.0523710418528935,1.02505179290212
"BRN","Brunei Darussalam","East Asia & Pacific","High income",2019,NA,3.8994987,44.23119,NA,78.98933,3.86884436177075,-0.390522069165529
"BRN","Brunei Darussalam","East Asia & Pacific","High income",2020,NA,3.872777,44.91091,NA,86.43212,1.1335733495246,1.94031996607184
"BGR","Bulgaria","Europe & Central Asia","High income",2000,14.27572,17.299999,53.95038,4.789522,22.1452,4.58722553234129,10.3162621289989
"BGR","Bulgaria","Europe & Central Asia","High income",2001,10.25186,3.4000001,53.17206,2.302315,26.95136,3.82370222571771,7.36093927231841
"BGR","Bulgaria","Europe & Central Asia","High income",2002,10.25551,2.5999999,65.92488,2.804478,28.15723,5.87193134676191,5.81014365721826
"BGR","Bulgaria","Europe & Central Asia","High income",2003,9.867536,3.2,82.72793,3.016984,31.05669,5.23715282493174,2.34864169582758
"BGR","Bulgaria","Europe & Central Asia","High income",2004,8.123533,2,94.84613,2.754254,35.8848,6.5104241389717,6.14713074246267
"BGR","Bulgaria","Europe & Central Asia","High income",2005,7.817934,2.2,95.32796,2.282737,41.47202,7.05634916258309,5.0388380711191
"BGR","Bulgaria","Europe & Central Asia","High income",2006,7.572717,2.2,88.59164,2.329995,48.80761,6.80259262432862,7.26159462769947
"BGR","Bulgaria","Europe & Central Asia","High income",2007,8.40668,2.0999999,107.2876,2.952469,55.38108,6.65438512368812,8.40253419005893
"BGR","Bulgaria","Europe & Central Asia","High income",2008,8.44208,2.4000001,129.2127,2.4835,52.76523,6.12955885899744,12.3487195994021
"BGR","Bulgaria","Europe & Central Asia","High income",2009,8.643723,6.4000001,128.2127,1.1574,53.7075,-3.34714308501542,2.75320223914819
"BGR","Bulgaria","Europe & Central Asia","High income",2010,8.595153,11.917709,119.0783,0.9770442,57.2035,1.55536266288017,2.43899060504117
"BGR","Bulgaria","Europe & Central Asia","High income",2011,8.659687,14.973614,109.8865,0.84786,59.32846,2.09017598337418,4.21990346601872
"BGR","Bulgaria","Europe & Central Asia","High income",2012,8.641701,16.626321,104.5504,0.6459902,62.83661,0.748814556346105,2.95456829831012
"BGR","Bulgaria","Europe & Central Asia","High income",2013,8.415757,16.878521,96.13675,0.4960367,68.76749,-0.542753400392826,0.890093540913096
"BGR","Bulgaria","Europe & Central Asia","High income",2014,8.748191,16.746529,87.31447,-5.836044,67.73366,0.949449772002041,-1.4181838026484
"BGR","Bulgaria","Europe & Central Asia","High income",2015,8.708157,14.612051,79.12197,0.6660677,69.13238,3.39755351999294,-0.104633261008479
"BGR","Bulgaria","Europe & Central Asia","High income",2016,9.149668,13.173066,75.05247,1.386802,69.1833,3.02662820096305,-0.798649886453617
"BGR","Bulgaria","Europe & Central Asia","High income",2017,8.928413,10.434453,72.10317,1.367749,68.93932,2.74592737750996,2.06159619443141
"BGR","Bulgaria","Europe & Central Asia","High income",2018,8.719459,7.8015618,72.16503,1.826316,69.66728,2.33015054210419,2.81454473824838
"BGR","Bulgaria","Europe & Central Asia","High income",2019,8.123374,6.6212994,70.4403,1.636268,70.24484,3.79331964589196,3.10372944796771
"BGR","Bulgaria","Europe & Central Asia","High income",2020,7.749717,5.798352,66.49859,0.9073247,77.72247,-3.13323543125917,1.67244096855756
"BGR","Bulgaria","Europe & Central Asia","High income",2021,7.869337,NA,66.08822,1.209599,76.51083,7.82817310703665,3.29774435299506
"BFA","Burkina Faso","Sub-Saharan Africa ","Low income",2000,8.247678,NA,89.35816,0.5569198,11.5504,1.88847388906525,-0.304212168486803
"BFA","Burkina Faso","Sub-Saharan Africa ","Low income",2001,9.394605,NA,92.72066,1.667263,11.44273,6.61340574539679,5.00743290822373
"BFA","Burkina Faso","Sub-Saharan Africa ","Low income",2002,11.45829,NA,95.59325,3.40694,12.40701,4.35296382988099,2.17569480664608
"BFA","Burkina Faso","Sub-Saharan Africa ","Low income",2003,10.28714,NA,92.04121,2.772949,13.38256,7.80249388870359,2.03456574053815
"BFA","Burkina Faso","Sub-Saharan Africa ","Low income",2004,10.84079,NA,95.21792,2.422239,13.893,4.47845213670386,-0.400228702115452
"BFA","Burkina Faso","Sub-Saharan Africa ","Low income",2005,9.420137,NA,118.0944,1.486712,12.38191,8.66187322841225,6.41504018369684
"BFA","Burkina Faso","Sub-Saharan Africa ","Low income",2006,8.66299,NA,115.2295,1.505853,13.72274,6.25316468817478,2.3331085637222
"BFA","Burkina Faso","Sub-Saharan Africa ","Low income",2007,8.211337,NA,98.14841,1.244883,15.22153,4.11137901761516,-0.230627306273049
"BFA","Burkina Faso","Sub-Saharan Africa ","Low income",2008,5.614235,NA,103.9396,-0.9910035,15.1119,5.79999174105387,10.6597978997424
"BFA","Burkina Faso","Sub-Saharan Africa ","Low income",2009,8.63248,NA,85.04074,0.6174909,17.7521,2.96195085866692,2.60817666368314
"BFA","Burkina Faso","Sub-Saharan Africa ","Low income",2010,8.4382,NA,74.75343,1.227573,20.57537,8.44628157707625,-0.764230734676768
"BFA","Burkina Faso","Sub-Saharan Africa ","Low income",2011,10.09764,NA,77.59666,2.414501,21.50846,6.62256261306693,2.75976724854534
"BFA","Burkina Faso","Sub-Saharan Africa ","Low income",2012,10.22394,NA,82.88501,2.582263,22.18998,6.45267237953146,3.8181524025238
"BFA","Burkina Faso","Sub-Saharan Africa ","Low income",2013,10.56312,NA,91.59549,2.70268,24.51933,5.79258484509867,0.533738507090536
"BFA","Burkina Faso","Sub-Saharan Africa ","Low income",2014,9.803467,NA,98.11031,2.327483,25.73665,4.32684561452976,-0.258089517535291
"BFA","Burkina Faso","Sub-Saharan Africa ","Low income",2015,8.678128,NA,90.20908,1.558343,30.06431,3.9212287937935,0.724838981070517
"BFA","Burkina Faso","Sub-Saharan Africa ","Low income",2016,9.226456,NA,84.44279,1.740597,30.50852,5.95797670754024,0.441041448058809
"BFA","Burkina Faso","Sub-Saharan Africa ","Low income",2017,9.320739,NA,82.49111,1.693492,33.18142,6.20348941121868,1.48299897161326
"BFA","Burkina Faso","Sub-Saharan Africa ","Low income",2018,9.451686,NA,82.05551,1.280627,32.68209,6.60456906812341,1.95594302672532
"BFA","Burkina Faso","Sub-Saharan Africa ","Low income",2019,9.860801,NA,84.45835,1.515033,33.59735,5.88920497068135,-3.23338933983322
"BFA","Burkina Faso","Sub-Saharan Africa ","Low income",2020,9.561109,NA,77.09641,1.629252,37.89609,2.01077262406221,1.88470066518847
"BFA","Burkina Faso","Sub-Saharan Africa ","Low income",2021,NA,NA,72.29218,NA,40.63704,6.94252492572348,3.65326761825509
"BDI","Burundi","Sub-Saharan Africa ","Low income",2000,15.91231,NA,143.9487,6.944367,11.77503,-0.856864058424151,24.4320242102151
"BDI","Burundi","Sub-Saharan Africa ","Low income",2001,15.73536,NA,131.3729,5.781109,12.28645,2.05580710835243,9.29618771341889
"BDI","Burundi","Sub-Saharan Africa ","Low income",2002,13.02774,NA,131.0109,3.411158,15.36408,4.44651941224797,-1.3656800532806
"BDI","Burundi","Sub-Saharan Africa ","Low income",2003,11.44267,NA,108.8594,2.482757,18.32577,-1.22372796023444,10.6474645658306
"BDI","Burundi","Sub-Saharan Africa ","Low income",2004,13.24596,NA,105.5306,2.360044,16.2726,4.83365776809453,8.17642937482053
"BDI","Burundi","Sub-Saharan Africa ","Low income",2005,13.88344,NA,83.88052,3.8841,17.11847,0.900000000901912,13.2520699188224
"BDI","Burundi","Sub-Saharan Africa ","Low income",2006,12.15912,NA,77.7391,4.389122,20.13199,5.41380714491444,2.74542000214241
"BDI","Burundi","Sub-Saharan Africa ","Low income",2007,10.21173,NA,76.09623,3.278717,19.67306,3.44449364663615,8.41206285772544
"BDI","Burundi","Sub-Saharan Africa ","Low income",2008,12.92863,NA,66.84995,6.232482,20.60315,4.90874190813545,24.4069510353914
"BDI","Burundi","Sub-Saharan Africa ","Low income",2009,14.29795,NA,74.27872,4.750974,19.49487,3.7870758305051,10.5554355299529
"BDI","Burundi","Sub-Saharan Africa ","Low income",2010,13.08737,9.3152357,82.82974,3.622543,21.9427,5.09373697323055,6.49326591473993
"BDI","Burundi","Sub-Saharan Africa ","Low income",2011,16.54954,7.3931071,103.0396,4.385717,20.71108,4.02442793864228,9.5921660597967
"BDI","Burundi","Sub-Saharan Africa ","Low income",2012,15.15737,8.1682854,98.20198,2.38876,20.32934,4.42303118490126,18.1610453065451
"BDI","Burundi","Sub-Saharan Africa ","Low income",2013,12.32024,9.886952,93.76863,1.53123,20.39517,4.92392485117456,7.93795807492418
"BDI","Burundi","Sub-Saharan Africa ","Low income",2014,NA,10.822915,89.31491,NA,21.27775,4.24490803087248,4.40535234185293
"BDI","Burundi","Sub-Saharan Africa ","Low income",2015,15.64894,17.916697,89.06108,1.429502,18.05502,-0.404525595204191,5.54468891259779
"BDI","Burundi","Sub-Saharan Africa ","Low income",2016,14.90026,21.056519,88.74348,2.028707,18.98583,3.20017470408993,5.55768961400965
"BDI","Burundi","Sub-Saharan Africa ","Low income",2017,14.72019,14.190085,70.4722,2.971065,21.35612,3.83185757061784,16.0525353030392
"BDI","Burundi","Sub-Saharan Africa ","Low income",2018,14.59352,12.696159,66.03263,3.11328,26.63407,5.34224473186408,-2.81469807668465
"BDI","Burundi","Sub-Saharan Africa ","Low income",2019,16.97139,NA,63.48657,4.973371,31.91842,4.45934202358784,-0.686772170797359
"BDI","Burundi","Sub-Saharan Africa ","Low income",2020,18.15346,NA,61.2955,4.575023,38.35304,0.306443811651718,7.32110643415521
"BDI","Burundi","Sub-Saharan Africa ","Low income",2021,18.70014,NA,NA,4.402322,NA,3.23707479372925,8.40453845076341
"CPV","Cabo Verde","Sub-Saharan Africa ","Upper middle income",2000,NA,NA,70.36065,NA,54.36146,14.2848688450919,-2.47745668519835
"CPV","Cabo Verde","Sub-Saharan Africa ","Upper middle income",2001,NA,NA,68.59566,NA,56.03467,2.23165454528898,3.34996472317894
"CPV","Cabo Verde","Sub-Saharan Africa ","Upper middle income",2002,NA,NA,65.43957,NA,62.67659,5.25089116960211,1.88453410076765
"CPV","Cabo Verde","Sub-Saharan Africa ","Upper middle income",2003,NA,NA,66.85107,NA,62.9021,4.17625932578332,1.18817038620528
"CPV","Cabo Verde","Sub-Saharan Africa ","Upper middle income",2004,NA,NA,64.90895,NA,67.90031,10.197072633926,-1.8908217230618
"CPV","Cabo Verde","Sub-Saharan Africa ","Upper middle income",2005,NA,NA,60.24997,NA,75.1336,6.91245795720201,0.41889161285517
"CPV","Cabo Verde","Sub-Saharan Africa ","Upper middle income",2006,NA,NA,63.09359,NA,79.7942,7.98375044795048,5.36907687065549
"CPV","Cabo Verde","Sub-Saharan Africa ","Upper middle income",2007,NA,NA,63.08739,NA,70.68781,15.1706879735517,4.41099704193489
"CPV","Cabo Verde","Sub-Saharan Africa ","Upper middle income",2008,15.71089,NA,74.49953,NA,69.09548,7.03901129565128,6.77443546371143
"CPV","Cabo Verde","Sub-Saharan Africa ","Upper middle income",2009,19.38093,NA,80.0997,1.22349,71.34432,-1.50358672385678,0.991103480568085
"CPV","Cabo Verde","Sub-Saharan Africa ","Upper middle income",2010,19.49653,NA,82.27927,1.171906,74.12022,1.83641914989978,2.07866470906424
"CPV","Cabo Verde","Sub-Saharan Africa ","Upper middle income",2011,19.8768,NA,89.65234,1.007128,72.8123,3.92471821338283,4.47388342165023
"CPV","Cabo Verde","Sub-Saharan Africa ","Upper middle income",2012,20.33684,NA,83.11149,0.5311815,76.82008,1.08364848376166,2.54039644167109
"CPV","Cabo Verde","Sub-Saharan Africa ","Upper middle income",2013,20.17573,NA,75.6007,0.6356224,84.22919,0.632136727385131,1.50654285701407
"CPV","Cabo Verde","Sub-Saharan Africa ","Upper middle income",2014,19.79964,NA,69.78107,0.4536932,89.98112,0.696666840118581,-0.238778144990624
"CPV","Cabo Verde","Sub-Saharan Africa ","Upper middle income",2015,20.58774,NA,65.83218,0.5412314,93.22852,0.936026507808833,0.131187999024545
"CPV","Cabo Verde","Sub-Saharan Africa ","Upper middle income",2016,20.14221,NA,62.65056,0.5490437,96.97839,4.28071482662371,-1.40781637091706
"CPV","Cabo Verde","Sub-Saharan Africa ","Upper middle income",2017,19.36932,NA,62.4824,0.4092123,99.21488,4.5513148102974,0.784415251101334
"CPV","Cabo Verde","Sub-Saharan Africa ","Upper middle income",2018,18.53158,NA,62.96069,0.2852739,94.74351,3.70696458310842,1.25699566690509
"CPV","Cabo Verde","Sub-Saharan Africa ","Upper middle income",2019,22.8945,NA,60.05465,1.329623,96.87713,6.94782634051859,1.10666674296063
"CPV","Cabo Verde","Sub-Saharan Africa ","Upper middle income",2020,25.47081,NA,62.37599,1.432627,116.3371,-20.8052758990735,0.605795808395385
"CPV","Cabo Verde","Sub-Saharan Africa ","Upper middle income",2021,27.08953,NA,64.44865,1.466749,109.7969,7.03353010694514,1.86215297494647
"KHM","Cambodia","East Asia & Pacific","Lower middle income",2000,NA,NA,67.25432,NA,9.486244,9.99358032292079,-0.791992529473567
"KHM","Cambodia","East Asia & Pacific","Lower middle income",2001,NA,NA,57.56813,NA,10.4015,7.38971065070517,-0.600648300123686
"KHM","Cambodia","East Asia & Pacific","Lower middle income",2002,24.28772,NA,49.89114,NA,12.64826,6.26507280509637,0.211466568022607
"KHM","Cambodia","East Asia & Pacific","Lower middle income",2003,26.0425,NA,55.21542,2.353344,13.06021,10.2836813071691,0.94174611779921
"KHM","Cambodia","East Asia & Pacific","Lower middle income",2004,23.5535,NA,60.80671,2.365646,14.67744,9.45769481103929,4.31933677434786
"KHM","Cambodia","East Asia & Pacific","Lower middle income",2005,28.59257,NA,62.53222,3.683364,14.25699,13.3033338358455,6.61525912001587
"KHM","Cambodia","East Asia & Pacific","Lower middle income",2006,29.98851,NA,66.6506,4.734071,17.93482,10.9433600681694,5.81068550464306
"KHM","Cambodia","East Asia & Pacific","Lower middle income",2007,25.87021,NA,68.66276,4.758763,26.4732,10.398458101201,8.70882770568049
"KHM","Cambodia","East Asia & Pacific","Lower middle income",2008,29.3241,NA,102.801,4.177923,22.80032,7.47636606631011,24.096851930605
"KHM","Cambodia","East Asia & Pacific","Lower middle income",2009,28.19832,NA,80.79158,1.943421,30.40718,4.07477850599065,-1.24171754189637
"KHM","Cambodia","East Asia & Pacific","Lower middle income",2010,29.11961,3.1418785,78.88085,2.014081,34.9007,5.07691843229247,3.99639528107218
"KHM","Cambodia","East Asia & Pacific","Lower middle income",2011,28.7236,2.2943886,89.23025,2.793656,31.64308,7.28665813879552,5.4784474961745
"KHM","Cambodia","East Asia & Pacific","Lower middle income",2012,27.55399,2.2246901,89.65759,2.935806,43.22687,7.65025657870362,2.93431609293951
"KHM","Cambodia","East Asia & Pacific","Lower middle income",2013,28.38683,2.3026777,106.5445,2.831086,48.10421,7.8574997554252,2.94162509547349
"KHM","Cambodia","East Asia & Pacific","Lower middle income",2014,26.16084,1.6213391,106.4682,2.717595,58.33368,8.00032074618566,3.85568861424207
"KHM","Cambodia","East Asia & Pacific","Lower middle income",2015,26.17611,1.59274,115.8854,3.292433,64.00486,7.20703472529512,1.22393195511119
"KHM","Cambodia","East Asia & Pacific","Lower middle income",2016,25.0181,2.1306306,114.6762,2.376249,71.00856,7.90550116130704,3.01913975139128
"KHM","Cambodia","East Asia & Pacific","Lower middle income",2017,25.39946,2.0724775,109.5552,1.989729,78.89191,8.07503915535979,2.91263557371478
"KHM","Cambodia","East Asia & Pacific","Lower middle income",2018,25.48395,1.9896209,108.5165,2.232225,91.57049,8.77622376224463,2.45908515380146
"KHM","Cambodia","East Asia & Pacific","Lower middle income",2019,26.36913,1.5538399,118.0338,2.606866,96.71732,7.93695013588524,1.94257500833107
"KHM","Cambodia","East Asia & Pacific","Lower middle income",2020,26.42809,1.8186254,120.1488,2.345573,118.8404,-3.55572193406549,2.9402951426397
"KHM","Cambodia","East Asia & Pacific","Lower middle income",2021,26.77147,NA,127.2743,2.267498,130.6155,3.08984284148661,2.92073477592949
"CMR","Cameroon","Sub-Saharan Africa ","Lower middle income",2000,10.84481,NA,73.84485,1.686393,9.815643,3.83241779430614,1.22719012976132
"CMR","Cameroon","Sub-Saharan Africa ","Lower middle income",2001,9.468249,NA,70.71114,1.985557,10.67886,4.32426119221549,4.41977245881146
"CMR","Cameroon","Sub-Saharan Africa ","Lower middle income",2002,9.269218,NA,67.5302,1.689993,11.62545,4.47702683369155,2.83442260128067
"CMR","Cameroon","Sub-Saharan Africa ","Lower middle income",2003,11.41982,NA,70.41975,2.801313,11.3491,5.45315368881347,0.623163557374316
"CMR","Cameroon","Sub-Saharan Africa ","Lower middle income",2004,10.63145,NA,68.08353,2.256261,11.16971,7.04886281858374,0.233647380067584
"CMR","Cameroon","Sub-Saharan Africa ","Lower middle income",2005,11.48797,NA,67.40829,1.989995,12.00297,2.22827020924117,2.01353950175986
"CMR","Cameroon","Sub-Saharan Africa ","Lower middle income",2006,10.42733,NA,62.71056,2.371321,12.53872,3.80958327566137,5.11757816019469
"CMR","Cameroon","Sub-Saharan Africa ","Lower middle income",2007,9.903004,NA,59.51357,2.38333,13.34762,4.32758900972871,0.921402245650095
"CMR","Cameroon","Sub-Saharan Africa ","Lower middle income",2008,9.672549,NA,62.92274,2.245243,13.99379,2.8476778892105,5.33780627627498
"CMR","Cameroon","Sub-Saharan Africa ","Lower middle income",2009,9.289059,NA,63.67237,2.283426,14.19867,2.57925177738754,3.04361847939999
"CMR","Cameroon","Sub-Saharan Africa ","Lower middle income",2010,9.63721,10.101348,60.91916,1.626038,15.50872,2.89902472122014,1.27538046242338
"CMR","Cameroon","Sub-Saharan Africa ","Lower middle income",2011,9.635683,11.446711,70.0726,1.811835,16.30733,3.37921128506045,2.93969946305091
"CMR","Cameroon","Sub-Saharan Africa ","Lower middle income",2012,9.855334,11.552801,88.04116,2.006003,14.05192,4.62597872209571,2.73529677529539
"CMR","Cameroon","Sub-Saharan Africa ","Lower middle income",2013,12.00264,10.295331,86.91676,3.997184,14.86866,4.99552916130783,2.05034718001741
"CMR","Cameroon","Sub-Saharan Africa ","Lower middle income",2014,9.666199,9.701687,87.69134,1.827543,15.61419,5.71981814509198,1.85489850366777
"CMR","Cameroon","Sub-Saharan Africa ","Lower middle income",2015,10.15607,9.315177,91.64111,1.587406,15.4436,5.66695298703932,2.676235314199
"CMR","Cameroon","Sub-Saharan Africa ","Lower middle income",2016,9.955661,10.651872,94.78624,1.486451,15.12112,4.53579423678801,0.874190383288856
"CMR","Cameroon","Sub-Saharan Africa ","Lower middle income",2017,10.53425,10.835904,92.48759,2.136947,15.1638,3.54117654926007,0.64040914988195
"CMR","Cameroon","Sub-Saharan Africa ","Lower middle income",2018,8.825315,12.392719,88.60291,1.36804,16.53209,3.95551423892049,1.0688581131292
"CMR","Cameroon","Sub-Saharan Africa ","Lower middle income",2019,9.844123,12.810483,83.62711,1.619232,16.80967,3.47505998194981,2.45280214062732
"CMR","Cameroon","Sub-Saharan Africa ","Lower middle income",2020,10.58627,13.286888,NA,2.011267,NA,0.259932915907115,2.43760882182236
"CAN","Canada","North America","High income",2000,16.64024,1.3,108.5464,-0.0614587,NA,5.13853918994158,2.71943995691976
"CAN","Canada","North America","High income",2001,18.30962,1.5,81.14668,0.5197358,149.5473,1.87509813099847,2.52512013979906
"CAN","Canada","North America","High income",2002,15.51264,1.6,80.08566,0.6598622,147.141,2.99925533832644,2.25839440940855
"CAN","Canada","North America","High income",2003,15.37344,1.2,80.53414,1.306688,140.6113,1.8063851195103,2.75856321360112
"CAN","Canada","North America","High income",2004,17.28203,0.69999999,82.80493,1.294272,139.415,3.09236381038156,1.85725871857256
"CAN","Canada","North America","High income",2005,19.08184,0.5,84.52728,1.081996,143.9293,3.21045441502793,2.21355203439767
"CAN","Canada","North America","High income",2006,18.60958,0.40000001,87.00665,1.239866,154.1476,2.63794375302722,2.00202539534161
"CAN","Canada","North America","High income",2007,18.14328,0.40000001,113.9522,1.054081,108.4083,2.04990459443619,2.13838399266837
"CAN","Canada","North America","High income",2008,18.64976,0.80000001,104.3213,0.8138724,118.9572,0.995406371264522,2.37027067444299
"CAN","Canada","North America","High income",2009,18.9248,1.3,NA,0.9642314,NA,-2.91508627059555,0.299466803009299
"CAN","Canada","North America","High income",2010,17.38711,1.1924572,NA,1.823781,NA,3.09080633744851,1.77687154092627
"CAN","Canada","North America","High income",2011,14.12581,0.84468879,NA,1.865271,NA,3.1371944343876,2.91213508872351
"CAN","Canada","North America","High income",2012,13.65419,0.65115289,NA,1.090509,NA,1.75566133205234,1.51567823124517
"CAN","Canada","North America","High income",2013,13.66008,0.5749182,NA,1.032395,NA,2.32581356612762,0.938291897815317
"CAN","Canada","North America","High income",2014,13.69585,0.51787859,NA,1.030527,NA,2.87346675579731,1.90663590717861
"CAN","Canada","North America","High income",2015,13.88616,0.51659629,NA,0.9538747,NA,0.64997101491096,1.12524136094277
"CAN","Canada","North America","High income",2016,14.19255,0.59605094,NA,0.9902313,NA,1.03855091989323,1.42875954701085
"CAN","Canada","North America","High income",2017,14.48891,0.44946104,NA,1.119468,NA,3.03383491841392,1.59688412852977
"CAN","Canada","North America","High income",2018,14.37822,0.50521419,NA,1.118185,NA,2.74296341402246,2.26822567248103
"CAN","Canada","North America","High income",2019,14.20599,0.50340546,NA,1.052753,NA,1.90843193887251,1.94926902411593
"CAN","Canada","North America","High income",2020,13.06755,0.53331476,NA,0.7982631,NA,-5.03823342794087,0.716999632307827
"CAN","Canada","North America","High income",2021,13.85122,NA,NA,1.140314,NA,5.95052804984759,3.39519318527528
"CYM","Cayman Islands","Latin America & Caribbean ","High income",2010,21.65476,NA,NA,0.0001718,NA,-2.71563526217577,0.276140861750108
"CYM","Cayman Islands","Latin America & Caribbean ","High income",2011,25.07313,NA,NA,0.7519394,NA,1.16906219839106,1.32543575779664
"CYM","Cayman Islands","Latin America & Caribbean ","High income",2012,26.23828,NA,NA,1.032456,NA,1.22975365701149,1.18894845245608
"CYM","Cayman Islands","Latin America & Caribbean ","High income",2015,18.50337,NA,NA,0.5245552,NA,2.8331222262961,-2.34752770165615
"CYM","Cayman Islands","Latin America & Caribbean ","High income",2016,17.26295,NA,NA,1.091576,NA,3.23997433895669,-0.62525835861814
"CAF","Central African Republic","Sub-Saharan Africa ","Low income",2000,NA,NA,138.6469,NA,3.42327,-2.48943244028874,3.20340091563112
"CAF","Central African Republic","Sub-Saharan Africa ","Low income",2001,NA,NA,127.2684,NA,3.970752,4.46473902640867,3.83486060237362
"CAF","Central African Republic","Sub-Saharan Africa ","Low income",2002,NA,NA,150.271,NA,3.979388,3.61654219150596,2.33181703516235
"CAF","Central African Republic","Sub-Saharan Africa ","Low income",2003,NA,NA,156.7598,NA,3.946102,-5.39748521855877,4.13470905150996
"CAF","Central African Republic","Sub-Saharan Africa ","Low income",2004,NA,NA,171.8534,NA,4.305446,5.99488422798696,-2.06640601136303
"CAF","Central African Republic","Sub-Saharan Africa ","Low income",2005,NA,NA,125.6671,NA,5.466703,0.908210514871953,2.88352073359022
"CAF","Central African Republic","Sub-Saharan Africa ","Low income",2006,NA,NA,121.8927,NA,5.505471,4.77108543044105,6.69526465773354
"CAF","Central African Republic","Sub-Saharan Africa ","Low income",2007,NA,NA,92.287,NA,7.309729,4.60753485452025,0.95991761945711
"CAF","Central African Republic","Sub-Saharan Africa ","Low income",2008,NA,NA,96.36514,NA,7.237869,2.05413096200485,9.25895099417076
"CAF","Central African Republic","Sub-Saharan Africa ","Low income",2009,NA,NA,77.90852,NA,8.12002,8.58726042640994,3.52126227238643
"CAF","Central African Republic","Sub-Saharan Africa ","Low income",2010,NA,12.638014,102.6184,NA,8.001207,4.63081843223307,1.49102370047802
"CAF","Central African Republic","Sub-Saharan Africa ","Low income",2011,NA,11.996258,101.6843,NA,8.764558,4.19461533741989,1.1944757244985
"CAF","Central African Republic","Sub-Saharan Africa ","Low income",2012,NA,9.5829832,140.3792,NA,7.581307,5.05376125356918,5.47829594346117
"CAF","Central African Republic","Sub-Saharan Africa ","Low income",2013,NA,28.501587,119.5248,NA,11.18806,-36.3919770983887,6.98879341970198
"CAF","Central African Republic","Sub-Saharan Africa ","Low income",2014,NA,27.662167,110.5535,NA,11.38793,0.0810705153264877,14.898684179755
"CAF","Central African Republic","Sub-Saharan Africa ","Low income",2015,NA,30.864752,93.76062,NA,12.26753,4.33712103020231,1.40297017136816
"CAF","Central African Republic","Sub-Saharan Africa ","Low income",2016,NA,25.61075,101.2845,NA,11.92081,4.75031684122342,4.94543276106518
"CAF","Central African Republic","Sub-Saharan Africa ","Low income",2017,NA,22.938161,95.34289,NA,11.50251,4.52727821346231,4.18072331871267
"CAF","Central African Republic","Sub-Saharan Africa ","Low income",2018,NA,15.591154,93.69153,NA,12.90993,3.78944359275462,1.61215686991555
"CAF","Central African Republic","Sub-Saharan Africa ","Low income",2019,NA,12.582744,82.37456,NA,13.90412,3.09999999999999,2.68537355266787
"TCD","Chad","Sub-Saharan Africa ","Low income",2000,15.83733,NA,86.74252,NA,3.54445,-0.879681024156014,3.82260088086306
"TCD","Chad","Sub-Saharan Africa ","Low income",2001,13.41495,NA,81.14537,2.325803,3.761989,11.6581346550771,12.4312865279941
"TCD","Chad","Sub-Saharan Africa ","Low income",2002,NA,NA,79.10896,NA,4.554234,8.4912098197177,5.19181895195446
"TCD","Chad","Sub-Saharan Africa ","Low income",2003,NA,NA,93.95731,NA,3.967126,14.7216670123589,-1.75256941248655
"TCD","Chad","Sub-Saharan Africa ","Low income",2004,16.18742,NA,93.00737,NA,2.977926,33.6293718498522,-5.35540028884816
"TCD","Chad","Sub-Saharan Africa ","Low income",2005,12.47522,NA,94.20585,3.94167,2.663297,17.3325337352162,7.89036567462993
"TCD","Chad","Sub-Saharan Africa ","Low income",2006,12.54679,NA,53.15333,3.102805,4.11241,-0.54282957080251,8.03628897951331
"TCD","Chad","Sub-Saharan Africa ","Low income",2007,11.31018,NA,62.39624,1.825884,3.784694,4.20017418353298,-8.9747396200927
"TCD","Chad","Sub-Saharan Africa ","Low income",2008,NA,NA,76.62421,NA,3.930732,3.08119033854541,10.2969758221254
"TCD","Chad","Sub-Saharan Africa ","Low income",2009,NA,NA,85.35572,NA,4.46333,-1.40828262637592,9.95242290748864
"TCD","Chad","Sub-Saharan Africa ","Low income",2010,NA,9.9192752,80.2095,NA,5.028947,13.6738272725339,-2.07786574641866
"TCD","Chad","Sub-Saharan Africa ","Low income",2011,12.38179,7.6476971,82.49547,NA,5.58089,4.49542967058827,2.0292405367826
"TCD","Chad","Sub-Saharan Africa ","Low income",2012,11.72726,7.3739281,95.17673,4.030866,6.054403,9.06180392253447,7.51662364663833
"TCD","Chad","Sub-Saharan Africa ","Low income",2013,11.0981,9.7771814,95.80976,4.028516,6.288522,2.83821524730293,0.222671564624551
"TCD","Chad","Sub-Saharan Africa ","Low income",2014,NA,11.737764,99.17047,NA,7.78838,2.06283074361411,1.6819731392567
"TCD","Chad","Sub-Saharan Africa ","Low income",2015,8.117155,17.010794,98.61331,-0.113385,8.412111,3.30415979779805,4.37712665065654
"TCD","Chad","Sub-Saharan Africa ","Low income",2016,8.417172,20.877715,105.7763,0.9981641,9.051818,-4.12250332637034,-0.792440525236102
"TCD","Chad","Sub-Saharan Africa ","Low income",2017,NA,25.810191,112.09,NA,8.560082,-1.61746922820204,-1.5370996298084
"TCD","Chad","Sub-Saharan Africa ","Low income",2018,NA,28.626247,121.2789,NA,8.131843,5.74111580758154,4.27462198610545
"TCD","Chad","Sub-Saharan Africa ","Low income",2019,NA,22.857578,93.96814,NA,10.13551,5.38282202874814,-0.971939175419401
"CHL","Chile","Latin America & Caribbean ","High income",2000,9.388548,1.7,125.3641,1.509737,48.89816,4.9716214882971,3.84327295706565
"CHL","Chile","Latin America & Caribbean ","High income",2001,9.356902,1.6,130.9243,1.571371,48.04718,3.15403492459967,3.56910053001467
"CHL","Chile","Latin America & Caribbean ","High income",2002,9.42033,1.8,131.9661,1.493765,48.47106,3.20279913520113,2.48939816650705
"CHL","Chile","Latin America & Caribbean ","High income",2003,9.820443,1.6,139.8391,1.874143,44.49008,4.72324526861041,2.8101787574361
"CHL","Chile","Latin America & Caribbean ","High income",2004,9.496319,1.2,137.0918,1.900289,45.95288,6.67425416822923,1.05473871403517
"CHL","Chile","Latin America & Caribbean ","High income",2005,9.533514,0.89999998,133.4306,2.110406,48.47657,5.83704571917758,3.05257621387849
"CHL","Chile","Latin America & Caribbean ","High income",2006,9.184077,0.69999999,133.4447,1.897614,47.25979,6.04999082563968,3.39201733699405
"CHL","Chile","Latin America & Caribbean ","High income",2007,9.802999,0.80000001,136.7353,2.276761,50.6502,5.16823098528431,4.40779938398044
"CHL","Chile","Latin America & Caribbean ","High income",2008,NA,1,140.3114,NA,56.37972,3.78939280635238,8.71626873039607
"CHL","Chile","Latin America & Caribbean ","High income",2009,NA,2.9000001,170.4709,NA,41.03934,-1.11803723642878,0.353045178360937
"CHL","Chile","Latin America & Caribbean ","High income",2010,8.018787,2.6932803,167.9876,NA,39.19497,5.85165102224047,1.41071107954321
"CHL","Chile","Latin America & Caribbean ","High income",2011,8.775351,2.3464556,162.2411,2.09334,42.99328,6.22389678509138,3.34121694259302
"CHL","Chile","Latin America & Caribbean ","High income",2012,9.288716,2.1571518,158.8958,1.469009,45.92777,6.15534001855494,3.00744840213047
"CHL","Chile","Latin America & Caribbean ","High income",2013,9.083609,2.1054329,153.7729,1.573981,49.75086,3.30850824710085,1.7895555398459
"CHL","Chile","Latin America & Caribbean ","High income",2014,9.340874,2.0596653,153.0652,1.545088,51.5858,1.79264947139259,4.71867527854672
"CHL","Chile","Latin America & Caribbean ","High income",2015,8.528882,1.8746633,146.7505,1.323605,55.29425,2.15194249981184,4.34877353217044
"CHL","Chile","Latin America & Caribbean ","High income",2016,8.49224,1.8326362,146.7808,1.234052,54.52404,1.753038749071,3.78619355893118
"CHL","Chile","Latin America & Caribbean ","High income",2017,8.689783,1.9163625,156.7947,1.384655,50.26846,1.35769537343957,2.18271846868519
"CHL","Chile","Latin America & Caribbean ","High income",2018,8.552716,1.8720146,156.8879,1.303123,52.29836,3.99002947789977,2.43488981353057
"CHL","Chile","Latin America & Caribbean ","High income",2019,7.761494,2.0550492,152.9551,1.316143,57.0317,0.644223402631923,2.55754475703327
"CHL","Chile","Latin America & Caribbean ","High income",2020,6.652649,1.5529892,134.5845,0.5801076,65.87315,-6.1396969411886,3.04549084804326
"CHL","Chile","Latin America & Caribbean ","High income",2021,7.446439,NA,128.7832,1.38407,62.60093,11.3374032409913,4.52456838259144
"CHN","China","East Asia & Pacific","Upper middle income",2000,19.23762,22.4,289.3878,0.724707,38.36139,8.57357328926101,0.347811226864587
"CHN","China","East Asia & Pacific","Upper middle income",2001,11.57558,29.799999,275.9464,0.7623997,39.81499,8.32404695347056,0.719125609120114
"CHN","China","East Asia & Pacific","Upper middle income",2002,10.80062,26,266.6251,0.7307595,44.00544,9.23604870383861,-0.731970902350244
"CHN","China","East Asia & Pacific","Upper middle income",2003,9.753115,20.4,268.2052,0.6906512,46.80051,10.1138119025242,1.12760348729637
"CHN","China","East Asia & Pacific","Upper middle income",2004,9.505338,13.2,257.8027,0.8501579,45.98566,10.1404291872206,3.82463743108159
"CHN","China","East Asia & Pacific","Upper middle income",2005,10.64458,8.6000004,251.8798,0.9062648,44.38909,11.4535130030645,1.77641407667571
"CHN","China","East Asia & Pacific","Upper middle income",2006,19.23969,7.0999999,242.3712,1.272403,45.02509,12.6752842281595,1.6494309945586
"CHN","China","East Asia & Pacific","Upper middle income",2007,20.36639,6.1999998,234.0957,1.461061,45.17979,14.1507710506103,4.81676767378834
"CHN","China","East Asia & Pacific","Upper middle income",2008,19.31134,2.4000001,246.6681,1.153701,41.34693,9.66877608164454,5.92525137041092
"CHN","China","East Asia & Pacific","Upper middle income",2009,18.67495,1.6,236.6498,1.215292,52.56515,9.40610014336416,-0.728165250932898
"CHN","China","East Asia & Pacific","Upper middle income",2010,19.80638,1.1323705,234.9772,1.426317,53.86623,10.5916903885704,3.17532475269199
"CHN","China","East Asia & Pacific","Upper middle income",2011,18.63039,0.96158553,251.1972,1.034591,49.00172,9.46205248298186,5.55389892257493
"CHN","China","East Asia & Pacific","Upper middle income",2012,19.79619,0.95367433,273.3517,1.779544,47.16198,7.8578201481217,2.61952432645541
"CHN","China","East Asia & Pacific","Upper middle income",2013,19.63847,0.99970281,285.7519,1.659392,47.00411,7.77842954757257,2.62105001748115
"CHN","China","East Asia & Pacific","Upper middle income",2014,20.26328,1.2487334,313.5894,1.550131,44.71932,7.46100735778161,1.92164162788521
"CHN","China","East Asia & Pacific","Upper middle income",2015,23.62905,1.6738802,311.2155,1.375859,49.02853,6.98162255562367,1.43702380935655
"CHN","China","East Asia & Pacific","Upper middle income",2016,21.81829,1.7444793,278.781,1.209516,56.03642,6.7736886867727,2.00000182191943
"CHN","China","East Asia & Pacific","Upper middle income",2017,22.5563,1.7443546,272.3647,1.218502,56.86593,6.89123916636191,1.59313600071436
"CHN","China","East Asia & Pacific","Upper middle income",2018,23.32925,1.8329488,303.1926,1.083939,52.04916,6.757806142324,2.07479039965576
"CHN","China","East Asia & Pacific","Upper middle income",2019,24.55772,1.8617549,327.0919,1.095228,50.56386,6.06737806333672,2.89923416358227
"CHN","China","East Asia & Pacific","Upper middle income",2020,24.44535,1.8396197,342.436,1.014297,53.40194,2.33950385203023,2.41942189457782
"CHN","China","East Asia & Pacific","Upper middle income",2021,25.01797,NA,365.9997,1.023541,48.66946,8.57038414981781,0.981015135544882
"COL","Colombia","Latin America & Caribbean ","Upper middle income",2000,2.12443,11,92.70055,-2.992116,22.3912,2.92486148176778,9.22534818585366
"COL","Colombia","Latin America & Caribbean ","Upper middle income",2001,3.436928,9.6999998,167.6137,0.6273674,13.01283,1.67789830787579,7.96556090304834
"COL","Colombia","Latin America & Caribbean ","Upper middle income",2002,3.660304,8.6999998,154.3221,0.9984478,13.81905,2.50398046659659,6.35150728778872
"COL","Colombia","Latin America & Caribbean ","Upper middle income",2003,4.210145,6.8000002,151.9774,2.295234,13.76258,3.91827190322513,7.1297886294186
"COL","Colombia","Latin America & Caribbean ","Upper middle income",2004,4.887276,3.3,161.6584,3.150941,14.88829,5.33302206759905,5.90402005546502
"COL","Colombia","Latin America & Caribbean ","Upper middle income",2005,5.189034,2.7,146.8288,2.881425,16.62461,4.82876110773741,5.05101962689696
"COL","Colombia","Latin America & Caribbean ","Upper middle income",2006,4.877285,2.7,170.4866,2.74501,17.57469,6.71686869844402,4.29342363628927
"COL","Colombia","Latin America & Caribbean ","Upper middle income",2007,NA,3.2,188.0396,NA,17.52505,6.73819469090975,5.54438485815156
"COL","Colombia","Latin America & Caribbean ","Upper middle income",2008,NA,3.9000001,200.9507,NA,17.09643,3.28344618616541,6.99688495554511
"COL","Colombia","Latin America & Caribbean ","Upper middle income",2009,NA,4,165.6543,NA,18.12708,1.13964864548062,4.20251661216482
"COL","Colombia","Latin America & Caribbean ","Upper middle income",2010,5.984405,2.8633766,162.9511,NA,19.83674,4.49465897070922,2.27200227892008
"COL","Colombia","Latin America & Caribbean ","Upper middle income",2011,5.447982,2.4955438,167.987,3.11586,20.79417,6.94789198173555,3.4150334477625
"COL","Colombia","Latin America & Caribbean ","Upper middle income",2012,5.837483,2.7584413,171.7709,2.699445,21.9598,3.91263576716115,3.16930188840055
"COL","Colombia","Latin America & Caribbean ","Upper middle income",2013,NA,2.7719927,163.213,NA,24.17408,5.13399351995672,2.01699224310383
"COL","Colombia","Latin America & Caribbean ","Upper middle income",2014,NA,2.9152608,175.6048,NA,24.12132,4.49903000110972,2.89883787761738
"COL","Colombia","Latin America & Caribbean ","Upper middle income",2015,6.413251,2.8476728,185.8894,2.339063,25.22206,2.95590137527523,4.9898311584953
"COL","Colombia","Latin America & Caribbean ","Upper middle income",2016,6.471997,3.1245365,205.7189,3.227731,22.86373,2.08738250162794,7.51346024627675
"COL","Colombia","Latin America & Caribbean ","Upper middle income",2017,5.932585,4.1797815,217.5151,1.91686,22.88914,1.35936086788746,4.31431325695011
"COL","Colombia","Latin America & Caribbean ","Upper middle income",2018,6.019376,4.4003755,217.3195,1.987892,22.80209,2.56432428277704,3.24056932930569
"COL","Colombia","Latin America & Caribbean ","Upper middle income",2019,6.134324,4.1744055,222.252,2.077987,23.19053,3.18685539245533,3.52301932741447
"COL","Colombia","Latin America & Caribbean ","Upper middle income",2020,5.253978,4.8022308,178.123,0.6305741,30.46985,-7.18591413760859,2.52663500084706
"COL","Colombia","Latin America & Caribbean ","Upper middle income",2021,4.320385,NA,166.6024,0.5899868,31.00632,10.8011981904878,3.49505757399448
"COM","Comoros","Sub-Saharan Africa ","Lower middle income",2001,NA,NA,47.21956,NA,8.872549,5.41959971808741,5.55459394816812
"COM","Comoros","Sub-Saharan Africa ","Lower middle income",2002,NA,NA,44.43094,NA,9.756708,4.59768263263243,3.53304214308078
"COM","Comoros","Sub-Saharan Africa ","Lower middle income",2003,NA,NA,51.7877,NA,9.10918,1.93442812313498,3.799081366719
"COM","Comoros","Sub-Saharan Africa ","Lower middle income",2004,NA,NA,48.71189,NA,8.28178,3.10041210399676,4.47499289078107
"COM","Comoros","Sub-Saharan Africa ","Lower middle income",2005,NA,NA,55.44147,NA,9.272939,5.66520240193151,3.0133239505812
"COM","Comoros","Sub-Saharan Africa ","Lower middle income",2006,NA,NA,46.89768,NA,10.39794,-1.75444679449394,3.37436360121204
"COM","Comoros","Sub-Saharan Africa ","Lower middle income",2007,NA,NA,49.31689,NA,10.77088,0.803599788247752,4.46616710098132
"COM","Comoros","Sub-Saharan Africa ","Lower middle income",2008,NA,NA,50.82409,NA,12.4011,3.96461118871815,1.7007817628453
"COM","Comoros","Sub-Saharan Africa ","Lower middle income",2009,NA,NA,65.08281,NA,13.40037,3.24074074074075,4.36234829325719
"COM","Comoros","Sub-Saharan Africa ","Lower middle income",2010,NA,NA,69.74469,NA,14.87633,3.77776673684423,3.35475770328919
"COM","Comoros","Sub-Saharan Africa ","Lower middle income",2011,NA,NA,69.17636,NA,15.20417,4.14350668765977,1.8426630075619
"COM","Comoros","Sub-Saharan Africa ","Lower middle income",2012,NA,NA,70.84251,NA,16.73811,3.1684098843342,6.31474450315177
"COM","Comoros","Sub-Saharan Africa ","Lower middle income",2013,NA,NA,76.85278,NA,16.36124,4.46624729869704,-4.29487331536756
"COM","Comoros","Sub-Saharan Africa ","Lower middle income",2014,NA,NA,80.20067,NA,16.78083,2.10665760321017,7.54755379096711
"COM","Comoros","Sub-Saharan Africa ","Lower middle income",2015,NA,NA,82.21752,NA,18.98779,1.14735632260047,-0.11717388419007
"COM","Comoros","Sub-Saharan Africa ","Lower middle income",2016,NA,NA,75.83516,NA,21.00926,3.3204465548877,0.797517430888487
"COM","Comoros","Sub-Saharan Africa ","Lower middle income",2017,NA,NA,83.1432,NA,19.55628,3.81576287489548,-0.237362224154613
"COM","Comoros","Sub-Saharan Africa ","Lower middle income",2018,NA,NA,77.18362,NA,20.20429,3.64245114733689,2.15155084413033
"COM","Comoros","Sub-Saharan Africa ","Lower middle income",2019,NA,NA,74.55327,NA,20.52533,1.76078023564568,3.58213544469211
"COM","Comoros","Sub-Saharan Africa ","Lower middle income",2020,NA,NA,64.18044,NA,22.92402,-0.195556841918759,0.786641929499151
"COM","Comoros","Sub-Saharan Africa ","Lower middle income",2021,NA,NA,57.72606,NA,26.61887,2.04245238320844,-0.00441793682346988
"COG","Congo, Rep.","Sub-Saharan Africa ","Lower middle income",2000,NA,NA,55.78893,NA,7.613312,7.5759803952642,-0.881991517025431
"COG","Congo, Rep.","Sub-Saharan Africa ","Lower middle income",2001,NA,NA,99.73444,NA,4.548655,3.80260189913561,0.0559899218140583
"COG","Congo, Rep.","Sub-Saharan Africa ","Lower middle income",2002,NA,NA,40.35412,NA,6.473032,4.58187006108889,4.37875971780873
"COG","Congo, Rep.","Sub-Saharan Africa ","Lower middle income",2003,NA,NA,54.01894,NA,6.200526,0.813264076303781,-0.631844987363156
"COG","Congo, Rep.","Sub-Saharan Africa ","Lower middle income",2004,NA,NA,43.94415,NA,6.175051,3.47663162118089,2.42976607961799
"COG","Congo, Rep.","Sub-Saharan Africa ","Lower middle income",2005,NA,NA,34.73716,NA,6.331885,7.75575897806648,3.09449011456182
"COG","Congo, Rep.","Sub-Saharan Africa ","Lower middle income",2006,NA,NA,23.6278,NA,8.439455,7.98623836334291,6.53784395299604
"COG","Congo, Rep.","Sub-Saharan Africa ","Lower middle income",2007,NA,NA,21.07031,NA,10.27906,-6.61399480441001,2.65464645060703
"COG","Congo, Rep.","Sub-Saharan Africa ","Lower middle income",2008,NA,NA,29.10202,NA,11.03833,6.30637595585259,4.95875092023152
"COG","Congo, Rep.","Sub-Saharan Africa ","Lower middle income",2009,NA,NA,34.98576,NA,13.60121,11.6372888615758,4.41500374795223
"COG","Congo, Rep.","Sub-Saharan Africa ","Lower middle income",2010,NA,0.96437234,35.37719,NA,14.11765,9.93126543095578,0.391525011227612
"COG","Congo, Rep.","Sub-Saharan Africa ","Lower middle income",2011,NA,1.078087,33.83313,NA,18.51874,2.20591936286718,1.75958704273803
"COG","Congo, Rep.","Sub-Saharan Africa ","Lower middle income",2012,NA,1.5193151,41.18672,NA,17.91487,9.94715314257564,5.01018773134471
"COG","Congo, Rep.","Sub-Saharan Africa ","Lower middle income",2013,NA,1.2248755,49.22302,NA,17.96434,-0.712434451876447,4.63161619729461
"COG","Congo, Rep.","Sub-Saharan Africa ","Lower middle income",2014,NA,2.5060634,53.01336,NA,20.97856,6.64606540928447,0.912139545450097
"COG","Congo, Rep.","Sub-Saharan Africa ","Lower middle income",2015,NA,3.5725797,69.34772,NA,22.87346,0.415193061293763,3.16909796750829
"COG","Congo, Rep.","Sub-Saharan Africa ","Lower middle income",2016,NA,4.8477355,83.90613,NA,22.87646,-8.68524343913786,3.19056179723773
"COG","Congo, Rep.","Sub-Saharan Africa ","Lower middle income",2017,NA,13.290132,88.90433,NA,18.7823,-5.59477371915547,0.450063823285546
"COG","Congo, Rep.","Sub-Saharan Africa ","Lower middle income",2018,NA,18.197471,93.52575,NA,14.9619,-2.30431780125842,1.15277896375523
"COG","Congo, Rep.","Sub-Saharan Africa ","Lower middle income",2019,NA,23.073929,83.5898,NA,15.82234,1.12447391976529,2.20607305781525
"CRI","Costa Rica","Latin America & Caribbean ","High income",2000,20.83077,3.5,170.8712,2.618949,14.92545,3.80207210664838,10.9615496593622
"CRI","Costa Rica","Latin America & Caribbean ","High income",2001,20.55849,2.4000001,166.6568,2.016344,16.94464,3.49117013515725,11.2556157091172
"CRI","Costa Rica","Latin America & Caribbean ","High income",2002,20.52114,3.2,163.5317,1.876941,18.57645,3.41687615891895,9.16752048509119
"CRI","Costa Rica","Latin America & Caribbean ","High income",2003,21.37616,1.7,158.9901,2.10068,19.86881,4.31718000096654,9.44758091616984
"CRI","Costa Rica","Latin America & Caribbean ","High income",2004,19.20137,2,151.4199,2.193377,21.02791,4.42459978667458,12.3148150178852
"CRI","Costa Rica","Latin America & Caribbean ","High income",2005,19.51401,1.4,159.3128,2.328078,22.18225,3.97666631433462,13.7982949108987
"CRI","Costa Rica","Latin America & Caribbean ","High income",2006,20.92518,1.4,157.9628,2.413784,23.69852,7.3266951372695,11.4705968149052
"CRI","Costa Rica","Latin America & Caribbean ","High income",2007,20.06151,1.2,183.3072,2.219153,23.61982,8.21513209207497,9.35724456417157
"CRI","Costa Rica","Latin America & Caribbean ","High income",2008,20.35137,1.5,215.4327,2.301712,22.69653,4.73817511214847,13.4244635507284
"CRI","Costa Rica","Latin America & Caribbean ","High income",2009,19.73983,2.0999999,188.8905,1.082543,24.87585,-0.87345608994562,7.84270167700654
"CRI","Costa Rica","Latin America & Caribbean ","High income",2010,21.14773,1.8552046,175.8401,1.41899,24.82702,5.36034347722267,5.66275708420021
"CRI","Costa Rica","Latin America & Caribbean ","High income",2011,21.45408,1.8168766,186.6227,1.543647,24.36503,4.40315921836142,4.87799830970702
"CRI","Costa Rica","Latin America & Caribbean ","High income",2012,21.49812,1.7451562,198.9007,1.621248,23.58974,4.88259252932575,4.49545314354605
"CRI","Costa Rica","Latin America & Caribbean ","High income",2013,20.18664,1.7486117,200.2183,1.128384,24.53415,2.49476596233289,5.23133614174428
"CRI","Costa Rica","Latin America & Caribbean ","High income",2014,17.49226,1.5529506,208.916,1.122968,25.12701,3.54210997703849,4.51920098516954
"CRI","Costa Rica","Latin America & Caribbean ","High income",2015,17.436,1.6641784,207.5438,1.280728,26.24996,3.65208093006359,0.801982005099623
"CRI","Costa Rica","Latin America & Caribbean ","High income",2016,20.19376,1.5532381,215.1568,1.588644,26.88132,4.20432320775184,-0.0174788505908217
"CRI","Costa Rica","Latin America & Caribbean ","High income",2017,18.72457,2.0532816,226.6642,1.028789,25.83607,4.15769914676933,1.62590692991732
"CRI","Costa Rica","Latin America & Caribbean ","High income",2018,19.15008,2.1177312,223.2066,1.022794,26.59702,2.85285959760458,2.22111461526581
"CRI","Costa Rica","Latin America & Caribbean ","High income",2019,20.40005,2.3952961,201.7086,1.274389,27.3827,2.70813912948329,2.09604635327807
"CRI","Costa Rica","Latin America & Caribbean ","High income",2020,18.81415,2.4299215,157.8255,0.9485151,37.64637,-4.14159340574358,0.724911478131376
"CRI","Costa Rica","Latin America & Caribbean ","High income",2021,19.60885,NA,136.3559,1.364715,41.08471,8.21817953969082,1.72647755109241
"CIV","Cote d'Ivoire","Sub-Saharan Africa ","Lower middle income",2000,17.31451,NA,111.825,1.46739,8.629765,-0.265789462275947,2.53077516737997
"CIV","Cote d'Ivoire","Sub-Saharan Africa ","Lower middle income",2001,17.50802,NA,116.5316,0.9872431,8.309958,-2.15401249077306,4.36152914007256
"CIV","Cote d'Ivoire","Sub-Saharan Africa ","Lower middle income",2002,18.82406,NA,97.49941,0.7323661,9.764173,-2.73052647441901,3.07726485157427
"CIV","Cote d'Ivoire","Sub-Saharan Africa ","Lower middle income",2003,21.22235,NA,91.14022,0.8198787,9.558873,-4.72586658630681,3.29680746974208
"CIV","Cote d'Ivoire","Sub-Saharan Africa ","Lower middle income",2004,23.08921,NA,93.04328,1.30214,10.09178,3.18503822575397,1.45798835600741
"CIV","Cote d'Ivoire","Sub-Saharan Africa ","Lower middle income",2005,22.12253,NA,89.61938,0.9240242,10.35212,0.996065564854788,3.88583039886482
"CIV","Cote d'Ivoire","Sub-Saharan Africa ","Lower middle income",2006,22.19983,NA,87.78305,2.352457,11.01191,2.81557859252327,2.46719148596915
"CIV","Cote d'Ivoire","Sub-Saharan Africa ","Lower middle income",2007,21.32199,NA,86.69873,2.449154,12.7497,1.10142976793477,1.89200629349598
"CIV","Cote d'Ivoire","Sub-Saharan Africa ","Lower middle income",2008,19.71332,NA,89.50811,2.296346,12.44942,4.7826659787672,6.30852769152578
"CIV","Cote d'Ivoire","Sub-Saharan Africa ","Lower middle income",2009,23.52496,NA,87.76696,2.032149,13.41341,3.60332156667053,1.01950457731138
"CIV","Cote d'Ivoire","Sub-Saharan Africa ","Lower middle income",2010,20.50408,NA,81.28004,1.922742,14.50069,6.84804939907013,1.2264561213548
"CIV","Cote d'Ivoire","Sub-Saharan Africa ","Lower middle income",2011,19.43423,NA,68.03628,0.3859294,17.402,-5.37044724000579,4.9124339505245
"CIV","Cote d'Ivoire","Sub-Saharan Africa ","Lower middle income",2012,17.64459,NA,70.68189,1.356654,17.53925,7.62041176451649,1.30451119915606
"CIV","Cote d'Ivoire","Sub-Saharan Africa ","Lower middle income",2013,17.57693,NA,76.89827,2.589301,17.38276,10.7602131311256,2.58117037252936
"CIV","Cote d'Ivoire","Sub-Saharan Africa ","Lower middle income",2014,16.24919,NA,77.69889,1.772182,18.32971,9.37199994240375,0.448682076766141
"CIV","Cote d'Ivoire","Sub-Saharan Africa ","Lower middle income",2015,16.3723,NA,83.54501,1.95227,19.68866,7.19494942728191,1.25149954781468
"CIV","Cote d'Ivoire","Sub-Saharan Africa ","Lower middle income",2016,16.23994,NA,90.38123,2.132453,19.61902,7.17275963956332,0.723178457513308
"CIV","Cote d'Ivoire","Sub-Saharan Africa ","Lower middle income",2017,16.31917,NA,93.47014,2.00568,20.92923,7.41076242592504,0.685881065304603
"CIV","Cote d'Ivoire","Sub-Saharan Africa ","Lower middle income",2018,16.5086,NA,85.92531,1.777815,22.59575,4.84314605889178,0.401297817263547
"CIV","Cote d'Ivoire","Sub-Saharan Africa ","Lower middle income",2019,17.51922,NA,83.35384,1.798181,23.53886,6.72137167584978,0.790855512053661
"CIV","Cote d'Ivoire","Sub-Saharan Africa ","Lower middle income",2020,16.94303,NA,76.45822,1.898748,27.70216,0.699728593494228,2.41252617189053
"CIV","Cote d'Ivoire","Sub-Saharan Africa ","Lower middle income",2021,19.02191,NA,71.98973,1.767253,30.40386,7.06253713446816,4.15919657911798
"HRV","Croatia","Europe & Central Asia","High income",2000,6.617574,9.5,86.10377,1.630848,36.47415,2.94765913375998,4.61131554737801
"HRV","Croatia","Europe & Central Asia","High income",2001,5.057924,7.3000002,71.55409,1.090151,50.19317,3.11089328552634,3.77670246665889
"HRV","Croatia","Europe & Central Asia","High income",2002,5.536661,10.2,85.55369,1.833984,49.89643,5.80141595577015,1.67178437393384
"HRV","Croatia","Europe & Central Asia","High income",2003,5.092443,8.8999996,88.62503,1.703563,50.37452,5.56842901730823,1.76733780760629
"HRV","Croatia","Europe & Central Asia","High income",2004,5.082476,7.5,92.41996,1.699165,51.25132,4.17049297825163,2.05539679050328
"HRV","Croatia","Europe & Central Asia","High income",2005,5.325206,6.1999998,97.69987,1.600649,52.66854,4.32819454299167,3.31717824448043
"HRV","Croatia","Europe & Central Asia","High income",2006,5.564413,5.1999998,101.9296,1.347633,56.90014,5.06986521577841,3.18982591472949
"HRV","Croatia","Europe & Central Asia","High income",2007,7.2681,4.8000002,98.6631,1.820854,61.85882,5.04884076732965,2.89928275583389
"HRV","Croatia","Europe & Central Asia","High income",2008,7.795281,4.9000001,106.1161,1.414386,59.96301,1.97176786914632,6.07696838798352
"HRV","Croatia","Europe & Central Asia","High income",2009,7.754302,7.6999998,105.301,1.232268,62.8955,-6.81168973851901,2.37852845904671
"HRV","Croatia","Europe & Central Asia","High income",2010,7.730999,11.09227,94.08118,1.111097,71.81773,-1.33616285467264,1.03055505333576
"HRV","Croatia","Europe & Central Asia","High income",2011,7.637905,12.272916,97.23115,1.161465,71.20052,-0.111527124990047,2.27272727272722
"HRV","Croatia","Europe & Central Asia","High income",2012,7.861647,13.759553,109.7665,0.9008079,63.75419,-2.23702049605232,3.41207349081368
"HRV","Croatia","Europe & Central Asia","High income",2013,7.394768,15.43037,109.7466,0.2006961,62.55451,-0.132561080066893,2.21658206429779
"HRV","Croatia","Europe & Central Asia","High income",2014,7.605237,16.706097,106.8845,0.5362245,62.95468,-0.559537666687092,-0.215196159576176
"HRV","Croatia","Europe & Central Asia","High income",2015,6.566321,16.330256,99.49027,-0.6604725,63.9245,2.32056679330526,-0.464499004645003
"HRV","Croatia","Europe & Central Asia","High income",2016,8.026342,13.609361,92.58867,1.646281,64.15093,3.46613146011039,-1.12500000000002
"HRV","Croatia","Europe & Central Asia","High income",2017,8.239655,11.201542,89.28386,1.07431,63.09194,3.2840626939789,1.12937210282347
"HRV","Croatia","Europe & Central Asia","High income",2018,7.880998,9.7069219,84.07613,1.418414,64.97176,2.91107146210912,1.50012501041747
"HRV","Croatia","Europe & Central Asia","High income",2019,7.937998,6.9896316,83.51995,1.606883,63.58835,3.10247285336254,0.771820346498112
"HRV","Croatia","Europe & Central Asia","High income",2020,7.289279,7.1776003,77.33073,0.7733377,77.28134,-8.31046995309319,0.154811374562106
"HRV","Croatia","Europe & Central Asia","High income",2021,7.392629,NA,69.84996,1.37403,77.2496,12.6312741312741,2.55450699642041
"CYP","Cyprus","Europe & Central Asia","High income",2000,9.54219,NA,100.5815,1.41186,150.4484,5.96530445494226,4.14165764702055
"CYP","Cyprus","Europe & Central Asia","High income",2001,7.832068,NA,94.37456,1.471778,89.56311,3.95256258200938,1.97304191729917
"CYP","Cyprus","Europe & Central Asia","High income",2002,9.291947,NA,92.20531,0.7168308,94.89113,3.72297491128981,2.80115505180745
"CYP","Cyprus","Europe & Central Asia","High income",2003,7.933188,NA,92.13039,1.093647,93.50822,2.62329962315329,4.13906538686852
"CYP","Cyprus","Europe & Central Asia","High income",2004,6.805026,NA,94.20152,1.87067,91.54167,5.02627226665527,2.28621706801678
"CYP","Cyprus","Europe & Central Asia","High income",2005,5.759692,NA,107.7009,1.985186,145.3418,4.85298762175586,2.56016132330235
"CYP","Cyprus","Europe & Central Asia","High income",2006,5.728607,NA,107.6227,1.451394,151.275,4.71378358593959,2.30468732978553
"CYP","Cyprus","Europe & Central Asia","High income",2007,10.40343,NA,108.3102,2.206194,166.7066,5.09822614854798,2.37265183669718
"CYP","Cyprus","Europe & Central Asia","High income",2008,10.2144,3.5999999,NA,-0.3442094,NA,3.64698922103939,4.66900841902491
"CYP","Cyprus","Europe & Central Asia","High income",2009,8.482056,4.5,NA,0.7995847,NA,-2.01508203683694,0.326276652249793
"CYP","Cyprus","Europe & Central Asia","High income",2010,8.160662,5.8217226,NA,0.8703246,NA,2.28267100119788,2.43004084102251
"CYP","Cyprus","Europe & Central Asia","High income",2011,1.576496,9.9862342,NA,-4.416126,NA,0.416711868408683,3.2894493956421
"CYP","Cyprus","Europe & Central Asia","High income",2012,8.428222,18.374946,NA,1.380427,NA,-3.44738151374587,2.38905410042326
"CYP","Cyprus","Europe & Central Asia","High income",2013,9.23225,38.55704,NA,1.058582,NA,-6.58747751118347,-0.399357676464425
"CYP","Cyprus","Europe & Central Asia","High income",2014,8.272057,44.972073,NA,-0.3696351,NA,-1.77605867728616,-1.35498885446315
"CYP","Cyprus","Europe & Central Asia","High income",2015,8.268928,47.747846,NA,-0.2916986,NA,3.41892038889013,-2.0969976905312
"CYP","Cyprus","Europe & Central Asia","High income",2016,9.832859,36.699118,NA,0.6457554,NA,6.57359080924678,-1.42916666666665
"CYP","Cyprus","Europe & Central Asia","High income",2017,7.110081,31.388895,NA,-0.8353804,NA,5.75083236554525,0.531766496174467
"CYP","Cyprus","Europe & Central Asia","High income",2018,7.88143,19.52051,NA,1.078098,NA,6.27166360056404,1.43549119531759
"CYP","Cyprus","Europe & Central Asia","High income",2019,8.028267,17.093104,NA,0.2384992,NA,5.87559583386607,0.250370996758493
"CYP","Cyprus","Europe & Central Asia","High income",2020,7.120387,15.019084,NA,-0.0376844,NA,-3.22063018637567,-0.638422797978861
"CYP","Cyprus","Europe & Central Asia","High income",2021,6.074417,NA,NA,0.1307092,NA,11.3975590801512,2.44608867175474
"CZE","Czechia","Europe & Central Asia","High income",2000,8.341993,29.299999,80.93616,0.3780979,53.32428,NA,NA
"CZE","Czechia","Europe & Central Asia","High income",2001,7.225732,13.7,64.2847,0.8997452,55.26976,NA,NA
"CZE","Czechia","Europe & Central Asia","High income",2002,8.982721,8.1000004,47.51028,2.004199,56.36382,NA,NA
"CZE","Czechia","Europe & Central Asia","High income",2003,9.696417,4.9000001,48.23978,2.436392,57.4489,NA,NA
"CZE","Czechia","Europe & Central Asia","High income",2004,10.7916,4,52.56434,2.64877,54.79139,NA,NA
"CZE","Czechia","Europe & Central Asia","High income",2005,10.31883,3.9000001,59.09938,2.173674,55.45819,NA,NA
"CZE","Czechia","Europe & Central Asia","High income",2006,9.850649,3.5999999,65.74259,1.928776,56.56075,NA,NA
"CZE","Czechia","Europe & Central Asia","High income",2007,8.266711,2.4000001,74.55438,2.072555,58.60817,NA,NA
"CZE","Czechia","Europe & Central Asia","High income",2008,10.02288,2.8,79.36471,1.505869,60.39635,NA,NA
"CZE","Czechia","Europe & Central Asia","High income",2009,10.8644,4.5999999,75.6624,2.127729,59.42612,NA,NA
"CZE","Czechia","Europe & Central Asia","High income",2010,11.02247,5.3860667,77.14265,1.794826,60.0408,NA,NA
"CZE","Czechia","Europe & Central Asia","High income",2011,10.76262,5.217252,80.06023,1.578732,60.34586,NA,NA
"CZE","Czechia","Europe & Central Asia","High income",2012,12.21091,5.239479,78.37275,1.973898,63.03112,NA,NA
"CZE","Czechia","Europe & Central Asia","High income",2013,11.67634,5.1972813,76.63388,1.710145,66.03354,NA,NA
"CZE","Czechia","Europe & Central Asia","High income",2014,12.24763,5.6074178,74.17182,1.506772,66.67345,NA,NA
"CZE","Czechia","Europe & Central Asia","High income",2015,12.14578,5.4840519,73.26678,1.603294,67.61345,NA,NA
"CZE","Czechia","Europe & Central Asia","High income",2016,11.56156,4.594898,73.92386,1.697985,69.06567,NA,NA
"CZE","Czechia","Europe & Central Asia","High income",2017,10.4291,3.7417204,70.74889,1.485702,71.94994,NA,NA
"CZE","Czechia","Europe & Central Asia","High income",2018,10.2291,3.1401173,70.92962,1.415441,72.37445,NA,NA
"CZE","Czechia","Europe & Central Asia","High income",2019,10.83713,2.7028243,69.69035,1.48667,72.14381,NA,NA
"CZE","Czechia","Europe & Central Asia","High income",2020,10.51501,2.9569782,66.09281,0.7608637,80.49432,NA,NA
"CZE","Czechia","Europe & Central Asia","High income",2021,10.34125,NA,66.70601,1.071802,80.36269,NA,NA
"DNK","Denmark","Europe & Central Asia","High income",2000,20.06971,NA,288.9056,0.8473505,45.63068,3.72400899471576,2.90328203236461
"DNK","Denmark","Europe & Central Asia","High income",2001,18.58212,0.69999999,303.7357,0.9441662,45.66105,0.95003224600012,2.33787000255263
"DNK","Denmark","Europe & Central Asia","High income",2002,17.68398,1.7,303.9001,0.9369099,46.59002,0.456530018779986,2.42443661219695
"DNK","Denmark","Europe & Central Asia","High income",2003,18.5837,0.80000001,304.6988,1.21347,48.50037,0.441091006625101,2.07507820646506
"DNK","Denmark","Europe & Central Asia","High income",2004,18.52977,0.69999999,298.9423,1.01514,51.49608,2.77635180744053,1.15435693124934
"DNK","Denmark","Europe & Central Asia","High income",2005,17.12807,0.2,293.6472,1.117574,56.98678,2.35960882992528,1.81781458291254
"DNK","Denmark","Europe & Central Asia","High income",2006,18.07074,NA,305.2777,1.187015,58.98417,3.81648769908172,1.92422138464584
"DNK","Denmark","Europe & Central Asia","High income",2007,15.60151,0.60000002,307.1105,0.8598123,64.27599,0.987173815945127,1.69326586220324
"DNK","Denmark","Europe & Central Asia","High income",2008,11.38008,1.2,313.3344,-0.1816623,67.17631,-0.417178439991005,3.41626794258374
"DNK","Denmark","Europe & Central Asia","High income",2009,12.24932,3.3,355.0566,-0.2375249,56.68361,-4.97447905669058,1.30470991024336
"DNK","Denmark","Europe & Central Asia","High income",2010,13.78698,4.0686363,363.4587,0.2251465,53.11166,1.58289703108802,2.31092436974786
"DNK","Denmark","Europe & Central Asia","High income",2011,14.58393,3.6603429,370.9002,0.0974433,50.48299,1.3108037609606,2.7586822605125
"DNK","Denmark","Europe & Central Asia","High income",2012,16.10142,5.9505178,358.0661,0.238216,50.85557,-0.00543230161670749,2.3979148566464
"DNK","Denmark","Europe & Central Asia","High income",2013,18.28209,4.6181437,345.1681,0.3625537,51.28306,1.39267343161971,0.789071780078062
"DNK","Denmark","Europe & Central Asia","High income",2014,18.40098,4.4007907,325.0875,0.2862821,53.31664,1.27799983192831,0.56402054044954
"DNK","Denmark","Europe & Central Asia","High income",2015,24.38521,3.6862359,313.6322,0.7424529,54.19263,2.10441456445301,0.452034153691575
"DNK","Denmark","Europe & Central Asia","High income",2016,NA,3.2101233,297.0956,0.9737919,56.06312,3.07304549209093,0.250000000000031
"DNK","Denmark","Europe & Central Asia","High income",2017,NA,2.2942915,282.653,1.306166,57.24577,3.05647723922718,1.14713216957602
"DNK","Denmark","Europe & Central Asia","High income",2018,25.77088,1.7103049,284.9209,0.8609248,56.59733,1.8600074900921,0.813609467455631
"DNK","Denmark","Europe & Central Asia","High income",2019,25.57506,1.7151032,274.9444,0.686938,58.51832,1.71140093932736,0.75813157251162
"DNK","Denmark","Europe & Central Asia","High income",2020,22.6822,1.8160017,254.9727,0.4085091,64.05716,-1.78010601831291,0.420711974110025
"DNK","Denmark","Europe & Central Asia","High income",2021,26.42471,NA,264.4569,0.8552545,60.02859,6.50025445756295,1.85304543989689
"DJI","Djibouti","Middle East, North Africa, Afghanistan & Pakistan","Lower middle income",2009,11.23716,9.3000002,37.08095,NA,58.27888,NA,1.67549587285963
"DJI","Djibouti","Middle East, North Africa, Afghanistan & Pakistan","Lower middle income",2010,9.134362,NA,39.64789,1.974844,61.11073,NA,3.95007875923886
"DJI","Djibouti","Middle East, North Africa, Afghanistan & Pakistan","Lower middle income",2011,11.45902,NA,42.84792,0.5492532,51.41089,NA,5.0687139477798
"DJI","Djibouti","Middle East, North Africa, Afghanistan & Pakistan","Lower middle income",2012,15.9094,11.534366,37.79636,2.571956,54.52831,NA,3.73120950756887
"DJI","Djibouti","Middle East, North Africa, Afghanistan & Pakistan","Lower middle income",2013,17.0551,15.336853,41.12928,2.161367,53.8816,NA,2.70603242872186
"DJI","Djibouti","Middle East, North Africa, Afghanistan & Pakistan","Lower middle income",2014,13.68825,18.729668,42.10793,0.9135897,52.67294,7.19298728463697,1.34186494340162
"DJI","Djibouti","Middle East, North Africa, Afghanistan & Pakistan","Lower middle income",2015,11.8607,19.954887,37.61061,0.9553291,57.20819,7.30898563450799,-0.522166521445793
"DJI","Djibouti","Middle East, North Africa, Afghanistan & Pakistan","Lower middle income",2016,NA,22.473306,33.72623,NA,58.22241,7.1234323372872,2.4025290543489
"DJI","Djibouti","Middle East, North Africa, Afghanistan & Pakistan","Lower middle income",2017,10.34672,16.521317,31.02841,NA,68.13545,5.458091517212,0.577285724560661
"DJI","Djibouti","Middle East, North Africa, Afghanistan & Pakistan","Lower middle income",2018,13.12097,18.060113,35.75804,0.9171132,58.50815,4.77433934943193,0.138836400011405
"DJI","Djibouti","Middle East, North Africa, Afghanistan & Pakistan","Lower middle income",2019,16.97244,16.036584,35.77908,1.133952,57.66521,5.54508081154978,3.31763203299603
"DJI","Djibouti","Middle East, North Africa, Afghanistan & Pakistan","Lower middle income",2020,NA,13.250663,28.79324,NA,67.15524,1.2021151728969,1.77900535643955
"DJI","Djibouti","Middle East, North Africa, Afghanistan & Pakistan","Lower middle income",2021,NA,NA,25.81704,NA,72.49702,4.40715667561153,1.18086783934059
"DMA","Dominica","Latin America & Caribbean ","Upper middle income",2000,NA,NA,90.45304,NA,55.7563,2.3402193777688,0.856946805358483
"DMA","Dominica","Latin America & Caribbean ","Upper middle income",2001,NA,NA,82.75936,NA,57.82505,-0.0638434428881567,1.3038940346596
"DMA","Dominica","Latin America & Caribbean ","Upper middle income",2002,NA,NA,74.22785,NA,64.89301,-3.08742052359268,0.170055330197681
"DMA","Dominica","Latin America & Caribbean ","Upper middle income",2003,NA,NA,66.01109,NA,68.74187,5.80495468629533,1.45336800437251
"DMA","Dominica","Latin America & Caribbean ","Upper middle income",2004,NA,NA,66.48599,NA,68.36732,4.09783662273917,2.39410982050298
"DMA","Dominica","Latin America & Caribbean ","Upper middle income",2005,NA,NA,66.785,NA,72.75011,0.915286472779144,1.68190079877553
"DMA","Dominica","Latin America & Caribbean ","Upper middle income",2006,NA,NA,66.93611,NA,75.31756,4.40077479812059,2.2023913263167
"DMA","Dominica","Latin America & Caribbean ","Upper middle income",2007,NA,NA,63.87132,NA,76.90572,5.3579375575878,3.63222129317821
"DMA","Dominica","Latin America & Caribbean ","Upper middle income",2008,NA,NA,64.98874,NA,75.33089,7.12131217762231,6.35992183336295
"DMA","Dominica","Latin America & Caribbean ","Upper middle income",2009,NA,NA,63.00622,NA,77.63764,-1.13575145648322,0.00626357107066859
"DMA","Dominica","Latin America & Caribbean ","Upper middle income",2010,NA,NA,66.93316,NA,79.33677,-0.105610857694984,2.99936630549
"DMA","Dominica","Latin America & Caribbean ","Upper middle income",2011,NA,NA,69.244,NA,80.31741,0.0427388878891435,1.1312313652648
"DMA","Dominica","Latin America & Caribbean ","Upper middle income",2012,NA,NA,63.7918,NA,92.67043,-0.15739179314221,1.3567714780886
"DMA","Dominica","Latin America & Caribbean ","Upper middle income",2013,NA,NA,61.60387,NA,93.53471,0.0045039972976042,-0.0464116468805992
"DMA","Dominica","Latin America & Caribbean ","Upper middle income",2014,NA,NA,57.2377,NA,93.77516,2.33521742067693,0.799250372687492
"DMA","Dominica","Latin America & Caribbean ","Upper middle income",2015,NA,NA,54.83521,NA,93.56441,-3.37338262476895,-0.84382698463833
"DMA","Dominica","Latin America & Caribbean ","Upper middle income",2016,NA,NA,50.49643,NA,92.96866,1.44724556489263,0.141816225732312
"DMA","Dominica","Latin America & Caribbean ","Upper middle income",2017,NA,NA,42.65793,NA,119.578,-7.5443637547282,0.296252889279487
"DMA","Dominica","Latin America & Caribbean ","Upper middle income",2018,NA,NA,41.72684,NA,113.046,2.964010610466,0.98919111918989
"DMA","Dominica","Latin America & Caribbean ","Upper middle income",2019,NA,NA,44.92508,NA,89.94616,3.94809757938053,1.50462353858141
"DMA","Dominica","Latin America & Caribbean ","Upper middle income",2020,NA,NA,55.62589,NA,95.71721,-15.7064024545862,1.22026442242476
"DMA","Dominica","Latin America & Caribbean ","Upper middle income",2021,NA,NA,56.52095,NA,90.13515,5.37983838954712,2.22891330700344
"DOM","Dominican Republic","Latin America & Caribbean ","Upper middle income",2000,32.974,2.5999999,113.6581,2.412546,25.17267,4.65172550299128,7.72413566181616
"DOM","Dominican Republic","Latin America & Caribbean ","Upper middle income",2001,33.16689,2.5,179.0346,2.448295,17.54842,2.46937023763239,8.88306848812961
"DOM","Dominican Republic","Latin America & Caribbean ","Upper middle income",2002,39.92155,3.8,177.7697,2.793683,18.22803,4.48650367045651,5.22336769759447
"DOM","Dominican Republic","Latin America & Caribbean ","Upper middle income",2003,30.66366,8.6999998,131.7422,1.498592,23.46845,-1.34935744782766,27.4497127394395
"DOM","Dominican Republic","Latin America & Caribbean ","Upper middle income",2004,30.64993,7.3000002,110.256,2.045091,17.20122,2.58556667449577,51.4608598338065
"DOM","Dominican Republic","Latin America & Caribbean ","Upper middle income",2005,30.68496,5.9000001,101.436,1.827136,18.28384,9.43178931977285,4.19020260472056
"DOM","Dominican Republic","Latin America & Caribbean ","Upper middle income",2006,33.30424,4.5,96.08385,2.444279,18.25501,9.17120650955299,7.57280523853074
"DOM","Dominican Republic","Latin America & Caribbean ","Upper middle income",2007,32.06005,4,99.93227,2.566382,19.46512,7.41840577774235,6.14356655248047
"DOM","Dominican Republic","Latin America & Caribbean ","Upper middle income",2008,33.28437,3.7,110.9414,2.715766,17.27872,3.26808671288212,10.6446210953712
"DOM","Dominican Republic","Latin America & Caribbean ","Upper middle income",2009,31.04496,4.3000002,104.6825,2.282097,19.61053,1.00345293018719,1.44215131834353
"DOM","Dominican Republic","Latin America & Caribbean ","Upper middle income",2010,32.25481,3.1291942,107.88,2.578319,20.14961,8.40114541209596,6.32993220146146
"DOM","Dominican Republic","Latin America & Caribbean ","Upper middle income",2011,32.62072,2.870638,106.2551,2.263838,20.67632,3.19196227475523,5.79676809206533
"DOM","Dominican Republic","Latin America & Caribbean ","Upper middle income",2012,33.06392,3.4548601,101.9256,2.177489,21.11814,2.77567100848816,3.69449707884777
"DOM","Dominican Republic","Latin America & Caribbean ","Upper middle income",2013,32.09081,2.2517968,102.6463,2.271123,21.98308,4.93473300709881,4.830950967408
"DOM","Dominican Republic","Latin America & Caribbean ","Upper middle income",2014,31.62562,1.5364899,116.6862,2.196672,20.70678,7.11122629673892,2.99864226125219
"DOM","Dominican Republic","Latin America & Caribbean ","Upper middle income",2015,36.20605,1.7259499,115.7404,2.058415,21.47626,6.98771131236387,0.836746346724557
"DOM","Dominican Republic","Latin America & Caribbean ","Upper middle income",2016,38.14822,1.7369883,118.0824,2.438814,21.7035,6.71974078681295,1.61416607245223
"DOM","Dominican Republic","Latin America & Caribbean ","Upper middle income",2017,34.46243,1.9065863,118.4212,2.387412,21.86977,3.93386176401576,3.27955694678546
"DOM","Dominican Republic","Latin America & Caribbean ","Upper middle income",2018,34.36922,1.6176697,121.0433,2.264826,21.36171,7.09751640210159,3.56443426013508
"DOM","Dominican Republic","Latin America & Caribbean ","Upper middle income",2019,34.62232,1.5534851,116.4832,2.225068,23.0601,4.8940301149584,1.81060377042959
"DOM","Dominican Republic","Latin America & Caribbean ","Upper middle income",2020,31.06544,NA,95.25696,1.651126,30.41332,-7.92905234231061,3.78103179915517
"DOM","Dominican Republic","Latin America & Caribbean ","Upper middle income",2021,32.58395,NA,91.11948,2.256886,29.32611,14.0124289062207,8.24300347981809
"ECU","Ecuador","Latin America & Caribbean ","Upper middle income",2000,5.890882,31,138.9281,-17.58569,18.72971,1.09180164720277,96.0963756926096
"ECU","Ecuador","Latin America & Caribbean ","Upper middle income",2001,10.58554,13.4,126.3264,-4.367454,18.96309,4.20627185748789,37.6767454518094
"ECU","Ecuador","Latin America & Caribbean ","Upper middle income",2002,10.11148,8.3999996,109.5124,-1.28875,16.47235,4.92809549611376,12.4835980082095
"ECU","Ecuador","Latin America & Caribbean ","Upper middle income",2003,10.49036,7.9000001,96.67083,0.897069,17.21797,2.88450036512064,7.92936487461556
"ECU","Ecuador","Latin America & Caribbean ","Upper middle income",2004,10.34352,6.4000001,93.09631,-2.47874,20.10627,6.83239736646514,2.74323198926704
"ECU","Ecuador","Latin America & Caribbean ","Upper middle income",2005,10.13633,5.5,97.1422,-4.752146,20.90224,5.39862243994342,2.1682770118372
"ECU","Ecuador","Latin America & Caribbean ","Upper middle income",2006,11.41771,4.0999999,100.9456,2.558435,20.89988,4.34113198577639,3.29874846258215
"ECU","Ecuador","Latin America & Caribbean ","Upper middle income",2007,11.24322,3.7,97.84889,1.894517,22.48377,1.90242859700484,2.27618478002121
"ECU","Ecuador","Latin America & Caribbean ","Upper middle income",2008,10.8947,3.4000001,98.67678,2.308773,22.81047,6.56492068224719,8.40009593987462
"ECU","Ecuador","Latin America & Caribbean ","Upper middle income",2009,10.61058,4.0999999,89.57105,1.541154,24.7516,1.0910129698311,5.15996829181047
"ECU","Ecuador","Latin America & Caribbean ","Upper middle income",2010,10.13134,3.3545963,91.72845,1.66025,26.69303,4.02913787986621,3.55437734567843
"ECU","Ecuador","Latin America & Caribbean ","Upper middle income",2011,10.78709,3.197727,92.43827,2.067912,27.34638,8.48147656332823,4.4745326579584
"ECU","Ecuador","Latin America & Caribbean ","Upper middle income",2012,10.94596,3.7560213,91.5824,1.592063,28.48008,5.783212336172,5.10172180958666
"ECU","Ecuador","Latin America & Caribbean ","Upper middle income",2013,10.14678,3.5571468,88.60573,1.249095,29.89789,7.21123653679159,2.72177577710371
"ECU","Ecuador","Latin America & Caribbean ","Upper middle income",2014,10.07726,3.5837123,87.99554,1.391555,30.82629,4.22606520388456,3.58922016616663
"ECU","Ecuador","Latin America & Caribbean ","Upper middle income",2015,11.11825,4.4040642,97.13541,1.278322,28.00867,0.119692109287612,3.96664623255358
"ECU","Ecuador","Latin America & Caribbean ","Upper middle income",2016,10.61249,3.9643297,87.46473,1.172504,32.85527,-0.687954245877947,1.72826463324533
"ECU","Ecuador","Latin America & Caribbean ","Upper middle income",2017,11.06853,3.3094819,93.90811,1.623797,34.36172,5.97039880954841,0.417335588666825
"ECU","Ecuador","Latin America & Caribbean ","Upper middle income",2018,10.69763,2.949234,102.7092,2.015026,35.01731,1.04429460679607,-0.224103246005552
"ECU","Ecuador","Latin America & Caribbean ","Upper middle income",2019,10.8558,3.1512836,105.4284,2.049904,37.85196,0.1654044646003,0.266012515466155
"ECU","Ecuador","Latin America & Caribbean ","Upper middle income",2020,9.297792,NA,96.89857,0.7993248,46.1083,-9.24509619165865,-0.338872392562139
"ECU","Ecuador","Latin America & Caribbean ","Upper middle income",2021,9.514566,NA,99.1916,1.124646,48.32725,9.42189269033631,0.133251386096389
"EGY","Egypt, Arab Rep.","Middle East, North Africa, Afghanistan & Pakistan","Lower middle income",2000,15.10386,13.6,80.25356,0.8935008,61.56714,6.37000382991766,2.68380535348546
"EGY","Egypt, Arab Rep.","Middle East, North Africa, Afghanistan & Pakistan","Lower middle income",2001,13.75495,16.9,78.32394,0.6527692,66.6999,3.53525197391507,2.26975720475956
"EGY","Egypt, Arab Rep.","Middle East, North Africa, Afghanistan & Pakistan","Lower middle income",2002,12.96994,20.200001,73.15921,0.4628811,71.05004,2.39020402675627,2.73723855000334
"EGY","Egypt, Arab Rep.","Middle East, North Africa, Afghanistan & Pakistan","Lower middle income",2003,13.98557,24.200001,65.24055,0.4533599,78.56944,3.19345473756772,4.50777636319304
"EGY","Egypt, Arab Rep.","Middle East, North Africa, Afghanistan & Pakistan","Lower middle income",2004,14.44945,23.6,64.0412,0.5655896,80.25642,4.09207161019908,11.270619332052
"EGY","Egypt, Arab Rep.","Middle East, North Africa, Afghanistan & Pakistan","Lower middle income",2005,14.28642,26.5,60.70229,0.5643885,80.16269,4.4717444710621,4.86939696871988
"EGY","Egypt, Arab Rep.","Middle East, North Africa, Afghanistan & Pakistan","Lower middle income",2006,14.1489,18.200001,58.74903,0.6379138,79.79333,6.84383819369884,7.64452644526434
"EGY","Egypt, Arab Rep.","Middle East, North Africa, Afghanistan & Pakistan","Lower middle income",2007,14.56352,19.299999,54.71236,0.9393732,79.11732,7.08782742675582,9.3189690579923
"EGY","Egypt, Arab Rep.","Middle East, North Africa, Afghanistan & Pakistan","Lower middle income",2008,15.79272,14.8,56.58173,0.968257,71.93548,7.15628356711522,18.3168316831684
"EGY","Egypt, Arab Rep.","Middle East, North Africa, Afghanistan & Pakistan","Lower middle income",2009,17.08611,13.4,50.85363,1.207767,67.49898,4.67359980000663,11.7634954386443
"EGY","Egypt, Arab Rep.","Middle East, North Africa, Afghanistan & Pakistan","Lower middle income",2010,17.11292,13.6,48.05927,1.48916,65.44672,5.14723485746742,11.2651882653185
"EGY","Egypt, Arab Rep.","Middle East, North Africa, Afghanistan & Pakistan","Lower middle income",2011,17.60347,10.9,49.53832,1.41868,59.8116,1.76457194806041,10.0649259874818
"EGY","Egypt, Arab Rep.","Middle East, North Africa, Afghanistan & Pakistan","Lower middle income",2012,20.00707,9.8000002,47.67227,2.016844,57.45149,2.22619979818487,7.11172943343083
"EGY","Egypt, Arab Rep.","Middle East, North Africa, Afghanistan & Pakistan","Lower middle income",2013,20.85235,9.3000002,42.91973,2.20997,61.09643,2.18546605363386,9.46971981064921
"EGY","Egypt, Arab Rep.","Middle East, North Africa, Afghanistan & Pakistan","Lower middle income",2014,21.54306,8.5,41.02925,2.511718,62.41075,2.91591188052836,10.0702154687481
"EGY","Egypt, Arab Rep.","Middle East, North Africa, Afghanistan & Pakistan","Lower middle income",2015,21.43956,7.1999998,40.18655,2.741397,65.48553,4.37201907781687,10.370490343517
"EGY","Egypt, Arab Rep.","Middle East, North Africa, Afghanistan & Pakistan","Lower middle income",2016,19.92265,NA,40.61675,2.569911,84.04134,4.34664345601914,13.813606214829
"EGY","Egypt, Arab Rep.","Middle East, North Africa, Afghanistan & Pakistan","Lower middle income",2017,21.54849,NA,35.40953,2.289193,80.54346,4.18122099961562,29.5066083940039
"EGY","Egypt, Arab Rep.","Middle East, North Africa, Afghanistan & Pakistan","Lower middle income",2018,20.86885,NA,35.57459,2.234701,71.8155,5.33110861887155,14.4014657807422
"EGY","Egypt, Arab Rep.","Middle East, North Africa, Afghanistan & Pakistan","Lower middle income",2019,23.47762,NA,35.48344,2.735734,67.70634,5.55209307084222,9.15279959324804
"EGY","Egypt, Arab Rep.","Middle East, North Africa, Afghanistan & Pakistan","Lower middle income",2020,22.12914,NA,36.82066,2.225713,73.75814,3.55016483883115,5.04493288977539
"EGY","Egypt, Arab Rep.","Middle East, North Africa, Afghanistan & Pakistan","Lower middle income",2021,20.59571,NA,36.73354,2.356349,80.75649,3.29064601193245,5.21404940513043
"SLV","El Salvador","Latin America & Caribbean ","Upper middle income",2000,15.62581,NA,106.2449,1.038393,47.34811,1.12790697674419,2.27128756828723
"SLV","El Salvador","Latin America & Caribbean ","Upper middle income",2001,15.22812,4.3000002,90.85807,1.122589,49.61174,0.879613659882722,3.7508205747202
"SLV","El Salvador","Latin America & Caribbean ","Upper middle income",2002,16.28352,3.5,93.28857,1.183032,47.93426,1.57291844759789,1.86552503610077
"SLV","El Salvador","Latin America & Caribbean ","Upper middle income",2003,17.60176,2.8,100.9223,1.211923,46.38006,1.56539303147618,2.1203909173333
"SLV","El Salvador","Latin America & Caribbean ","Upper middle income",2004,19.01539,2.3,102.5165,1.170131,46.20869,0.889404485692197,4.45194392395045
"SLV","El Salvador","Latin America & Caribbean ","Upper middle income",2005,20.47292,1.9,109.1553,1.351939,44.94587,2.68083009363194,4.69094870903769
"SLV","El Salvador","Latin America & Caribbean ","Upper middle income",2006,22.74751,1.9,107.4293,2.27544,46.00048,4.3369986028604,4.03712359429612
"SLV","El Salvador","Latin America & Caribbean ","Upper middle income",2007,22.09872,2.0999999,99.71905,1.772289,50.79533,1.84760220587859,4.57808572377153
"SLV","El Salvador","Latin America & Caribbean ","Upper middle income",2008,23.31146,2.8,103.9195,1.504809,48.06897,2.15440298282768,6.70792293515939
"SLV","El Salvador","Latin America & Caribbean ","Upper middle income",2009,23.48711,3.7,94.08034,0.7299619,52.14613,-2.10876837627522,1.05595029731201
"SLV","El Salvador","Latin America & Caribbean ","Upper middle income",2010,26.18802,3.9,89.63216,1.726917,52.27635,2.15419536693635,1.17933576873673
"SLV","El Salvador","Latin America & Caribbean ","Upper middle income",2011,28.53621,3.5701433,94.90708,2.87009,47.16739,3.80688113429295,5.1289237668161
"SLV","El Salvador","Latin America & Caribbean ","Upper middle income",2012,26.77973,2.8263621,96.65728,2.700071,45.68819,2.82262371802327,1.72973481581383
"SLV","El Salvador","Latin America & Caribbean ","Upper middle income",2013,26.22984,2.2919826,101.1597,2.69878,45.86017,2.23562439198375,0.757669184522973
"SLV","El Salvador","Latin America & Caribbean ","Upper middle income",2014,24.32444,2.3074534,106.096,2.143626,44.51315,1.70870628357073,1.14134467538233
"SLV","El Salvador","Latin America & Caribbean ","Upper middle income",2015,22.07014,2.254072,104.4515,1.937875,45.71971,2.40000008852115,-0.731384487387957
"SLV","El Salvador","Latin America & Caribbean ","Upper middle income",2016,20.30752,2.0810881,106.4732,0.867852,45.77403,2.53906241135864,0.60404908699661
"SLV","El Salvador","Latin America & Caribbean ","Upper middle income",2017,21.02519,1.8941929,101.3865,1.05825,49.11341,2.24761908134138,1.0123540331558
"SLV","El Salvador","Latin America & Caribbean ","Upper middle income",2018,20.48226,1.8461731,102.1646,1.205102,49.95323,2.4124442237792,1.09033000581892
"SLV","El Salvador","Latin America & Caribbean ","Upper middle income",2019,20.60951,1.7204573,97.00695,1.172643,53.89667,2.43747159065784,0.0753241350024612
"SLV","El Salvador","Latin America & Caribbean ","Upper middle income",2020,19.58387,1.5705612,89.97901,1.020803,64.81977,-7.893101359867,-0.371590212324095
"SLV","El Salvador","Latin America & Caribbean ","Upper middle income",2021,20.56678,NA,92.15166,1.162792,57.60323,11.9047617015957,3.46692585313082
"GNQ","Equatorial Guinea","Sub-Saharan Africa ","Upper middle income",2000,NA,NA,82.71888,NA,4.392487,18.2137799569674,4.80228886901398
"GNQ","Equatorial Guinea","Sub-Saharan Africa ","Upper middle income",2001,NA,NA,78.80686,NA,4.322588,63.3798754250602,8.82538925854966
"GNQ","Equatorial Guinea","Sub-Saharan Africa ","Upper middle income",2002,NA,NA,72.95249,NA,5.743925,19.4628340359251,7.5924784983324
"GNQ","Equatorial Guinea","Sub-Saharan Africa ","Upper middle income",2003,NA,NA,42.53809,NA,8.2628,13.9552503163825,7.32354399351809
"GNQ","Equatorial Guinea","Sub-Saharan Africa ","Upper middle income",2004,NA,NA,38.47222,NA,6.924821,37.9987268556423,4.21968787094834
"GNQ","Equatorial Guinea","Sub-Saharan Africa ","Upper middle income",2005,NA,NA,41.75159,NA,5.105043,16.7487006053541,5.63163351357613
"GNQ","Equatorial Guinea","Sub-Saharan Africa ","Upper middle income",2006,NA,NA,49.88001,NA,4.732649,7.70491760658767,4.41589984169561
"GNQ","Equatorial Guinea","Sub-Saharan Africa ","Upper middle income",2007,NA,NA,47.70433,NA,5.877133,15.2821139194857,2.80373831775704
"GNQ","Equatorial Guinea","Sub-Saharan Africa ","Upper middle income",2008,NA,NA,73.22733,NA,5.592354,17.7991091333811,6.55176691184535
"GNQ","Equatorial Guinea","Sub-Saharan Africa ","Upper middle income",2009,NA,NA,70.85862,NA,7.993185,1.34335628806095,4.69106567747375
"GNQ","Equatorial Guinea","Sub-Saharan Africa ","Upper middle income",2010,NA,4.7203307,62.08371,NA,10.72535,-8.92417588851806,7.78916547991184
"GNQ","Equatorial Guinea","Sub-Saharan Africa ","Upper middle income",2011,NA,4.4178188,80.56125,NA,8.669295,6.52392362989873,4.805389221557
"GNQ","Equatorial Guinea","Sub-Saharan Africa ","Upper middle income",2012,NA,5.767751,46.39551,NA,10.38322,8.31287184445641,3.65662048278806
"GNQ","Equatorial Guinea","Sub-Saharan Africa ","Upper middle income",2013,NA,20.130226,58.84061,NA,11.62827,-4.13319850131583,2.94887694639662
"GNQ","Equatorial Guinea","Sub-Saharan Africa ","Upper middle income",2014,NA,19.735179,85.99803,NA,9.400925,0.415066301596866,4.30999866149107
"GNQ","Equatorial Guinea","Sub-Saharan Africa ","Upper middle income",2015,NA,16.799028,99.78232,NA,12.51694,-9.11004114881537,1.67663085315988
"GNQ","Equatorial Guinea","Sub-Saharan Africa ","Upper middle income",2016,NA,24.641872,128.7977,NA,11.56839,-8.81641723219757,1.41193915479015
"GNQ","Equatorial Guinea","Sub-Saharan Africa ","Upper middle income",2017,NA,27.203316,137.4393,NA,10.23848,-5.66750850486686,0.74435474661241
"GNQ","Equatorial Guinea","Sub-Saharan Africa ","Upper middle income",2018,NA,36.677505,142.401,NA,9.932877,-6.23654406734575,1.06007410662171
"GNQ","Equatorial Guinea","Sub-Saharan Africa ","Upper middle income",2019,NA,48.812769,156.5346,NA,9.662605,-5.48182537893445,1.53027528964189
"EST","Estonia","Europe & Central Asia","High income",2000,11.10543,1,129.9726,2.199588,27.70078,10.0876385800462,4.01848952508763
"EST","Estonia","Europe & Central Asia","High income",2001,12.44925,1.3,125.6392,3.182319,30.93833,5.88074589534277,5.74827981651373
"EST","Estonia","Europe & Central Asia","High income",2002,12.52533,0.80000001,141.742,3.380385,31.31229,6.93300082616575,3.57191270164027
"EST","Estonia","Europe & Central Asia","High income",2003,12.24716,0.40000001,160.1344,3.429523,31.50162,7.59630181032645,1.33499116549955
"EST","Estonia","Europe & Central Asia","High income",2004,7.686191,0.30000001,122.8006,1.389326,32.79472,6.80070110758655,3.04811107523416
"EST","Estonia","Europe & Central Asia","High income",2005,6.850706,0.2,136.1006,1.487378,41.55689,9.52305386462066,4.07971423199849
"EST","Estonia","Europe & Central Asia","High income",2006,6.745048,0.2,170.004,2.097151,44.83294,9.76257131206653,4.43762042389213
"EST","Estonia","Europe & Central Asia","High income",2007,7.595668,0.5,194.9246,2.836143,42.95742,7.57091879311882,6.60132603055637
"EST","Estonia","Europe & Central Asia","High income",2008,7.323383,1.9,197.4685,1.004766,45.4024,-5.12531154308803,10.3623580313683
"EST","Estonia","Europe & Central Asia","High income",2009,4.597029,5.1999998,185.9535,-1.895952,54.50806,-14.6302225427906,-0.0784083112809768
"EST","Estonia","Europe & Central Asia","High income",2010,8.940306,5.3754864,168.1751,0.3972435,55.16548,2.4497502063999,2.97204512015694
"EST","Estonia","Europe & Central Asia","High income",2011,11.6433,4.0453074,147.8182,4.373913,52.76647,7.60697458913162,4.9819013145361
"EST","Estonia","Europe & Central Asia","High income",2012,11.60134,2.6226666,138.6453,2.114104,52.57112,3.67201872506541,3.93339987296985
"EST","Estonia","Europe & Central Asia","High income",2013,13.33931,1.4746223,130.3752,3.039423,53.27119,1.75649379621869,2.78056658954988
"EST","Estonia","Europe & Central Asia","High income",2014,12.67973,1.3882361,122.3877,1.979026,54.94252,3.32278988182702,-0.10617514652171
"EST","Estonia","Europe & Central Asia","High income",2015,12.61989,0.98187369,115.394,3.597096,59.54042,1.83815262882932,-0.49232600654737
"EST","Estonia","Europe & Central Asia","High income",2016,9.927593,0.86976801,111.9185,0.8418769,62.07493,3.09301920751959,0.148684907627373
"EST","Estonia","Europe & Central Asia","High income",2017,9.926767,0.69839149,107.1328,1.389448,59.5881,5.63467248963991,3.41723549488054
"EST","Estonia","Europe & Central Asia","High income",2018,9.10916,0.45303614,102.5541,1.656787,60.65999,3.69969756161726,3.43632688420446
"EST","Estonia","Europe & Central Asia","High income",2019,8.922285,0.36087432,98.69009,0.9381758,60.56117,3.72664943466884,2.27725931243522
"EST","Estonia","Europe & Central Asia","High income",2020,8.281074,0.34689256,88.252,0.8353712,73.46507,-2.88380751483778,-0.44453109767983
"EST","Estonia","Europe & Central Asia","High income",2021,8.421521,NA,81.66857,1.08675,74.5138,8.25488044580031,4.65316673847473
"SWZ","Eswatini","Sub-Saharan Africa ","Lower middle income",2000,NA,NA,70.26247,1.238728,16.00966,1.76017328388222,12.2085358545844
"SWZ","Eswatini","Sub-Saharan Africa ","Lower middle income",2001,7.560141,NA,55.30262,1.425115,15.47597,1.41221393287066,5.94210982281648
"SWZ","Eswatini","Sub-Saharan Africa ","Lower middle income",2002,12.66005,NA,65.02258,2.832308,16.99194,4.0886479398829,12.0197154699232
"SWZ","Eswatini","Sub-Saharan Africa ","Lower middle income",2003,21.87454,2,79.11503,4.584769,16.29396,4.53865525672528,7.28999999999999
"SWZ","Eswatini","Sub-Saharan Africa ","Lower middle income",2004,25.32254,7.1999998,93.42542,4.524724,16.75182,3.61711931922247,3.44533507316614
"SWZ","Eswatini","Sub-Saharan Africa ","Lower middle income",2005,25.09787,7,107.4326,3.759197,17.31724,5.99228289096037,4.77400404553712
"SWZ","Eswatini","Sub-Saharan Africa ","Lower middle income",2006,20.64153,7.6999998,103.4624,2.040624,17.25841,6.72880946564094,5.30463946338728
"SWZ","Eswatini","Sub-Saharan Africa ","Lower middle income",2007,22.0435,7.5,103.0675,3.848367,18.94501,4.31772144872362,8.07608827861589
"SWZ","Eswatini","Sub-Saharan Africa ","Lower middle income",2008,27.85431,7.5999999,95.09216,2.767634,21.05815,1.44055358727118,12.6574601863915
"SWZ","Eswatini","Sub-Saharan Africa ","Lower middle income",2009,24.63082,8.6000004,84.4847,4.002145,24.00441,1.43311134247756,7.44823423445754
"SWZ","Eswatini","Sub-Saharan Africa ","Lower middle income",2010,24.94608,7.8074135,77.77055,3.995712,25.23491,3.82443487429767,4.50923691774369
"SWZ","Eswatini","Sub-Saharan Africa ","Lower middle income",2011,27.0177,3.5272701,97.1173,3.986186,23.06672,1.83973625916165,6.10742714590251
"SWZ","Eswatini","Sub-Saharan Africa ","Lower middle income",2012,25.19922,10.670756,86.56544,4.753414,22.83116,4.09048190124592,8.93964682788212
"SWZ","Eswatini","Sub-Saharan Africa ","Lower middle income",2013,22.00786,6.7934224,89.48904,3.295536,24.26123,4.09458522119226,5.62130623468948
"SWZ","Eswatini","Sub-Saharan Africa ","Lower middle income",2014,23.63356,6.8706879,91.43896,3.959087,22.89828,2.05738179246586,5.68134885776447
"SWZ","Eswatini","Sub-Saharan Africa ","Lower middle income",2015,24.72169,6.6302717,83.50827,4.020906,23.59529,1.70425806017289,4.95124493704919
"SWZ","Eswatini","Sub-Saharan Africa ","Lower middle income",2016,24.39738,9.6210507,74.92665,4.148054,27.51932,2.94916821059911,7.8472745908568
"SWZ","Eswatini","Sub-Saharan Africa ","Lower middle income",2017,24.12191,7.9168345,74.33122,3.496712,27.26587,3.52095345987983,6.22137528933118
"SWZ","Eswatini","Sub-Saharan Africa ","Lower middle income",2018,22.89897,9.3155187,74.25677,3.242972,28.61394,0.0653956557843571,4.81506167461513
"SWZ","Eswatini","Sub-Saharan Africa ","Lower middle income",2019,24.41746,9.4459371,76.33566,4.160527,26.65489,6.43186888691574,2.59801620311077
"SWZ","Eswatini","Sub-Saharan Africa ","Lower middle income",2020,NA,7.6896984,68.53061,NA,29.74851,-2.95183453409287,NA
"ETH","Ethiopia","Sub-Saharan Africa ","Low income",2000,8.656344,NA,65.734,1.610205,27.28771,6.07321748125295,0.662458109266482
"ETH","Ethiopia","Sub-Saharan Africa ","Low income",2001,10.16264,NA,60.64795,2.581249,29.83568,8.30130632267965,-8.23784453391137
"ETH","Ethiopia","Sub-Saharan Africa ","Low income",2002,9.044593,NA,52.05745,1.992226,35.14944,1.51472570667433,0.675089102170801
"ETH","Ethiopia","Sub-Saharan Africa ","Low income",2003,9.184564,NA,49.27681,1.680237,36.13599,-2.16135972256865,13.6740452028272
"ETH","Ethiopia","Sub-Saharan Africa ","Low income",2004,9.521748,NA,46.21965,2.812673,36.39396,13.5726031401471,3.32737047894847
"ETH","Ethiopia","Sub-Saharan Africa ","Low income",2005,9.420166,NA,54.51155,3.18465,35.21286,11.8187659491625,9.96997123512892
"ETH","Ethiopia","Sub-Saharan Africa ","Low income",2006,11.43192,NA,60.93562,4.490483,34.15053,10.8347270679373,12.2994763114825
"ETH","Ethiopia","Sub-Saharan Africa ","Low income",2007,12.79039,NA,59.28065,4.718984,31.80042,11.4561670019891,17.2404008340898
"ETH","Ethiopia","Sub-Saharan Africa ","Low income",2008,12.45547,NA,65.62447,4.893052,27.36531,10.7885216870332,44.3566858766952
"ETH","Ethiopia","Sub-Saharan Africa ","Low income",2009,11.1199,NA,NA,3.650008,NA,8.8025531990487,8.48364404530282
"ETH","Ethiopia","Sub-Saharan Africa ","Low income",2010,10.19397,NA,NA,3.29396,NA,12.5505383347633,8.14926402965082
"ETH","Ethiopia","Sub-Saharan Africa ","Low income",2011,8.953142,NA,NA,4.143073,NA,11.1782962297008,33.2499598823344
"ETH","Ethiopia","Sub-Saharan Africa ","Low income",2012,12.38283,NA,NA,2.343522,NA,8.64781163513926,23.600417677317
"ETH","Ethiopia","Sub-Saharan Africa ","Low income",2013,10.14572,NA,NA,6.677955,NA,10.5822700502552,7.46402192944517
"ETH","Ethiopia","Sub-Saharan Africa ","Low income",2014,8.62554,NA,NA,4.145939,NA,10.2574929627477,6.89001951597192
"ETH","Ethiopia","Sub-Saharan Africa ","Low income",2015,8.840451,NA,NA,6.184126,NA,10.3924630141307,9.56889955968623
"ETH","Ethiopia","Sub-Saharan Africa ","Low income",2016,8.479112,NA,NA,3.761244,NA,9.43348265981905,6.62813337230924
"ETH","Ethiopia","Sub-Saharan Africa ","Low income",2017,11.29838,3.4128643,NA,2.963401,NA,9.56418965754014,10.6871150284238
"ETH","Ethiopia","Sub-Saharan Africa ","Low income",2018,9.96612,3.5605232,NA,2.230031,NA,6.81614778557282,13.8330356586661
"ETH","Ethiopia","Sub-Saharan Africa ","Low income",2019,9.928329,2.6717358,NA,2.79126,NA,8.36408573111346,15.8096321719344
"ETH","Ethiopia","Sub-Saharan Africa ","Low income",2020,9.03286,3.4297719,NA,2.249494,NA,6.05953089248577,20.3563468559061
"ETH","Ethiopia","Sub-Saharan Africa ","Low income",2021,11.55515,NA,NA,1.527786,NA,5.64153069324176,26.8395221557722
"FJI","Fiji","East Asia & Pacific","Upper middle income",2000,NA,NA,86.67133,NA,37.0103,-1.69999776168213,1.09216459977388
"FJI","Fiji","East Asia & Pacific","Upper middle income",2001,NA,NA,85.42463,NA,33.6614,2.00000027123612,4.27267024465105
"FJI","Fiji","East Asia & Pacific","Upper middle income",2002,NA,NA,84.12166,NA,33.68535,3.19999861722759,0.762032085561206
"FJI","Fiji","East Asia & Pacific","Upper middle income",2003,NA,NA,76.96641,NA,39.51687,0.999998995078172,4.17274777763034
"FJI","Fiji","East Asia & Pacific","Upper middle income",2004,NA,NA,82.60735,NA,40.38875,5.30000086613597,2.82748519391201
"FJI","Fiji","East Asia & Pacific","Upper middle income",2005,NA,NA,88.19325,NA,43.85435,0.699999592969263,2.36576453830434
"FJI","Fiji","East Asia & Pacific","Upper middle income",2006,NA,NA,89.30157,NA,50.70422,1.85248357237371,2.49083638787079
"FJI","Fiji","East Asia & Pacific","Upper middle income",2007,NA,NA,82.33109,NA,55.35229,-0.8506533546566,4.80370641306989
"FJI","Fiji","East Asia & Pacific","Upper middle income",2008,NA,NA,99.66837,NA,49.26743,1.03279368777636,7.73227857918422
"FJI","Fiji","East Asia & Pacific","Upper middle income",2009,NA,3.7,93.57285,NA,52.58787,-1.38603752085589,3.13103559015967
"FJI","Fiji","East Asia & Pacific","Upper middle income",2010,NA,4.3727293,93.29256,NA,50.7137,2.95467268842502,3.68901229670761
"FJI","Fiji","East Asia & Pacific","Upper middle income",2011,NA,3.8593374,99.54014,NA,58.21017,2.70514231228027,7.278117827085
"FJI","Fiji","East Asia & Pacific","Upper middle income",2012,NA,4.1852075,99.59181,NA,58.93444,1.41131415220703,3.42337523401979
"FJI","Fiji","East Asia & Pacific","Upper middle income",2013,NA,2.6878597,88.27084,NA,66.90522,4.7342203729816,2.91354193603992
"FJI","Fiji","East Asia & Pacific","Upper middle income",2014,NA,2.1565035,92.19963,NA,62.25871,5.60351397766961,0.519306474579107
"FJI","Fiji","East Asia & Pacific","Upper middle income",2015,26.31531,1.4481914,92.1022,NA,66.4376,4.50120064471365,1.37488542621447
"FJI","Fiji","East Asia & Pacific","Upper middle income",2016,27.55059,2.2368731,99.40431,1.86606,66.09325,2.44565202449249,3.86322538221278
"FJI","Fiji","East Asia & Pacific","Upper middle income",2017,27.2409,2.4244607,100.1102,1.99916,66.93884,5.35336434979577,3.34757834757831
"FJI","Fiji","East Asia & Pacific","Upper middle income",2018,28.90173,3.0892567,104.147,2.160235,65.5748,3.812350939512,4.08147637644543
"FJI","Fiji","East Asia & Pacific","Upper middle income",2019,31.69231,3.8383513,106.2563,2.263356,65.95886,-0.581946590349759,1.79388647514555
"FJI","Fiji","East Asia & Pacific","Upper middle income",2020,28.73934,4.2900321,101.9549,0.9888228,81.1143,-17.1835352599354,-1.70014167847318
"FJI","Fiji","East Asia & Pacific","Upper middle income",2021,33.01206,NA,91.20327,0.977244,92.86383,-4.3459619989752,1.53454853751592
"FIN","Finland","Europe & Central Asia","High income",2000,13.11089,0.60000002,NA,1.215317,NA,5.75373770498848,3.04210080667792
"FIN","Finland","Europe & Central Asia","High income",2001,10.2994,0.60000002,117.8703,0.1471941,44.60479,2.64026205699308,2.57844080098903
"FIN","Finland","Europe & Central Asia","High income",2002,11.6009,0.5,118.0801,0.6628075,46.91419,1.68732644358099,1.5712201278938
"FIN","Finland","Europe & Central Asia","High income",2003,10.50494,0.5,121.3999,1.080502,49.6425,2.01179992738312,0.877440386254729
"FIN","Finland","Europe & Central Asia","High income",2004,24.81151,0.40000001,126.3369,1.416472,50.43777,4.00537952277651,0.187120559084474
"FIN","Finland","Europe & Central Asia","High income",2005,24.36482,0.30000001,132.2494,0.8259899,52.35689,2.77730918518017,0.623874450025224
"FIN","Finland","Europe & Central Asia","High income",2006,24.55693,0.2,134.8591,1.217084,54.42316,4.01957326515895,1.56666380704379
"FIN","Finland","Europe & Central Asia","High income",2007,18.3152,0.30000001,130.7531,1.20181,58.33422,5.31280176694145,2.5106656524034
"FIN","Finland","Europe & Central Asia","High income",2008,13.07524,0.40000001,136.8392,0.7685705,58.53499,0.784431235717051,4.06595355358383
"FIN","Finland","Europe & Central Asia","High income",2009,12.95395,0.60000002,137.182,0.5763916,62.82304,-8.07603116552393,-9.17360424903996e-07
"FIN","Finland","Europe & Central Asia","High income",2010,10.77478,NA,138.4064,0.4711205,63.53679,3.1682879121621,1.18413523154651
"FIN","Finland","Europe & Central Asia","High income",2011,8.436144,NA,140.7777,0.446428,63.42286,2.39039455396828,3.4168075425521
"FIN","Finland","Europe & Central Asia","High income",2012,8.522068,NA,149.3189,0.464429,61.41755,-1.52284013040689,2.80833622561574
"FIN","Finland","Europe & Central Asia","High income",2013,9.557652,NA,149.3083,0.4255522,62.19429,-0.979741024949618,1.4782861568881
"FIN","Finland","Europe & Central Asia","High income",2014,9.067446,1.2970262,146.4287,0.4063762,63.39918,-0.4780684247837,1.0411962117843
"FIN","Finland","Europe & Central Asia","High income",2015,11.05559,1.3418243,140.5171,0.4134325,67.17458,0.466503766322674,-0.207928839905177
"FIN","Finland","Europe & Central Asia","High income",2016,15.04451,1.5168127,139.6977,0.2980115,67.21742,2.57193414898754,0.356684500891695
"FIN","Finland","Europe & Central Asia","High income",2017,13.97095,1.6716213,136.825,0.515077,68.03593,3.30337003591039,0.754015047084438
"FIN","Finland","Europe & Central Asia","High income",2018,17.20489,1.4255728,139.7525,0.6376489,67.15054,1.19297759742292,1.08382098409296
"FIN","Finland","Europe & Central Asia","High income",2019,16.28398,1.3904016,141.616,0.3734625,67.08887,1.34973845741737,1.02409392963431
"FIN","Finland","Europe & Central Asia","High income",2020,17.83522,1.4517332,128.9374,0.5413831,77.40709,-2.49103605535707,0.290554555653239
"FIN","Finland","Europe & Central Asia","High income",2021,17.11392,NA,125.3948,0.8049448,77.28222,2.67634641498897,2.19457432339998
"FRA","France","Europe & Central Asia","High income",2000,19.75932,5,NA,0.4654545,NA,4.14099996402915,1.67595988720928
"FRA","France","Europe & Central Asia","High income",2001,19.71619,4.0999999,130.5211,0.4746485,58.96171,1.89946701186636,1.63478079549599
"FRA","France","Europe & Central Asia","High income",2002,20.90429,5,128.9043,0.4187238,58.9975,1.06775027069419,1.92341228727064
"FRA","France","Europe & Central Asia","High income",2003,20.2983,4.8000002,119.4782,0.422864,63.23683,0.967827182558352,2.09847219146919
"FRA","France","Europe & Central Asia","High income",2004,19.58762,4.1999998,118.7673,0.5752443,64.49737,2.86825052501032,2.14208964640239
"FRA","France","Europe & Central Asia","High income",2005,15.8046,3.5,120.7334,0.4403343,66.37388,1.88856584109286,1.74586936380487
"FRA","France","Europe & Central Asia","High income",2006,18.901,3,123.3553,0.7358979,68.27644,2.71406448755236,1.67512449608726
"FRA","France","Europe & Central Asia","High income",2007,13.54683,NA,125.1414,0.1320508,70.94336,2.53048188351066,1.4879980595386
"FRA","France","Europe & Central Asia","High income",2008,10.16272,2.8,120.9756,-0.386006,76.45665,0.380171435849121,2.81286194914785
"FRA","France","Europe & Central Asia","High income",2009,15.92815,4,121.9086,0.199851,77.9569,-2.82455153714783,0.0876204781574653
"FRA","France","Europe & Central Asia","High income",2010,16.63905,3.7585739,124.8952,0.304354,76.74533,2.00032476039051,1.53112270420919
"FRA","France","Europe & Central Asia","High income",2011,15.13395,4.2914496,127.1085,0.111662,76.15035,2.43757653729007,2.11159795175
"FRA","France","Europe & Central Asia","High income",2012,16.91441,4.2945233,124.058,0.320591,77.81932,0.183835264973013,1.9541953161351
"FRA","France","Europe & Central Asia","High income",2013,19.35971,4.4954341,125.2144,0.3899188,76.67371,0.781756446231,0.863715497861804
"FRA","France","Europe & Central Asia","High income",2014,16.62016,4.1624993,122.192,0.0995039,76.99005,0.997832947295251,0.50775882293799
"FRA","France","Europe & Central Asia","High income",2015,18.60366,4.0452543,121.5556,0.2960976,78.21719,1.06675474783462,0.0375143805125182
"FRA","France","Europe & Central Asia","High income",2016,19.79079,3.7027591,119.4283,0.442026,80.93669,0.860031075424033,0.183334861123765
"FRA","France","Europe & Central Asia","High income",2017,20.00664,3.1235957,118.353,0.3383709,84.08621,2.08361485997399,1.03228275064681
"FRA","France","Europe & Central Asia","High income",2018,19.20898,2.7483416,119.2433,0.2819848,85.38626,1.64590872395887,1.85081508315493
"FRA","France","Europe & Central Asia","High income",2019,19.79179,2.4731437,119.0639,0.3989771,87.96909,2.02744646419237,1.10825492288294
"FRA","France","Europe & Central Asia","High income",2020,18.992,2.705339,108.6858,0.1304646,NA,-7.44064589948231,0.476498852725065
"FRA","France","Europe & Central Asia","High income",2021,19.97747,NA,108.2062,0.2981476,106.6573,6.88233783360239,1.64233141038394
"GAB","Gabon","Sub-Saharan Africa ","Upper middle income",2000,NA,6.5999999,76.46638,NA,11.37304,-1.88296639760897,0.504920025834859
"GAB","Gabon","Sub-Saharan Africa ","Upper middle income",2001,NA,8.6000004,85.58603,NA,11.91085,2.13523342197423,2.13762052701465
"GAB","Gabon","Sub-Saharan Africa ","Upper middle income",2002,NA,12.8,89.0988,NA,12.60638,-0.249033168543434,0.0366828893971394
"GAB","Gabon","Sub-Saharan Africa ","Upper middle income",2003,13.96199,13.9,81.45277,NA,12.37156,2.2473300115045,2.23535313551536
"GAB","Gabon","Sub-Saharan Africa ","Upper middle income",2004,13.95181,16,63.5643,3.353988,12.67998,0.689543058464849,0.40820530743925
"GAB","Gabon","Sub-Saharan Africa ","Upper middle income",2005,14.12677,14.1,59.43921,2.260802,12.79805,2.67620333310926,3.70833333333304
"GAB","Gabon","Sub-Saharan Africa ","Upper middle income",2006,13.76531,10.7,61.37542,2.852319,14.25451,-2.80657835569052,-1.4094013660098
"GAB","Gabon","Sub-Saharan Africa ","Upper middle income",2007,13.87775,7.5999999,82.18647,3.155222,13.61609,6.00810802487668,5.03031883679951
"GAB","Gabon","Sub-Saharan Africa ","Upper middle income",2008,12.67186,8.5,61.95581,3.14618,12.93323,-3.30843064878751,5.26430145575285
"GAB","Gabon","Sub-Saharan Africa ","Upper middle income",2009,11.68541,7.1999998,58.20379,2.186192,15.76874,0.130331119816617,1.88570754577918
"GAB","Gabon","Sub-Saharan Africa ","Upper middle income",2010,11.16093,3.1590069,45.7873,0.7638816,16.3103,7.08988731455126,1.46154402720469
"GAB","Gabon","Sub-Saharan Africa ","Upper middle income",2011,19.54315,2.7784567,49.56974,4.539772,17.39159,7.09175334258654,1.26331707837421
"GAB","Gabon","Sub-Saharan Africa ","Upper middle income",2012,17.34224,2.5498062,61.94852,3.059025,18.20478,5.25107691750407,2.65241828695626
"GAB","Gabon","Sub-Saharan Africa ","Upper middle income",2013,21.20304,2.7424009,74.21394,3.111095,20.19083,5.63869900338696,0.505441058915615
"GAB","Gabon","Sub-Saharan Africa ","Upper middle income",2014,14.75315,4.0670321,76.7347,1.667345,18.91319,4.31496444107469,4.69045751826284
"GAB","Gabon","Sub-Saharan Africa ","Upper middle income",2015,12.30445,5.2591993,72.26122,1.236143,20.04554,3.8788993950789,-0.338795188753406
"GAB","Gabon","Sub-Saharan Africa ","Upper middle income",2016,15.34644,10.651872,70.24673,3.774242,19.6378,2.09144220829562,2.10670712784054
"GAB","Gabon","Sub-Saharan Africa ","Upper middle income",2017,15.17335,10.835904,69.02975,2.275263,14.85432,0.472642030911146,2.65192583143902
"GAB","Gabon","Sub-Saharan Africa ","Upper middle income",2018,16.20967,12.392719,67.67741,2.777978,19.28909,0.83791658082157,4.74906652083221
"GAB","Gabon","Sub-Saharan Africa ","Upper middle income",2019,16.63204,12.810483,71.50857,2.030518,18.66837,3.92080879452831,2.46456756151187
"GMB","Gambia, The","Sub-Saharan Africa ","Low income",2000,NA,NA,45.22464,NA,14.40418,5.50000021632955,0.8449695667737
"GMB","Gambia, The","Sub-Saharan Africa ","Low income",2001,NA,NA,49.42997,NA,16.38203,5.80000024323377,4.49259609239754
"GMB","Gambia, The","Sub-Saharan Africa ","Low income",2002,NA,NA,50.0196,NA,20.88318,-3.25000014970206,8.60912474386327
"GMB","Gambia, The","Sub-Saharan Africa ","Low income",2003,NA,NA,47.18398,NA,24.5414,6.86999962173842,17.0328665431988
"GMB","Gambia, The","Sub-Saharan Africa ","Low income",2004,14.51097,NA,35.49253,NA,13.90188,7.05000000064635,14.2067432845569
"GMB","Gambia, The","Sub-Saharan Africa ","Low income",2005,14.79569,NA,35.7598,7.668173,16.07586,-2.35172936176019,4.83862177543157
"GMB","Gambia, The","Sub-Saharan Africa ","Low income",2006,14.37706,NA,37.77819,4.909551,19.67357,-0.555580977246521,2.0565034236599
"GMB","Gambia, The","Sub-Saharan Africa ","Low income",2007,13.08957,NA,38.92668,5.308304,20.68665,3.04324950829739,5.36913473801957
"GMB","Gambia, The","Sub-Saharan Africa ","Low income",2008,13.7901,NA,39.15734,4.803158,22.97641,6.25590553394287,4.4436549094501
"GMB","Gambia, The","Sub-Saharan Africa ","Low income",2009,11.96014,NA,37.65161,1.812412,25.07933,6.6657243078367,4.56150687670983
"GMB","Gambia, The","Sub-Saharan Africa ","Low income",2010,NA,NA,37.35634,NA,25.97135,5.90833580968288,5.04968075857402
"GMB","Gambia, The","Sub-Saharan Africa ","Low income",2011,NA,NA,36.90325,NA,29.80147,-8.13044422315659,4.7958826618311
"GMB","Gambia, The","Sub-Saharan Africa ","Low income",2012,NA,NA,35.04434,NA,28.15338,5.24156924630741,4.25432199813899
"GMB","Gambia, The","Sub-Saharan Africa ","Low income",2013,NA,NA,33.0764,NA,29.5601,2.872768790327,5.69912989637382
"GMB","Gambia, The","Sub-Saharan Africa ","Low income",2014,NA,NA,27.53575,NA,31.14166,-1.40738249510954,5.94799935696626
"GMB","Gambia, The","Sub-Saharan Africa ","Low income",2015,13.49336,NA,NA,4.754924,NA,4.0580738039996,6.8084549457961
"GMB","Gambia, The","Sub-Saharan Africa ","Low income",2016,13.95776,NA,NA,3.650982,NA,1.94335965478776,7.22879272057922
"GMB","Gambia, The","Sub-Saharan Africa ","Low income",2017,13.87274,NA,18.02522,3.625246,30.1973,4.8226112492757,8.03418974545911
"GMB","Gambia, The","Sub-Saharan Africa ","Low income",2018,14.03069,NA,20.59773,3.440621,31.30602,7.23489033258579,6.52096823946573
"GMB","Gambia, The","Sub-Saharan Africa ","Low income",2019,13.33075,NA,21.40041,3.57469,35.7788,6.22205315994859,7.11567625631192
"GMB","Gambia, The","Sub-Saharan Africa ","Low income",2020,10.93436,NA,17.99751,2.618959,41.72429,0.591487287873974,5.93127636562441
"GMB","Gambia, The","Sub-Saharan Africa ","Low income",2021,NA,NA,18.12917,NA,45.4811,5.25596878816744,7.37034758876618
"GEO","Georgia","Europe & Central Asia","Upper middle income",2000,12.13904,NA,143.1469,4.16961,5.166928,1.84038117927339,4.06396201382596
"GEO","Georgia","Europe & Central Asia","Upper middle income",2001,11.34387,11.6,128.1725,3.713111,5.802689,4.80729867243699,4.64604442058634
"GEO","Georgia","Europe & Central Asia","Upper middle income",2002,14.80882,7.9000001,126.0725,7.995885,6.409193,5.47402488700408,5.58783730000794
"GEO","Georgia","Europe & Central Asia","Upper middle income",2003,12.95236,2.4000001,118.7941,5.046116,7.312376,11.0570310020104,0.837734531536568
"GEO","Georgia","Europe & Central Asia","Upper middle income",2004,10.49924,2,106.2192,3.976186,9.203269,5.79268292682926,5.65632636191132
"GEO","Georgia","Europe & Central Asia","Upper middle income",2005,11.6587,3.8,144.2965,6.580054,10.22363,9.59113832853026,8.24709043114158
"GEO","Georgia","Europe & Central Asia","Upper middle income",2006,10.08469,0.80000001,144.4435,4.007671,13.48142,9.42148081189909,9.16096508394497
"GEO","Georgia","Europe & Central Asia","Upper middle income",2007,10.44185,0.80000001,168.0627,3.220233,16.8477,12.5755698246405,9.24489745592404
"GEO","Georgia","Europe & Central Asia","Upper middle income",2008,6.292023,4.0999999,196.7481,-1.455281,16.88709,2.42161440960641,9.99948761552747
"GEO","Georgia","Europe & Central Asia","Upper middle income",2009,9.095763,6.3000002,157.511,0.1901293,19.64954,-3.65075229596822,1.7275146113791
"GEO","Georgia","Europe & Central Asia","Upper middle income",2010,9.136015,5.9196827,136.9402,1.666752,22.11576,6.24640865303363,7.11017897486099
"GEO","Georgia","Europe & Central Asia","Upper middle income",2011,7.746837,4.5260016,140.7774,-0.0534135,22.20984,7.9343365253078,8.5429333333333
"GEO","Georgia","Europe & Central Asia","Upper middle income",2012,9.618122,3.6802555,142.1148,2.893536,23.33578,6.57883101954195,-0.943658853270964
"GEO","Georgia","Europe & Central Asia","Upper middle income",2013,10.5402,3.0317161,134.9186,4.088568,27.75847,5.13288531209382,-0.512058410947092
"GEO","Georgia","Europe & Central Asia","Upper middle income",2014,10.48764,3.0270644,142.7809,3.440619,29.71092,4.09049059581743,3.06881210379543
"GEO","Georgia","Europe & Central Asia","Upper middle income",2015,7.856631,2.7114511,136.4063,2.972948,32.82736,3.35102350265353,4.00357820695097
"GEO","Georgia","Europe & Central Asia","Upper middle income",2016,7.087701,3.446975,133.3356,2.436568,37.71312,3.45021517996871,2.13492713939121
"GEO","Georgia","Europe & Central Asia","Upper middle income",2017,7.838501,2.7788,137.749,3.73488,38.06121,5.15990261658827,6.03531725272117
"GEO","Georgia","Europe & Central Asia","Upper middle income",2018,7.368607,2.6788683,143.039,2.924137,40.15095,6.062036412677,2.6152447139767
"GEO","Georgia","Europe & Central Asia","Upper middle income",2019,7.351558,1.9284096,148.1,3.057516,42.37172,5.38071926589951,4.85289821696723
"GEO","Georgia","Europe & Central Asia","Upper middle income",2020,6.229876,2.2674383,141.9638,1.311331,54.08721,-6.2904717853839,5.2024648897534
"GEO","Georgia","Europe & Central Asia","Upper middle income",2021,7.905212,NA,140.3346,3.593257,50.31234,10.6442336580969,9.56691433824769
"DEU","Germany","Europe & Central Asia","High income",2000,15.08377,4.6999998,NA,0.292522,NA,2.8765231247659,1.44026838719741
"DEU","Germany","Europe & Central Asia","High income",2001,14.52654,4.5999999,187.0126,0.1937112,60.11213,1.63614170690956,1.98385731334471
"DEU","Germany","Europe & Central Asia","High income",2002,13.23041,5,179.9753,-0.0694207,61.91441,-0.228255715793637,1.42080615551526
"DEU","Germany","Europe & Central Asia","High income",2003,10.28996,5.1999998,172.843,-0.3812858,63.60712,-0.529801394291297,1.03422218628562
"DEU","Germany","Europe & Central Asia","High income",2004,9.650506,4.9000001,168.4574,-0.0648268,63.186,1.16208684507278,1.66573696655992
"DEU","Germany","Europe & Central Asia","High income",2005,11.15748,4.0999999,161.1747,0.4647613,65.42558,0.885485292551564,1.54691114751328
"DEU","Germany","Europe & Central Asia","High income",2006,11.11481,3.4000001,154.908,0.3280736,65.89095,3.86668241523209,1.57742642840563
"DEU","Germany","Europe & Central Asia","High income",2007,12.14456,2.7,141.2251,0.5578479,68.77578,2.8891174138025,2.29834400700951
"DEU","Germany","Europe & Central Asia","High income",2008,6.980283,2.9000001,133.7145,-0.3431671,72.54626,0.887902330743628,2.62837981637219
"DEU","Germany","Europe & Central Asia","High income",2009,10.57427,3.3,131.2901,-0.1360182,75.23013,-5.54455451920674,0.312739007368447
"DEU","Germany","Europe & Central Asia","High income",2010,12.41928,3.2,118.5472,0.0980248,74.64646,4.13463778522758,1.1038103778926
"DEU","Germany","Europe & Central Asia","High income",2011,11.49593,3.03,112.9096,0.0530616,75.19116,3.75796884489337,2.07517283735874
"DEU","Germany","Europe & Central Asia","High income",2012,12.77894,2.86,107.0977,0.2196455,78.25276,0.463512036709204,2.00848884782956
"DEU","Germany","Europe & Central Asia","High income",2013,15.58472,2.7,103.2081,0.1734668,79.53912,0.396995583779145,1.50472330251876
"DEU","Germany","Europe & Central Asia","High income",2014,16.60348,2.34,98.91163,0.1752024,80.17319,2.18018602168017,0.906794000434246
"DEU","Germany","Europe & Central Asia","High income",2015,16.08827,1.97,94.59281,0.1819574,82.58025,1.66300602334775,0.514426137125456
"DEU","Germany","Europe & Central Asia","High income",2016,16.76427,1.71,92.29819,0.1883683,83.75291,2.22222216259371,0.491747008445174
"DEU","Germany","Europe & Central Asia","High income",2017,18.60744,1.5,91.49477,0.1883025,84.31528,2.797906720551,1.50949485109628
"DEU","Germany","Europe & Central Asia","High income",2018,22.48842,1.24,90.62551,0.2021663,85.68807,1.13569604599849,1.73216879766942
"DEU","Germany","Europe & Central Asia","High income",2019,16.76535,1.05,90.61008,-0.715566,87.36482,0.977734697038784,1.44565976888253
"DEU","Germany","Europe & Central Asia","High income",2020,15.46659,NA,87.77673,-0.201803,97.11584,-4.13191443239947,0.144877925813982
"DEU","Germany","Europe & Central Asia","High income",2021,16.04881,NA,89.40473,0.1176192,95.02325,3.90999994204108,3.06666666666673
"GHA","Ghana","Sub-Saharan Africa ","Lower middle income",2000,NA,11.9,84.27189,NA,16.39338,3.70000008164408,40.240933123914
"GHA","Ghana","Sub-Saharan Africa ","Lower middle income",2001,NA,19.6,64.30507,NA,18.21994,4.00000012807919,41.509496287803
"GHA","Ghana","Sub-Saharan Africa ","Lower middle income",2002,NA,22.700001,56.71735,NA,20.97625,4.49999955900331,9.36093239560313
"GHA","Ghana","Sub-Saharan Africa ","Lower middle income",2003,NA,18.299999,57.21963,NA,20.49841,5.200000133101,29.7729797160384
"GHA","Ghana","Sub-Saharan Africa ","Lower middle income",2004,NA,16.299999,59.01471,NA,21.96956,5.59999999077445,18.0427388232565
"GHA","Ghana","Sub-Saharan Africa ","Lower middle income",2005,12.40597,13,75.6142,NA,20.40564,5.90000381855104,15.4389920155908
"GHA","Ghana","Sub-Saharan Africa ","Lower middle income",2006,12.91767,7.9000001,69.55788,7.396749,15.84206,6.39991260618034,11.6791839392492
"GHA","Ghana","Sub-Saharan Africa ","Lower middle income",2007,10.8071,6.4000001,72.66906,4.846445,19.84027,4.34681910440079,10.7342665456292
"GHA","Ghana","Sub-Saharan Africa ","Lower middle income",2008,9.605982,7.6999998,55.46231,3.032286,22.64411,9.14979893831817,16.494639613412
"GHA","Ghana","Sub-Saharan Africa ","Lower middle income",2009,10.52352,16.200001,70.71938,1.898923,24.91915,4.84448705175076,19.2469482220857
"GHA","Ghana","Sub-Saharan Africa ","Lower middle income",2010,12.12848,18.081857,61.79861,3.812305,25.81193,7.89971194051621,10.7333898354915
"GHA","Ghana","Sub-Saharan Africa ","Lower middle income",2011,11.809,14.145989,61.60706,3.339738,26.83125,14.0471235803149,8.7284593709302
"GHA","Ghana","Sub-Saharan Africa ","Lower middle income",2012,13.40157,13.196671,64.4888,4.830761,26.61497,9.2927894063005,11.1863409441067
"GHA","Ghana","Sub-Saharan Africa ","Lower middle income",2013,14.68872,11.998935,72.44203,6.376649,20.2104,7.31252501678145,11.6661923071729
"GHA","Ghana","Sub-Saharan Africa ","Lower middle income",2014,13.386,11.269173,72.39731,5.586254,22.19787,2.85624016330883,15.4896160333318
"GHA","Ghana","Sub-Saharan Africa ","Lower middle income",2015,13.37064,14.673617,71.59618,4.444715,24.32533,2.12075933817334,17.1499695007878
"GHA","Ghana","Sub-Saharan Africa ","Lower middle income",2016,12.63036,17.294401,67.48672,3.996604,25.26495,3.37346574966936,17.4546347070868
"GHA","Ghana","Sub-Saharan Africa ","Lower middle income",2017,13.94477,21.591249,62.87732,4.658961,24.89446,8.12889488100956,12.3719215507048
"GHA","Ghana","Sub-Saharan Africa ","Lower middle income",2018,13.92056,18.187153,54.42196,4.255168,24.33982,6.20007768127284,7.80876516610703
"GHA","Ghana","Sub-Saharan Africa ","Lower middle income",2019,14.12575,13.941911,55.16365,4.45167,24.33401,6.5077747939152,7.14364003330857
"GHA","Ghana","Sub-Saharan Africa ","Lower middle income",2020,14.15553,14.815376,44.72012,4.596446,27.2572,0.513941670628171,9.88728956269944
"GHA","Ghana","Sub-Saharan Africa ","Lower middle income",2021,13.92242,NA,42.87614,4.904575,23.92728,5.07646643533542,9.9710886750444
"GRC","Greece","Europe & Central Asia","High income",2001,NA,5.5999999,56.57527,NA,88.33463,4.65041459442163,3.37396832213867
"GRC","Greece","Europe & Central Asia","High income",2002,NA,7.4000001,66.01256,NA,80.62902,4.68313727063017,3.62935871878874
"GRC","Greece","Europe & Central Asia","High income",2003,NA,7,73.36056,NA,77.74349,5.79682274294369,3.53065027765552
"GRC","Greece","Europe & Central Asia","High income",2004,4.80545,7,80.12096,NA,77.59245,5.37786634595851,2.8988481075817
"GRC","Greece","Europe & Central Asia","High income",2005,5.112296,6.3000002,88.30403,1.867103,81.39197,1.18350635493289,3.54507273335078
"GRC","Greece","Europe & Central Asia","High income",2006,5.180621,5.4000001,92.8823,1.226715,81.97713,6.44339762487436,3.19594684144545
"GRC","Greece","Europe & Central Asia","High income",2007,5.11802,4.5999999,95.41539,1.101952,88.45957,3.50686976639459,2.89500321516578
"GRC","Greece","Europe & Central Asia","High income",2008,3.458258,4.6999998,93.527,0.3434246,95.32047,0.0574740238200775,4.15279708110293
"GRC","Greece","Europe & Central Asia","High income",2009,4.494339,7,86.97448,-0.0110862,101.0276,-4.11927606715011,1.21007269197809
"GRC","Greece","Europe & Central Asia","High income",2010,3.888523,9.1173443,119.5669,-0.6265913,93.98904,-5.6937412158003,4.71298907760388
"GRC","Greece","Europe & Central Asia","High income",2011,-0.1872253,14.428254,137.3561,-10.88227,86.71474,-9.87677875300243,3.3298532335065
"GRC","Greece","Europe & Central Asia","High income",2012,2.27715,23.270389,135.5714,-3.498568,87.30233,-8.33113421099992,1.50152696177758
"GRC","Greece","Europe & Central Asia","High income",2013,7.468579,31.898938,126.7044,0.460339,93.43633,-2.27211699888024,-0.921269454256994
"GRC","Greece","Europe & Central Asia","High income",2014,5.429644,33.775271,125.6517,-2.452717,93.02962,0.792225060962835,-1.31226096405506
"GRC","Greece","Europe & Central Asia","High income",2015,5.945258,36.647436,155.5986,-3.93698,72.33491,-0.228301892172851,-1.73588804765284
"GRC","Greece","Europe & Central Asia","High income",2016,7.967101,36.298666,150.8424,-0.0239493,71.83857,-0.0317947678412054,-0.825653978390973
"GRC","Greece","Europe & Central Asia","High income",2017,9.335051,45.57232,136.7164,-0.729494,73.64771,1.47312472702352,1.12125452031419
"GRC","Greece","Europe & Central Asia","High income",2018,7.744936,41.987867,118.1543,-0.2310397,77.45687,2.06467207892409,0.62562141345364
"GRC","Greece","Europe & Central Asia","High income",2019,7.77626,36.44854,100.1278,0.1110804,80.6794,2.27718065334808,0.253007522038157
"GRC","Greece","Europe & Central Asia","High income",2020,7.356091,26.978044,81.49692,-0.0221916,100.7277,-9.19623149726978,-1.24798355581405
"GRC","Greece","Europe & Central Asia","High income",2021,6.641998,NA,57.13287,-1.81786,99.36717,8.65449786002131,1.22382501019854
"GRD","Grenada","Latin America & Caribbean ","Upper middle income",2000,NA,NA,85.57813,NA,73.10059,4.88795213650562,2.18181818181821
"GRD","Grenada","Latin America & Caribbean ","Upper middle income",2001,NA,NA,77.18135,NA,81.73022,-2.02390004072058,3.14099305202543
"GRD","Grenada","Latin America & Caribbean ","Upper middle income",2002,NA,NA,70.48308,NA,87.15884,3.43732352954147,1.06721547992874
"GRD","Grenada","Latin America & Caribbean ","Upper middle income",2003,NA,NA,69.38744,NA,84.25838,9.46397343076491,2.15492809908679
"GRD","Grenada","Latin America & Caribbean ","Upper middle income",2004,NA,NA,61.68217,NA,99.89596,-0.647450316084857,2.3129167822611
"GRD","Grenada","Latin America & Caribbean ","Upper middle income",2005,NA,NA,72.28031,NA,80.1968,13.2761883306272,3.475806937554
"GRD","Grenada","Latin America & Caribbean ","Upper middle income",2006,NA,NA,79.3019,NA,81.80981,-3.99532824427482,4.25195321977967
"GRD","Grenada","Latin America & Caribbean ","Upper middle income",2007,NA,NA,80.95716,NA,84.97503,6.12345094741467,3.85882922469653
"GRD","Grenada","Latin America & Caribbean ","Upper middle income",2008,NA,NA,84.97267,NA,82.46993,0.947542624907697,8.0332732765034
"GRD","Grenada","Latin America & Caribbean ","Upper middle income",2009,NA,5.9000001,86.9641,NA,91.27547,-6.61328134799545,-0.308654779585642
"GRD","Grenada","Latin America & Caribbean ","Upper middle income",2010,NA,7.5599999,88.67834,NA,94.70174,-0.511146187173722,3.43650905943351
"GRD","Grenada","Latin America & Caribbean ","Upper middle income",2011,NA,9.3699999,90.60447,NA,93.67752,0.764773550338731,3.0334728033474
"GRD","Grenada","Latin America & Caribbean ","Upper middle income",2012,NA,11.77,96.06297,NA,86.19846,-1.15483816409801,2.41077704021862
"GRD","Grenada","Latin America & Caribbean ","Upper middle income",2013,NA,13.8,87.38949,NA,84.97693,2.35109801677905,-0.0439997864828058
"GRD","Grenada","Latin America & Caribbean ","Upper middle income",2014,NA,14.63,78.23869,NA,83.33706,7.34212396037948,-0.98360305555498
"GRD","Grenada","Latin America & Caribbean ","Upper middle income",2015,NA,NA,70.04515,NA,81.83498,6.44522314693144,-0.515448031435329
"GRD","Grenada","Latin America & Caribbean ","Upper middle income",2016,NA,NA,66.85302,NA,80.36039,3.7396039558691,1.65038994431573
"GRD","Grenada","Latin America & Caribbean ","Upper middle income",2017,NA,NA,65.68001,NA,77.66853,4.43867566948151,0.908458255874249
"GRD","Grenada","Latin America & Caribbean ","Upper middle income",2018,NA,NA,61.27691,NA,82.54256,4.36144039364797,0.804102313277033
"GRD","Grenada","Latin America & Caribbean ","Upper middle income",2019,NA,NA,63.59515,NA,79.47792,0.676511738873756,0.598149764736022
"GRD","Grenada","Latin America & Caribbean ","Upper middle income",2020,NA,NA,66.98728,NA,89.94455,-13.7566222572107,-0.740732597045498
"GRD","Grenada","Latin America & Caribbean ","Upper middle income",2021,NA,NA,64.40303,NA,89.007,4.6977240232674,1.21951193916838
"GTM","Guatemala","Latin America & Caribbean ","Upper middle income",2000,27.90404,NA,108.4534,1.13763,18.22509,3.6088687174876,5.97757734737136
"GTM","Guatemala","Latin America & Caribbean ","Upper middle income",2001,27.0477,8.1000004,94.15608,0.4741593,23.46895,2.33257486608854,7.28587366610138
"GTM","Guatemala","Latin America & Caribbean ","Upper middle income",2002,26.76402,7.9000001,87.20483,0.5498875,23.98241,3.83928708556792,8.13263054281054
"GTM","Guatemala","Latin America & Caribbean ","Upper middle income",2003,27.9502,6.5,74.70674,0.664745,34.82519,2.56037766801896,5.60347675434469
"GTM","Guatemala","Latin America & Caribbean ","Upper middle income",2004,28.11806,7.0999999,72.62467,1.468207,35.80744,3.13791683609193,7.57862247309729
"GTM","Guatemala","Latin America & Caribbean ","Upper middle income",2005,26.47028,2.4000001,67.01367,1.696711,37.48986,3.27602692588886,9.1086498571922
"GTM","Guatemala","Latin America & Caribbean ","Upper middle income",2006,24.05425,2.3,74.08736,1.690687,38.05795,5.35139778711536,6.56085282795384
"GTM","Guatemala","Latin America & Caribbean ","Upper middle income",2007,26.72228,1.6,75.59734,2.02436,37.10326,6.33771869016203,6.82161753590326
"GTM","Guatemala","Latin America & Caribbean ","Upper middle income",2008,30.00762,2.2,74.70253,2.195427,36.44322,3.29352400028485,11.355761126315
"GTM","Guatemala","Latin America & Caribbean ","Upper middle income",2009,30.66261,2.7,64.45376,2.036659,39.18597,0.476898106596394,1.85910254733028
"GTM","Guatemala","Latin America & Caribbean ","Upper middle income",2010,31.0119,2.1103967,59.61687,2.244143,39.80902,2.88417542800377,3.8595090983316
"GTM","Guatemala","Latin America & Caribbean ","Upper middle income",2011,30.51082,1.6061324,60.75382,2.298675,38.5327,4.16390688293349,6.214123930671
"GTM","Guatemala","Latin America & Caribbean ","Upper middle income",2012,29.66189,1.3445397,79.37569,2.074833,39.85648,2.97470856847661,3.78180754679678
"GTM","Guatemala","Latin America & Caribbean ","Upper middle income",2013,30.36126,1.1931253,79.28474,2.058376,41.07889,3.69476814623695,4.34337131279521
"GTM","Guatemala","Latin America & Caribbean ","Upper middle income",2014,30.54368,1.2877549,79.97037,2.029965,41.19663,4.44397825774911,3.4183616966296
"GTM","Guatemala","Latin America & Caribbean ","Upper middle income",2015,30.32703,1.347323,82.63261,1.81105,41.9382,4.09217170075418,2.3887203283955
"GTM","Guatemala","Latin America & Caribbean ","Upper middle income",2016,29.15103,2.0547544,83.3215,1.553969,42.17865,2.6778031930216,4.44844199942827
"GTM","Guatemala","Latin America & Caribbean ","Upper middle income",2017,30.12516,2.3239982,80.76389,1.655095,42.79897,3.0798512212244,4.42453655182546
"GTM","Guatemala","Latin America & Caribbean ","Upper middle income",2018,30.28761,2.176221,76.8583,1.519493,44.88989,3.40687328176345,3.75186186704508
"GTM","Guatemala","Latin America & Caribbean ","Upper middle income",2019,31.63215,2.201272,74.66228,1.722567,44.94372,4.01789830861587,3.69998398008605
"GTM","Guatemala","Latin America & Caribbean ","Upper middle income",2020,29.76083,1.8300875,67.92442,1.518878,51.92645,-1.78555117570465,3.21444062197345
"GTM","Guatemala","Latin America & Caribbean ","Upper middle income",2021,30.71606,NA,70.42893,1.853341,50.14574,8.04170398855833,4.26105127422813
"GIN","Guinea","Sub-Saharan Africa ","Lower middle income",2005,NA,NA,39.61592,NA,11.18071,2.99727256275818,31.3733025877534
"GIN","Guinea","Sub-Saharan Africa ","Lower middle income",2006,NA,NA,30.26413,NA,12.43969,1.18960211693242,34.6952705997072
"GIN","Guinea","Sub-Saharan Africa ","Lower middle income",2007,NA,NA,37.45571,NA,7.475068,6.81747111070281,18.1755656108597
"GIN","Guinea","Sub-Saharan Africa ","Lower middle income",2008,NA,NA,29.15925,NA,9.486848,4.13301615965833,23.065612938798
"GIN","Guinea","Sub-Saharan Africa ","Lower middle income",2009,NA,NA,26.91509,NA,9.761229,-1.12264204848687,4.68438868976504
"GIN","Guinea","Sub-Saharan Africa ","Lower middle income",2010,14.88611,NA,24.27541,NA,16.17352,4.81336016967553,15.0502688559001
"GIN","Guinea","Sub-Saharan Africa ","Lower middle income",2011,19.92868,NA,38.49072,4.172078,17.65522,5.61211177430975,21.3169268542577
"GIN","Guinea","Sub-Saharan Africa ","Lower middle income",2012,23.34181,NA,44.09724,3.525239,13.15415,5.91528626133322,15.2262941038638
"GIN","Guinea","Sub-Saharan Africa ","Lower middle income",2013,24.32562,6.2023356,48.39301,3.222574,14.85836,3.94568708624053,11.8875884481828
"GIN","Guinea","Sub-Saharan Africa ","Lower middle income",2014,NA,6.0462071,60.24615,NA,16.14458,3.69655311664086,6.1505055670642
"GIN","Guinea","Sub-Saharan Africa ","Lower middle income",2015,23.25316,6.0717533,63.10531,2.711887,18.23103,3.82591056949435,11.7800825029834
"GIN","Guinea","Sub-Saharan Africa ","Lower middle income",2016,27.55684,9.4423447,62.20419,3.137581,16.99413,10.82062719659,8.17268112275132
"GIN","Guinea","Sub-Saharan Africa ","Lower middle income",2017,27.94649,10.675586,55.32177,3.449364,15.92402,10.3000053427355,8.91435947913097
"GIN","Guinea","Sub-Saharan Africa ","Lower middle income",2018,26.72409,11.555066,57.92767,3.084036,17.38563,6.35849192736715,9.82761701259191
"GIN","Guinea","Sub-Saharan Africa ","Lower middle income",2019,26.6458,9.899027,57.28001,3.922856,18.63651,5.61691446889876,9.47001039253012
"GIN","Guinea","Sub-Saharan Africa ","Lower middle income",2020,25.43583,9.3796823,51.4515,4.302861,18.88813,4.70459096113575,10.6016203387167
"GIN","Guinea","Sub-Saharan Africa ","Lower middle income",2021,NA,NA,50.02605,NA,17.96657,5.5823328114905,12.5972882566934
"GNB","Guinea-Bissau","Sub-Saharan Africa ","Low income",2000,NA,NA,57.66,NA,7.563656,1.10027815777423,8.63632094930278
"GNB","Guinea-Bissau","Sub-Saharan Africa ","Low income",2001,NA,NA,26.00938,NA,5.643707,4.7859716500482,3.34812265527108
"GNB","Guinea-Bissau","Sub-Saharan Africa ","Low income",2002,NA,NA,26.47407,NA,4.911877,3.65393603642713,3.30012175283752
"GNB","Guinea-Bissau","Sub-Saharan Africa ","Low income",2003,NA,NA,29.84352,NA,2.766945,-0.285931052286514,-3.50258551103421
"GNB","Guinea-Bissau","Sub-Saharan Africa ","Low income",2004,NA,NA,20.7389,NA,3.535505,1.17189152277038,0.883302696930943
"GNB","Guinea-Bissau","Sub-Saharan Africa ","Low income",2005,NA,NA,28.83299,NA,3.464887,6.55977111846077,3.32919922802856
"GNB","Guinea-Bissau","Sub-Saharan Africa ","Low income",2006,NA,NA,41.29045,NA,4.622075,2.66650493269572,1.95473717628916
"GNB","Guinea-Bissau","Sub-Saharan Africa ","Low income",2007,NA,NA,41.34513,NA,7.02407,2.55982647078751,4.61743772241997
"GNB","Guinea-Bissau","Sub-Saharan Africa ","Low income",2008,NA,NA,51.34877,NA,8.393231,4.52457514610252,10.4600731354706
"GNB","Guinea-Bissau","Sub-Saharan Africa ","Low income",2009,NA,NA,56.29252,NA,9.233948,2.44795106098685,-1.65139733620775
"GNB","Guinea-Bissau","Sub-Saharan Africa ","Low income",2010,NA,NA,47.66364,NA,11.61681,5.60536311358261,2.51785140171701
"GNB","Guinea-Bissau","Sub-Saharan Africa ","Low income",2011,NA,NA,55.62009,NA,17.84162,8.08504167173554,5.046102263202
"GNB","Guinea-Bissau","Sub-Saharan Africa ","Low income",2012,NA,NA,81.07555,NA,14.78488,-1.71286958446419,2.13054580274503
"GNB","Guinea-Bissau","Sub-Saharan Africa ","Low income",2013,NA,NA,69.52287,NA,17.46856,3.25607190852087,1.20712555668405
"GNB","Guinea-Bissau","Sub-Saharan Africa ","Low income",2014,NA,NA,66.17989,NA,16.46793,0.964525745841428,-1.50924460570494
"GNB","Guinea-Bissau","Sub-Saharan Africa ","Low income",2015,NA,NA,54.46634,NA,16.86433,6.1340893623123,1.47672048910485
"GNB","Guinea-Bissau","Sub-Saharan Africa ","Low income",2016,NA,NA,44.10186,NA,14.96157,5.4326782650304,1.50312055861088
"GNB","Guinea-Bissau","Sub-Saharan Africa ","Low income",2017,NA,NA,82.74722,NA,13.6939,4.66367943913264,1.69111461822298
"GNB","Guinea-Bissau","Sub-Saharan Africa ","Low income",2018,NA,NA,88.90376,NA,15.54127,3.76145359637003,0.381324702790992
"GNB","Guinea-Bissau","Sub-Saharan Africa ","Low income",2019,NA,NA,92.07946,NA,15.47574,5.32749571119344,0.24660026814783
"GNB","Guinea-Bissau","Sub-Saharan Africa ","Low income",2020,NA,NA,84.67516,NA,18.5034,2.89149979806913,1.14000939393222
"GNB","Guinea-Bissau","Sub-Saharan Africa ","Low income",2021,NA,NA,78.34737,NA,19.60174,5.0173096003907,2.24248879577658
"GUY","Guyana","Latin America & Caribbean ","High income",2000,16.90548,NA,76.84807,1.454277,65.68083,-1.36380390261873,6.14854333024872
"GUY","Guyana","Latin America & Caribbean ","High income",2001,16.17895,NA,69.04865,0.8130858,76.44306,2.2795216592191,2.62741314203333
"GUY","Guyana","Latin America & Caribbean ","High income",2002,16.704,NA,66.10791,0.8599946,80.36876,1.13262696199476,5.34101521377408
"GUY","Guyana","Latin America & Caribbean ","High income",2003,14.96245,NA,53.57111,0.9518034,83.78881,-0.632225388266377,5.98097814066473
"GUY","Guyana","Latin America & Caribbean ","High income",2004,15.42694,NA,48.35304,1.332756,84.87793,1.56335211034042,4.66846622369881
"GUY","Guyana","Latin America & Caribbean ","High income",2005,15.85584,NA,49.2725,1.813413,84.68397,-1.95095759501714,6.92554303890158
"GUY","Guyana","Latin America & Caribbean ","High income",2006,16.28331,NA,48.70749,2.408224,34.14151,5.12960934773,6.67715790410028
"GUY","Guyana","Latin America & Caribbean ","High income",2007,17.49597,NA,50.37637,2.775811,33.1067,7.19123624057457,12.2001544446648
"GUY","Guyana","Latin America & Caribbean ","High income",2008,18.27921,NA,53.36712,3.096889,33.14029,1.75522349592019,8.10202206969276
"GUY","Guyana","Latin America & Caribbean ","High income",2009,20.13987,NA,52.16716,3.247739,34.88223,3.61150847218585,2.95230096381001
"GUY","Guyana","Latin America & Caribbean ","High income",2010,20.90873,NA,52.65441,3.429211,37.07809,4.13844160137342,4.3005534033896
"GUY","Guyana","Latin America & Caribbean ","High income",2011,20.56034,NA,55.93832,3.171342,38.40006,5.19625156051602,4.4073041447003
"GUY","Guyana","Latin America & Caribbean ","High income",2012,21.20683,NA,58.73079,3.135615,39.75786,5.27633062046809,2.39057526653742
"GUY","Guyana","Latin America & Caribbean ","High income",2013,21.45928,NA,63.13415,3.331244,41.24748,3.65338433338232,1.9111250917408
"GUY","Guyana","Latin America & Caribbean ","High income",2014,23.95271,NA,68.87759,3.276269,41.66631,1.68649445019584,0.683700250354637
"GUY","Guyana","Latin America & Caribbean ","High income",2015,28.44514,NA,70.49924,3.966373,41.5823,0.687404590619494,-0.865401289233742
"GUY","Guyana","Latin America & Caribbean ","High income",2016,27.6426,NA,68.71114,3.175971,41.51966,3.80745626378814,0.826177341246544
"GUY","Guyana","Latin America & Caribbean ","High income",2017,29.58506,NA,72.47722,3.202082,37.94367,3.73449154571284,1.94571617739331
"GUY","Guyana","Latin America & Caribbean ","High income",2018,29.90983,NA,72.11217,3.186839,39.12623,4.44091288475967,1.25128567037044
"GUY","Guyana","Latin America & Caribbean ","High income",2019,29.48428,NA,67.90781,3.413757,41.31914,5.35284003535665,2.11238986774464
"GUY","Guyana","Latin America & Caribbean ","High income",2020,27.29902,NA,63.06912,2.587098,43.10662,43.479651716849,0.722434045501787
"GUY","Guyana","Latin America & Caribbean ","High income",2021,26.12195,NA,60.25817,2.855821,36.32243,20.0599975568418,4.50619858925893
"HTI","Haiti","Latin America & Caribbean ","Lower middle income",2000,NA,NA,50.37722,NA,17.36822,0.870059259424892,9.33322197565603
"HTI","Haiti","Latin America & Caribbean ","Lower middle income",2001,NA,NA,45.61027,NA,17.62028,-0.342747883252144,13.31672224251
"HTI","Haiti","Latin America & Caribbean ","Lower middle income",2002,NA,NA,49.78988,NA,19.54309,1.05182013450109,7.03287406224601
"HTI","Haiti","Latin America & Caribbean ","Lower middle income",2003,8.358157,NA,40.48174,NA,24.19086,3.48077973188326,28.6995777887374
"HTI","Haiti","Latin America & Caribbean ","Lower middle income",2004,6.642955,NA,38.56356,0.7711266,20.56781,-1.3178567596495,21.0318339277222
"HTI","Haiti","Latin America & Caribbean ","Lower middle income",2005,8.268808,NA,39.9652,1.128113,20.70024,3.07217337664731,13.973008326384
"HTI","Haiti","Latin America & Caribbean ","Lower middle income",2006,10.88296,NA,39.77492,2.049836,19.57565,1.76875060288195,11.3452152244299
"HTI","Haiti","Latin America & Caribbean ","Lower middle income",2007,11.57364,NA,38.72461,2.047662,18.86155,4.70652994008303,6.55722772638066
"HTI","Haiti","Latin America & Caribbean ","Lower middle income",2008,10.67837,NA,43.18467,1.885635,18.7997,2.6580323082747,15.2817744823772
"HTI","Haiti","Latin America & Caribbean ","Lower middle income",2009,11.44342,NA,41.95516,1.603762,18.51698,5.89037894844316,0.393886040173341
"HTI","Haiti","Latin America & Caribbean ","Lower middle income",2010,9.960195,NA,31.83501,1.563882,22.90742,-5.65151153448299,4.82734190074673
"HTI","Haiti","Latin America & Caribbean ","Lower middle income",2011,10.98901,NA,36.1639,1.923969,22.24195,5.09821354410036,6.33279483849042
"HTI","Haiti","Latin America & Caribbean ","Lower middle income",2012,11.10097,NA,46.98013,1.777429,21.9959,0.502424403581585,5.01804155429246
"HTI","Haiti","Latin America & Caribbean ","Lower middle income",2013,12.03902,NA,49.16423,1.971091,20.92509,4.32478411472874,4.76502404779142
"HTI","Haiti","Latin America & Caribbean ","Lower middle income",2014,12.30199,NA,50.76647,1.968126,21.45687,2.88877250863379,3.43816659958601
"HTI","Haiti","Latin America & Caribbean ","Lower middle income",2015,11.69901,NA,40.88735,1.926768,25.07632,1.40000000859727,6.73184069658997
"HTI","Haiti","Latin America & Caribbean ","Lower middle income",2016,14.86317,NA,39.36025,3.071557,25.45016,1.81246807847532,11.5029073942666
"HTI","Haiti","Latin America & Caribbean ","Lower middle income",2017,16.87527,NA,40.10796,4.523406,23.5071,2.51027134544685,10.6800887242584
"HTI","Haiti","Latin America & Caribbean ","Lower middle income",2018,12.95728,NA,43.12444,1.646578,24.90975,1.66781095484656,12.4814111170435
"HTI","Haiti","Latin America & Caribbean ","Lower middle income",2019,12.23497,NA,41.72915,1.707195,24.23067,-1.72309699839232,18.7037825672506
"HTI","Haiti","Latin America & Caribbean ","Lower middle income",2020,13.172,NA,39.62779,1.389489,20.70943,-3.30550546965893,22.7963113642528
"HTI","Haiti","Latin America & Caribbean ","Lower middle income",2021,11.54701,NA,33.27132,1.79958,24.16631,-1.79823988931486,16.8415240198785
"HND","Honduras","Latin America & Caribbean ","Lower middle income",2000,27.80569,10.6,96.84795,0.7747248,35.22403,9.61221879337278,11.0480349344976
"HND","Honduras","Latin America & Caribbean ","Lower middle income",2001,28.37634,NA,96.24831,0.8489417,37.70398,2.72319327321379,9.67415556864781
"HND","Honduras","Latin America & Caribbean ","Lower middle income",2002,32.90298,NA,91.02352,1.088765,39.29294,3.75433786119939,7.6905097203429
"HND","Honduras","Latin America & Caribbean ","Lower middle income",2003,32.28172,NA,91.60426,1.754764,39.70128,4.54703805165397,7.67416639397743
"HND","Honduras","Latin America & Caribbean ","Lower middle income",2004,32.88403,NA,90.35361,1.841399,41.33658,6.23230296069102,8.11379097093383
"HND","Honduras","Latin America & Caribbean ","Lower middle income",2005,28.40506,NA,90.2102,2.072446,42.64969,6.05059922215973,8.80906074819817
"HND","Honduras","Latin America & Caribbean ","Lower middle income",2006,27.25973,4,93.98643,2.401493,46.96014,6.56724355177587,5.57775207654292
"HND","Honduras","Latin America & Caribbean ","Lower middle income",2007,27.57367,3.0999999,103.6549,2.275711,49.90221,6.18832716678008,6.93621470895786
"HND","Honduras","Latin America & Caribbean ","Lower middle income",2008,30.85066,4.3000002,109.0817,2.339397,47.09433,4.23160011009342,11.4034270813932
"HND","Honduras","Latin America & Caribbean ","Lower middle income",2009,31.94024,4.6999998,109.5367,1.983281,45.22319,-2.43162787988011,5.49634273772203
"HND","Honduras","Latin America & Caribbean ","Lower middle income",2010,31.16599,3.6635469,103.5362,1.836149,45.25714,3.73114034433009,4.69889064976232
"HND","Honduras","Latin America & Caribbean ","Lower middle income",2011,29.84337,2.937417,102.0654,2.674542,45.75613,3.83569066207505,6.7622795731476
"HND","Honduras","Latin America & Caribbean ","Lower middle income",2012,29.45166,3.2872032,111.0588,2.269479,45.64654,4.12868774866939,5.19618615531848
"HND","Honduras","Latin America & Caribbean ","Lower middle income",2013,28.76967,3.3933599,113.6431,2.039603,47.65389,2.79155975746801,5.16189898581494
"HND","Honduras","Latin America & Caribbean ","Lower middle income",2014,28.98955,3.2708024,111.1487,1.932009,49.01834,3.0580805621437,6.12924930313031
"HND","Honduras","Latin America & Caribbean ","Lower middle income",2015,33.64914,3.056321,113.3659,1.949797,47.60007,3.84007997093951,3.15783117980915
"HND","Honduras","Latin America & Caribbean ","Lower middle income",2016,34.15448,2.9212039,107.4647,2.041045,52.52943,3.89297219726413,2.72461223295289
"HND","Honduras","Latin America & Caribbean ","Lower middle income",2017,32.48211,2.3628317,106.7909,2.054533,52.80378,4.84291391050387,3.93436084442037
"HND","Honduras","Latin America & Caribbean ","Lower middle income",2018,31.68338,2.1452244,112.5201,1.806281,54.08372,3.84499476966735,4.34734937777536
"HND","Honduras","Latin America & Caribbean ","Lower middle income",2019,31.60967,2.262165,110.7805,1.908953,55.92024,2.55963434592314,4.36587159819274
"HND","Honduras","Latin America & Caribbean ","Lower middle income",2020,27.60089,3.0694204,97.6215,0.9955651,68.76589,-8.96508223267296,3.46841177951171
"HND","Honduras","Latin America & Caribbean ","Lower middle income",2021,28.60143,NA,99.76906,1.613449,64.50345,12.5652843771279,4.48087963413446
"HKG","Hong Kong SAR, China","East Asia & Pacific","High income",2000,28.18801,7.3000002,69.11332,0.4893526,217.5433,7.66344398397743,-3.68550368550369
"HKG","Hong Kong SAR, China","East Asia & Pacific","High income",2001,29.94102,6.5,68.06886,0.3435314,218.8617,0.560867137855524,-1.65816326530609
"HKG","Hong Kong SAR, China","East Asia & Pacific","High income",2002,29.74524,5,65.26678,1.033893,223.25,1.6567016736435,-2.98313878080415
"HKG","Hong Kong SAR, China","East Asia & Pacific","High income",2003,27.8298,3.9000001,59.84749,0.9580984,244.3406,3.05635886663597,-2.67379679144394
"HKG","Hong Kong SAR, China","East Asia & Pacific","High income",2004,11.57329,2.3,57.90604,2.187643,249.9942,8.70006555836002,-0.274725274725253
"HKG","Hong Kong SAR, China","East Asia & Pacific","High income",2005,12.00117,1.4,59.22812,1.574374,241.6539,7.38815395153696,0.826446280991827
"HKG","Hong Kong SAR, China","East Asia & Pacific","High income",2006,17.62644,1.1,51.65676,1.69182,264.8259,7.03264766297669,2.00025160397534
"HKG","Hong Kong SAR, China","East Asia & Pacific","High income",2007,15.09722,0.80000001,47.49091,1.583002,287.8014,6.46482809096842,2.03502713369511
"HKG","Hong Kong SAR, China","East Asia & Pacific","High income",2008,12.6705,1.2,48.43533,1.199522,289.6346,2.12793685154209,4.30315484104921
"HKG","Hong Kong SAR, China","East Asia & Pacific","High income",2009,15.57728,1.6,49.69797,1.185588,312.7404,-2.45909150468412,0.579441418472608
"HKG","Hong Kong SAR, China","East Asia & Pacific","High income",2010,15.10732,0.83,59.26899,1.228947,313.1183,6.76770683250318,2.29289088604673
"HKG","Hong Kong SAR, China","East Asia & Pacific","High income",2011,14.6562,0.69,64.13638,1.159257,315.4102,4.81466801092733,5.3052489299392
"HKG","Hong Kong SAR, China","East Asia & Pacific","High income",2012,15.40095,0.6,61.60929,1.178685,322.2423,1.70032214482865,4.05390950903844
"HKG","Hong Kong SAR, China","East Asia & Pacific","High income",2013,18.59706,0.54,64.94769,1.343571,335.9006,3.10155262780289,4.33799342105267
"HKG","Hong Kong SAR, China","East Asia & Pacific","High income",2014,18.38844,0.51,67.25687,0.9815852,346.746,2.76241378329884,4.42364532019699
"HKG","Hong Kong SAR, China","East Asia & Pacific","High income",2015,21.06087,0.73,59.68524,1.463703,348.3264,2.38780116013344,2.99084819322581
"HKG","Hong Kong SAR, China","East Asia & Pacific","High income",2016,19.90074,0.85431809,56.4772,1.223255,360.8833,2.17544820327555,2.40930743862224
"HKG","Hong Kong SAR, China","East Asia & Pacific","High income",2017,20.23917,0.66892575,64.40332,1.331375,371.0277,3.79610937243891,1.49387243939522
"HKG","Hong Kong SAR, China","East Asia & Pacific","High income",2018,20.58956,0.5469708,62.28564,1.387824,353.0639,2.84690922660509,2.40613432046534
"HKG","Hong Kong SAR, China","East Asia & Pacific","High income",2019,20.99495,0.56803224,63.90267,1.298615,370.4936,-1.67242865968056,2.88320853773996
"HKG","Hong Kong SAR, China","East Asia & Pacific","High income",2020,20.07034,0.90237353,62.28496,0.9031647,415.7495,-6.54479640529367,0.2509620210808
"HKG","Hong Kong SAR, China","East Asia & Pacific","High income",2021,19.74722,NA,64.5292,0.7973751,402.941,6.45443038333934,1.56875834445922
"HUN","Hungary","Europe & Central Asia","High income",2000,5.955592,3,83.54888,1.583387,38.1562,4.40937501806403,9.80361016908125
"HUN","Hungary","Europe & Central Asia","High income",2001,6.319304,3.5999999,85.11509,2.027454,38.3459,4.06202617226026,9.11680911680911
"HUN","Hungary","Europe & Central Asia","High income",2002,6.970941,2.9000001,88.86161,2.318079,38.65991,4.73006530805553,5.26544821583985
"HUN","Hungary","Europe & Central Asia","High income",2003,7.318236,2.5999999,105.6762,2.419873,39.51024,3.93877761242727,4.66101694915254
"HUN","Hungary","Europe & Central Asia","High income",2004,8.460297,1.8,113.3416,3.15984,39.61339,4.96312536156307,6.74434679569469
"HUN","Hungary","Europe & Central Asia","High income",2005,8.168284,2.3,119.6755,2.893142,41.67336,4.30028318461673,3.56151711378352
"HUN","Hungary","Europe & Central Asia","High income",2006,8.655413,2.5999999,122.4702,3.164456,44.09783,3.93393162712054,3.93032603841001
"HUN","Hungary","Europe & Central Asia","High income",2007,7.797125,2.3,133.3662,2.545592,45.49811,0.332354337878925,7.9587451654491
"HUN","Hungary","Europe & Central Asia","High income",2008,6.708408,3,143.0157,1.679528,47.50249,0.993437085479655,6.0425125388106
"HUN","Hungary","Europe & Central Asia","High income",2009,7.196523,8.1999998,117.5958,1.401256,50.79005,-6.7401660845502,4.21171171171171
"HUN","Hungary","Europe & Central Asia","High income",2010,6.409255,10.037161,122.435,0.4929515,49.11575,1.06795068152046,4.85555795691956
"HUN","Hungary","Europe & Central Asia","High income",2011,5.913123,13.677495,117.6137,-0.5161906,49.5654,1.91670916599742,3.9299209893507
"HUN","Hungary","Europe & Central Asia","High income",2012,7.459937,16.042829,105.392,0.1460177,47.66258,-1.33948446518181,5.65214517088646
"HUN","Hungary","Europe & Central Asia","High income",2013,8.120221,16.825728,97.9411,0.59584,47.00251,2.03216990678146,1.73319984983101
"HUN","Hungary","Europe & Central Asia","High income",2014,6.695463,15.621527,92.44246,-0.8378456,45.97534,4.33435364113967,-0.227566270988219
"HUN","Hungary","Europe & Central Asia","High income",2015,8.316404,11.663126,78.44907,0.7168831,44.70366,3.65981615406955,-0.0616446800641672
"HUN","Hungary","Europe & Central Asia","High income",2016,9.585453,7.4235621,71.81824,2.436245,46.46088,2.43864141309342,0.394769306686392
"HUN","Hungary","Europe & Central Asia","High income",2017,9.697723,4.167788,70.6415,2.40698,45.85539,4.12418389451805,2.34824281150154
"HUN","Hungary","Europe & Central Asia","High income",2018,9.478704,2.4652996,70.57359,1.901778,45.82058,5.60613813768876,2.85024792594646
"HUN","Hungary","Europe & Central Asia","High income",2019,9.339087,1.5091188,73.8093,1.802849,45.19668,5.07718495088933,3.33858635382008
"HUN","Hungary","Europe & Central Asia","High income",2020,7.338471,0.93471375,68.58461,0.7281933,55.01208,-4.33872540024058,3.32674385766738
"HUN","Hungary","Europe & Central Asia","High income",2021,7.074254,NA,67.38325,1.180723,56.83633,7.22291580811137,5.11096534382855
"ISL","Iceland","Europe & Central Asia","High income",2000,0.4460764,1.5,228.044,NA,41.01071,4.90518213950493,5.13647123245144
"ISL","Iceland","Europe & Central Asia","High income",2001,0.5109389,1.2,230.5378,0.7911375,41.7691,3.84093935332692,6.40508550386868
"ISL","Iceland","Europe & Central Asia","High income",2002,NA,2.5999999,222.3818,NA,45.21758,0.542286728290463,5.1970223021663
"ISL","Iceland","Europe & Central Asia","High income",2003,NA,2.0999999,231.6369,NA,54.02649,2.28136971847135,2.05566329753744
"ISL","Iceland","Europe & Central Asia","High income",2004,NA,0.89999998,284.5717,NA,55.45089,7.62260520494142,3.15819324298459
"ISL","Iceland","Europe & Central Asia","High income",2005,NA,1.1,364.6682,NA,65.69308,7.02934061160924,3.98704782806593
"ISL","Iceland","Europe & Central Asia","High income",2006,NA,0.80000001,332.7507,NA,91.53233,5.67161248703039,6.68707906136667
"ISL","Iceland","Europe & Central Asia","High income",2007,NA,NA,284.1238,NA,86.79649,8.74132941862472,5.05155736492143
"ISL","Iceland","Europe & Central Asia","High income",2008,NA,NA,196.4618,NA,98.14743,1.69961072411662,12.6943942775877
"ISL","Iceland","Europe & Central Asia","High income",2009,1.102179,14.1,179.5886,-17.65767,96.10069,-8.32146414938261,12.0031298461743
"ISL","Iceland","Europe & Central Asia","High income",2010,1.364644,NA,193.021,-1.957615,82.67703,-2.22181843777449,5.39673113167484
"ISL","Iceland","Europe & Central Asia","High income",2011,1.108705,NA,161.4245,7.596941,84.48988,1.37999669197329,4.0010266434312
"ISL","Iceland","Europe & Central Asia","High income",2012,1.373734,NA,153.3078,12.9172,76.8626,1.16931174934061,5.18589988750698
"ISL","Iceland","Europe & Central Asia","High income",2013,1.44737,NA,142.4098,3.133619,75.25823,3.59695697128252,3.8722792374824
"ISL","Iceland","Europe & Central Asia","High income",2014,1.604244,NA,123.8221,2.272916,76.10508,1.91381613095174,2.04461481539342
"ISL","Iceland","Europe & Central Asia","High income",2015,5.466418,5.8522569,120.4285,38.8753,72.43608,3.76859020213645,1.63305558181335
"ISL","Iceland","Europe & Central Asia","High income",2016,1.665123,4.1227981,133.1928,2.679066,63.20869,6.21808764670307,1.69692761997734
"ISL","Iceland","Europe & Central Asia","High income",2017,1.555702,2.8640995,137.7407,2.041191,63.03479,3.48506704155555,1.76041559180605
"ISL","Iceland","Europe & Central Asia","High income",2018,1.348341,2.5132964,145.0995,1.505804,62.6474,4.66077036232377,2.68291768267392
"ISL","Iceland","Europe & Central Asia","High income",2019,1.302398,2.9280245,141.2494,1.500145,62.48023,1.13821227336888,3.01397179156061
"ISL","Iceland","Europe & Central Asia","High income",2020,1.22992,2.9021704,143.9964,1.09323,69.6366,-6.64587810456635,2.84792401518657
"ISL","Iceland","Europe & Central Asia","High income",2021,1.276241,NA,146.1739,2.328736,70.16038,5.18057190719905,4.44423970189746
"IND","India","South Asia","Lower middle income",2000,12.8874,12.8,62.95348,1.096468,45.01665,3.84099115686554,4.0094359104519
"IND","India","South Asia","Lower middle income",2001,11.68796,11.4,59.98666,0.8007599,47.70963,4.82396626397303,3.77929312235637
"IND","India","South Asia","Lower middle income",2002,11.73829,10.4,62.07471,1.0974,52.04452,3.80397532120038,4.29715203929562
"IND","India","South Asia","Lower middle income",2003,13.10912,8.8000002,60.48633,1.488803,52.28664,7.86038147545045,3.80585899528853
"IND","India","South Asia","Lower middle income",2004,14.39205,7.1999998,67.32223,1.865153,53.75902,7.92293661307978,3.76725173477517
"IND","India","South Asia","Lower middle income",2005,14.56117,5.1999998,73.43903,1.314812,56.68687,7.92343062131789,4.24634362031924
"IND","India","South Asia","Lower middle income",2006,15.46981,3.5,76.41833,1.296052,59.99541,8.06073257305057,5.79652337561634
"IND","India","South Asia","Lower middle income",2007,14.90547,2.7,74.46511,1.453961,63.67175,7.66081506510766,6.37288135593231
"IND","India","South Asia","Lower middle income",2008,17.38812,2.4000001,75.33697,1.645486,66.48245,3.08669805950082,8.34926704907575
"IND","India","South Asia","Lower middle income",2009,16.65333,2.2,71.40043,1.460704,71.64175,7.8618888330338,10.8823529411764
"IND","India","South Asia","Lower middle income",2010,17.18352,2.3861329,76.30471,1.592607,69.34904,8.49758470165625,11.9893899204245
"IND","India","South Asia","Lower middle income",2011,16.88878,2.670195,75.84528,1.579824,68.97489,5.24131620024293,8.9117933648336
"IND","India","South Asia","Lower middle income",2012,17.02201,3.3739539,78.71188,1.378238,68.02185,5.45638755164772,9.47899691419793
"IND","India","South Asia","Lower middle income",2013,17.16692,4.0277286,77.77428,1.359603,69.42916,6.38610640091713,10.0178784746104
"IND","India","South Asia","Lower middle income",2014,16.44565,4.3458498,77.21124,1.071865,68.59116,7.41022760516977,6.66565671867899
"IND","India","South Asia","Lower middle income",2015,16.17971,5.8835223,77.39363,0.3950269,68.92553,7.99625378567987,4.90697344127249
"IND","India","South Asia","Lower middle income",2016,17.14082,9.1855195,70.80779,0.597372,71.32292,8.25630550176662,4.94821634062134
"IND","India","South Asia","Lower middle income",2017,15.45114,9.98,75.43223,-0.3940205,66.48294,6.79538341902422,3.32817337461305
"IND","India","South Asia","Lower middle income",2018,16.4891,9.4609569,79.0957,-0.1670659,64.37984,6.45385134495295,3.93882646691643
"IND","India","South Asia","Lower middle income",2019,17.56805,9.234429,76.92273,0.4051674,67.1951,3.87143694070524,3.72950573539123
"IND","India","South Asia","Lower middle income",2020,19.00172,7.9388307,73.69537,0.9288501,76.54307,-5.77772470687303,6.6234367762853
"IND","India","South Asia","Lower middle income",2021,19.43808,NA,71.9641,1.162045,72.09265,9.68959249191741,5.13140747176364
"IDN","Indonesia","East Asia & Pacific","Upper middle income",2000,2.127169,34.400002,40.34518,0.4972392,48.20732,4.9200677470169,3.68862037056682
"IDN","Indonesia","East Asia & Pacific","Upper middle income",2001,2.22692,31.9,39.31619,0.8574643,46.17863,3.64346644721492,11.5001160550887
"IDN","Indonesia","East Asia & Pacific","Upper middle income",2002,2.803483,24,44.26754,2.023923,43.69329,4.49947539085764,11.9001200338414
"IDN","Indonesia","East Asia & Pacific","Upper middle income",2003,3.401655,6.8000002,50.07975,2.631912,42.31125,4.78036912167654,6.75731256333564
"IDN","Indonesia","East Asia & Pacific","Upper middle income",2004,3.944155,4.5,61.58046,3.452789,40.14598,5.03087394501685,6.06406189133648
"IDN","Indonesia","East Asia & Pacific","Upper middle income",2005,3.466815,7.5999999,65.84209,2.266593,38.78883,5.69257130383384,10.4532001873347
"IDN","Indonesia","East Asia & Pacific","Upper middle income",2006,3.777734,6.0999999,64.99435,2.305041,36.72322,5.50095178520348,13.108670985346
"IDN","Indonesia","East Asia & Pacific","Upper middle income",2007,3.717174,4,67.78149,2.668303,37.12437,6.34502222667214,6.40656087966005
"IDN","Indonesia","East Asia & Pacific","Upper middle income",2008,3.418616,3.2,77.08775,1.837873,31.17172,6.01370360009123,10.2266663272483
"IDN","Indonesia","East Asia & Pacific","Upper middle income",2009,3.767753,3.3,73.15778,2.623695,31.84147,4.62887118256153,4.38641311792074
"IDN","Indonesia","East Asia & Pacific","Upper middle income",2010,4.097018,2.5318756,75.77549,3.011666,32.12651,6.22385418062366,5.13420639015885
"IDN","Indonesia","East Asia & Pacific","Upper middle income",2011,4.370431,2.1441268,82.7451,2.924728,32.56705,6.16978420771008,5.35604849112582
"IDN","Indonesia","East Asia & Pacific","Upper middle income",2012,4.466622,1.7733819,87.7551,2.992788,34.10673,6.03005065305615,4.2795142691943
"IDN","Indonesia","East Asia & Pacific","Upper middle income",2013,4.511139,1.6867668,93.35347,2.768274,34.65968,5.5572636889101,6.41249457900391
"IDN","Indonesia","East Asia & Pacific","Upper middle income",2014,4.607392,2.0668175,93.29758,2.766774,35.18868,5.006668425755,6.39492882396559
"IDN","Indonesia","East Asia & Pacific","Upper middle income",2015,4.737085,2.4310425,93.61179,2.347084,35.3913,4.87632230022123,6.36312061196646
"IDN","Indonesia","East Asia & Pacific","Upper middle income",2016,5.101857,2.8963491,91.74107,2.219149,36.12903,5.03306918280177,3.52580452815451
"IDN","Indonesia","East Asia & Pacific","Upper middle income",2017,5.249229,2.5570048,91.49377,2.436348,35.44118,5.06978590134916,3.80879857691949
"IDN","Indonesia","East Asia & Pacific","Upper middle income",2018,5.272263,2.2920825,94.92187,2.4617,34.5946,5.17429153955024,3.19834755924996
"IDN","Indonesia","East Asia & Pacific","Upper middle income",2019,5.495973,2.4327436,94.13919,2.493611,34.55696,5.01928768046282,3.03058460941661
"IDN","Indonesia","East Asia & Pacific","Upper middle income",2020,4.944037,2.7506008,83.66013,1.547286,39.74026,-2.06551182934165,1.91983527270793
"IDN","Indonesia","East Asia & Pacific","Upper middle income",2021,5.274584,NA,77.46078,1.840094,41.23529,3.70288562827751,1.56007882983334
"IRN","Iran, Islamic Rep.","Middle East, North Africa, Afghanistan & Pakistan","Upper middle income",2000,NA,NA,80.16896,NA,32.74307,5.84552747578209,14.4767513188567
"IRN","Iran, Islamic Rep.","Middle East, North Africa, Afghanistan & Pakistan","Upper middle income",2001,NA,NA,80.57968,NA,37.32903,2.39217271207868,11.2742471332117
"IRN","Iran, Islamic Rep.","Middle East, North Africa, Afghanistan & Pakistan","Upper middle income",2002,NA,NA,83.56478,NA,34.82429,8.07882927975243,14.3359337378404
"IRN","Iran, Islamic Rep.","Middle East, North Africa, Afghanistan & Pakistan","Upper middle income",2003,NA,NA,89.48941,NA,36.24255,8.6392983972006,16.4680116244792
"IRN","Iran, Islamic Rep.","Middle East, North Africa, Afghanistan & Pakistan","Upper middle income",2004,NA,NA,96.92474,NA,36.18383,4.33666597851041,14.7615086970672
"IRN","Iran, Islamic Rep.","Middle East, North Africa, Afghanistan & Pakistan","Upper middle income",2005,NA,NA,98.08327,NA,39.09754,3.18980408728824,13.433118008508
"IRN","Iran, Islamic Rep.","Middle East, North Africa, Afghanistan & Pakistan","Upper middle income",2006,NA,NA,100.0932,NA,44.59011,4.99979526181222,10.0158982511924
"IRN","Iran, Islamic Rep.","Middle East, North Africa, Afghanistan & Pakistan","Upper middle income",2007,NA,NA,104.6785,NA,45.0102,8.15577352358517,17.3410404624277
"IRN","Iran, Islamic Rep.","Middle East, North Africa, Afghanistan & Pakistan","Upper middle income",2008,NA,NA,111.2112,NA,40.70699,0.250856553493634,25.4105090311987
"IRN","Iran, Islamic Rep.","Middle East, North Africa, Afghanistan & Pakistan","Upper middle income",2009,NA,NA,99.71566,NA,49.31897,1.00738545790475,13.5515548281506
"IRN","Iran, Islamic Rep.","Middle East, North Africa, Afghanistan & Pakistan","Upper middle income",2010,NA,NA,103.6139,NA,50.21272,5.79793830169604,10.0893629287979
"IRN","Iran, Islamic Rep.","Middle East, North Africa, Afghanistan & Pakistan","Upper middle income",2011,NA,NA,111.1416,NA,44.36137,2.6457179180628,26.2933856738608
"IRN","Iran, Islamic Rep.","Middle East, North Africa, Afghanistan & Pakistan","Upper middle income",2012,NA,NA,96.97655,NA,54.11264,-3.74717139864109,27.2568127242908
"IRN","Iran, Islamic Rep.","Middle East, North Africa, Afghanistan & Pakistan","Upper middle income",2013,NA,NA,90.5735,NA,51.81504,-1.52197920494184,36.6030355191029
"IRN","Iran, Islamic Rep.","Middle East, North Africa, Afghanistan & Pakistan","Upper middle income",2014,NA,NA,84.09402,NA,58.96588,4.98477506709476,16.6065532357449
"IRN","Iran, Islamic Rep.","Middle East, North Africa, Afghanistan & Pakistan","Upper middle income",2015,NA,NA,76.22752,0.1489531,74.5575,-1.42488493937503,12.4846815611533
"IRN","Iran, Islamic Rep.","Middle East, North Africa, Afghanistan & Pakistan","Upper middle income",2016,NA,NA,75.49957,NA,85.25926,8.8150866425182,7.24542548952979
"IRQ","Iraq","Middle East, North Africa, Afghanistan & Pakistan","Upper middle income",2004,NA,NA,9.224021,NA,13.7254,53.3855472887501,26.9619068193271
"IRQ","Iraq","Middle East, North Africa, Afghanistan & Pakistan","Upper middle income",2005,15.42986,NA,21.20752,NA,7.430562,1.67522863586828,36.9594809201871
"IRQ","Iraq","Middle East, North Africa, Afghanistan & Pakistan","Upper middle income",2006,16.35677,NA,27.13417,2.900671,8.325438,5.63829915220637,53.230962911428
"IRQ","Iraq","Middle East, North Africa, Afghanistan & Pakistan","Upper middle income",2007,18.22195,NA,21.27095,5.22259,11.61768,1.88853936243953,-10.0674925768978
"IRQ","Iraq","Middle East, North Africa, Afghanistan & Pakistan","Upper middle income",2008,13.61765,NA,23.15704,4.241215,11.57426,8.22810710383277,12.6628528269228
"IRQ","Iraq","Middle East, North Africa, Afghanistan & Pakistan","Upper middle income",2009,17.00788,NA,19.77532,1.944868,19.10383,3.37929909442771,6.87361547212555
"IRQ","Iraq","Middle East, North Africa, Afghanistan & Pakistan","Upper middle income",2010,17.04441,NA,23.62582,3.45942,22.82594,6.40256484471193,2.42986826837753
"IRQ","Iraq","Middle East, North Africa, Afghanistan & Pakistan","Upper middle income",2011,22.42129,NA,25.59872,3.970909,21.04455,7.546471200426,5.6040514426601
"IRQ","Iraq","Middle East, North Africa, Afghanistan & Pakistan","Upper middle income",2012,19.23451,NA,32.32316,4.444563,18.27656,13.9364301737537,6.0890964159516
"IRQ","Iraq","Middle East, North Africa, Afghanistan & Pakistan","Upper middle income",2013,24.16522,NA,31.88433,4.839156,19.87064,7.62828592298754,1.87949800749416
"IRQ","Iraq","Middle East, North Africa, Afghanistan & Pakistan","Upper middle income",2014,24.77637,NA,31.98173,2.882622,20.74067,2.26368817563613,2.23597407904726
"IRQ","Iraq","Middle East, North Africa, Afghanistan & Pakistan","Upper middle income",2015,15.28461,NA,38.93469,NA,23.84146,2.60676642939541,1.39333028780268
"IRQ","Iraq","Middle East, North Africa, Afghanistan & Pakistan","Upper middle income",2016,19.44309,NA,41.12613,1.984537,24.37699,13.7873730187089,0.556521397155548
"IRQ","Iraq","Middle East, North Africa, Afghanistan & Pakistan","Upper middle income",2017,19.81134,NA,40.42444,1.555387,23.03335,-1.81975035118309,0.184058898847553
"IRQ","Iraq","Middle East, North Africa, Afghanistan & Pakistan","Upper middle income",2018,17.83978,NA,42.14687,0.7163176,20.41497,2.63385099105624,0.367441488936828
"IRQ","Iraq","Middle East, North Africa, Afghanistan & Pakistan","Upper middle income",2019,15.62685,NA,43.71161,1.832496,20.12508,5.5137905789381,-0.198965380023882
"IRQ","Iraq","Middle East, North Africa, Afghanistan & Pakistan","Upper middle income",2020,13.96709,NA,48.02835,0.8061574,29.62305,-12.0367930960454,0.574162679425856
"IRQ","Iraq","Middle East, North Africa, Afghanistan & Pakistan","Upper middle income",2021,37.25005,NA,49.905,-0.0076792,22.62835,1.5021807095434,6.04186489058043
"IRL","Ireland","Europe & Central Asia","High income",2000,2.883734,1,NA,0.3568864,NA,9.40352476399653,5.57763269940387
"IRL","Ireland","Europe & Central Asia","High income",2001,2.398847,1,104.3365,0.2423588,68.79325,5.30582133514299,4.85280279607477
"IRL","Ireland","Europe & Central Asia","High income",2002,6.29248,1,112.2824,0.2013506,67.15835,5.89936506079005,4.62820512820515
"IRL","Ireland","Europe & Central Asia","High income",2003,NA,0.89999998,119.9911,NA,71.43417,3.01383869396012,3.49221909079765
"IRL","Ireland","Europe & Central Asia","High income",2004,8.421561,0.80000001,142.3225,NA,73.7028,6.78813990621356,2.17854605730523
"IRL","Ireland","Europe & Central Asia","High income",2005,4.700133,0.69999999,160.6513,1.319789,77.58284,5.73978202625278,2.45654692931639
"IRL","Ireland","Europe & Central Asia","High income",2006,3.55491,0.69999999,157.2572,0.9071914,91.93147,4.98785364537615,3.93576114001354
"IRL","Ireland","Europe & Central Asia","High income",2007,3.616205,0.80000001,163.9162,0.9505834,96.45048,5.31011830898613,4.88574537540802
"IRL","Ireland","Europe & Central Asia","High income",2008,2.850887,1.9,166.9835,0.3867289,99.60327,-4.48407081043062,4.03568834941391
"IRL","Ireland","Europe & Central Asia","High income",2009,1.083576,9.8000002,153.8825,-2.826928,109.987,-5.09578277913846,-4.44754686876746
"IRL","Ireland","Europe & Central Asia","High income",2010,0.0173334,13.046937,130.5163,-4.454832,102.1636,1.68297175486512,-0.918388645376774
"IRL","Ireland","Europe & Central Asia","High income",2011,5.305152,16.121468,120.0895,-1.195058,96.34618,1.60886648916944,2.5489783020855
"IRL","Ireland","Europe & Central Asia","High income",2012,6.780249,24.987679,119.094,-1.133412,93.48481,-0.40502941658977,1.69474116680366
"IRL","Ireland","Europe & Central Asia","High income",2013,6.858834,25.708588,104.8652,-1.522869,99.55689,2.1929375750029,0.515099484900573
"IRL","Ireland","Europe & Central Asia","High income",2014,10.70941,20.648804,93.27333,1.384663,86.45901,9.38579335130922,0.190916398713745
"IRL","Ireland","Europe & Central Asia","High income",2015,16.06367,14.93488,74.22565,1.407209,71.55974,24.6239856364006,-0.330959783371788
"IRL","Ireland","Europe & Central Asia","High income",2016,14.43176,13.610062,64.37567,1.545403,75.21125,1.22271661130947,0.0201247735963237
"IRL","Ireland","Europe & Central Asia","High income",2017,14.6578,11.458923,61.71972,0.6215614,71.71946,10.1088576065965,0.362173038229378
"IRL","Ireland","Europe & Central Asia","High income",2018,15.39093,5.7296425,61.45213,1.055771,66.43479,7.68865937437435,0.471130713712916
"IRL","Ireland","Europe & Central Asia","High income",2019,15.26282,3.3638371,51.6515,1.242362,69.70039,4.97288003766816,0.937842961189274
"IRL","Ireland","Europe & Central Asia","High income",2020,11.42363,3.5406366,42.88333,0.1381002,75.6523,7.15369505735335,-0.326183651280033
"IRL","Ireland","Europe & Central Asia","High income",2021,10.9863,NA,38.23834,1.004915,73.25712,16.2581881158197,2.34034113447044
"ISR","Israel","Middle East, North Africa, Afghanistan & Pakistan","High income",2000,26.13298,6.9000001,97.74392,0.991537,74.05857,8.59152200608253,1.03263640999489
"ISR","Israel","Middle East, North Africa, Afghanistan & Pakistan","High income",2001,24.31649,NA,100.8433,0.5180843,79.16677,0.270471415054473,1.12302839116721
"ISR","Israel","Middle East, North Africa, Afghanistan & Pakistan","High income",2002,23.60472,2.4000001,101.435,0.089959,82.52421,-0.152880392675172,5.80234589468429
"ISR","Israel","Middle East, North Africa, Afghanistan & Pakistan","High income",2003,27.32487,2.5999999,99.34081,0.6827747,80.54523,1.43455918035305,0.70763061681807
"ISR","Israel","Middle East, North Africa, Afghanistan & Pakistan","High income",2004,29.28053,2.5,99.46341,1.132048,79.89665,4.64944459908543,-0.421595034547416
"ISR","Israel","Middle East, North Africa, Afghanistan & Pakistan","High income",2005,26.83514,2.3,101.0398,1.033556,83.5083,4.35256427740218,1.34070328119492
"ISR","Israel","Middle East, North Africa, Afghanistan & Pakistan","High income",2006,30.13706,2,99.87119,1.451762,81.71545,5.59106550120008,2.05407914587443
"ISR","Israel","Middle East, North Africa, Afghanistan & Pakistan","High income",2007,30.9895,1.5,107.8829,1.438286,84.25166,6.31307137087018,0.466226972936065
"ISR","Israel","Middle East, North Africa, Afghanistan & Pakistan","High income",2008,25.59522,1.5,107.1039,0.0621434,86.69511,3.2158134842205,4.52744765138651
"ISR","Israel","Middle East, North Africa, Afghanistan & Pakistan","High income",2009,29.77962,1.4,102.2222,0.8223352,85.75643,1.22017480850096,3.3676231727125
"ISR","Israel","Middle East, North Africa, Afghanistan & Pakistan","High income",2010,31.0246,NA,104.7652,0.9924777,84.60584,5.54470607068944,2.70270270270273
"ISR","Israel","Middle East, North Africa, Afghanistan & Pakistan","High income",2011,29.23821,3.418928,99.85616,0.8668609,88.1966,5.51341969081251,3.48837209302323
"ISR","Israel","Middle East, North Africa, Afghanistan & Pakistan","High income",2012,31.12056,3.5010063,101.7265,0.9545428,66.44505,2.40993765217618,1.67553715750052
"ISR","Israel","Middle East, North Africa, Afghanistan & Pakistan","High income",2013,32.07264,2.8608375,95.82839,0.9326497,68.46842,4.09013743330735,1.58976347421476
"ISR","Israel","Middle East, North Africa, Afghanistan & Pakistan","High income",2014,31.43754,2.1510765,91.72404,0.8317756,71.71886,3.718144149431,0.467557251908503
"ISR","Israel","Middle East, North Africa, Afghanistan & Pakistan","High income",2015,29.72975,1.8447861,91.31953,1.102089,72.77036,2.23599889603805,-0.617342577642765
"ISR","Israel","Middle East, North Africa, Afghanistan & Pakistan","High income",2016,30.28489,1.6051082,87.17706,1.057024,74.92051,4.53601939236572,-0.535168195718695
"ISR","Israel","Middle East, North Africa, Afghanistan & Pakistan","High income",2017,31.23741,1.2906601,85.95698,1.009339,75.8693,4.34394518932547,0.249807840123008
"ISR","Israel","Middle East, North Africa, Afghanistan & Pakistan","High income",2018,32.04547,1.227197,89.1631,0.9256631,73.96048,4.05349952888294,0.805060379528526
"ISR","Israel","Middle East, North Africa, Afghanistan & Pakistan","High income",2019,32.36272,1.3880091,86.61713,1.034798,74.90937,3.57898762923605,0.817645940292794
"ISR","Israel","Middle East, North Africa, Afghanistan & Pakistan","High income",2020,28.46502,1.4759949,73.30678,0.7253807,93.53629,-1.80206927953466,-0.575254620897756
"ISR","Israel","Middle East, North Africa, Afghanistan & Pakistan","High income",2021,29.30272,NA,70.74023,1.427123,99.30497,9.33534690236249,1.47965474722561
"ITA","Italy","Europe & Central Asia","High income",2000,11.04384,7.8000002,NA,1.111019,NA,3.88209885062652,2.53768532095002
"ITA","Italy","Europe & Central Asia","High income",2001,11.14171,6.6999998,119.3532,0.7798754,50.36836,2.00643329837733,2.78516542713554
"ITA","Italy","Europe & Central Asia","High income",2002,13.39386,6.5,114.8951,0.3162235,53.85667,0.26992966378873,2.46532319171165
"ITA","Italy","Europe & Central Asia","High income",2003,14.32788,6.6999998,114.3417,0.398673,56.9571,0.0665538088732092,2.6725555277285
"ITA","Italy","Europe & Central Asia","High income",2004,34.25506,6.5999999,119.3775,2.442379,56.46614,1.4740217064723,2.20673661423657
"ITA","Italy","Europe & Central Asia","High income",2005,15.35978,5.3000002,122.9195,2.066015,57.40004,0.762410677306491,1.9852929852798
"ITA","Italy","Europe & Central Asia","High income",2006,14.1104,6.5999999,129.9909,1.254125,58.05222,1.79947992234244,2.09084391012754
"ITA","Italy","Europe & Central Asia","High income",2007,16.24557,5.8000002,121.0024,0.8412158,67.36761,1.46229205289291,1.82974112202403
"ITA","Italy","Europe & Central Asia","High income",2008,14.68172,6.3000002,119.6055,0.4312671,69.84607,-1.02313851177097,3.34783258401022
"ITA","Italy","Europe & Central Asia","High income",2009,15.21512,9.3999996,115.4186,0.270209,75.70375,-5.30515401233991,0.774768131387381
"ITA","Italy","Europe & Central Asia","High income",2010,16.3626,10.027837,128.1468,0.3273209,72.48293,1.52910573247101,1.52551602118248
"ITA","Italy","Europe & Central Asia","High income",2011,12.07697,11.742349,134.2469,-1.133919,69.96178,0.695463154440176,2.78063272879323
"ITA","Italy","Europe & Central Asia","High income",2012,13.69699,13.74637,126.7309,-0.2676228,73.86164,-3.12523877282996,3.04136333226775
"ITA","Italy","Europe & Central Asia","High income",2013,10.923,16.542706,119.9466,-1.452849,75.6204,-1.81802510749792,1.21999342274306
"ITA","Italy","Europe & Central Asia","High income",2014,12.98474,18.033047,114.0741,-0.2547483,77.56994,-0.00138761730454462,0.241047429826756
"ITA","Italy","Europe & Central Asia","High income",2015,14.51827,18.064369,110.0577,0.055806,79.22766,0.885667635240807,0.0387903996579733
"ITA","Italy","Europe & Central Asia","High income",2016,11.89046,17.116239,104.5266,-0.674171,80.86927,1.23622108511661,-0.09401665691575
"ITA","Italy","Europe & Central Asia","High income",2017,15.72168,14.383299,97.28606,0.6121733,82.14697,1.60369995294101,1.22653316645812
"ITA","Italy","Europe & Central Asia","High income",2018,14.28886,8.3862832,91.72608,0.381222,82.53496,0.826646712344115,1.13748763600391
"ITA","Italy","Europe & Central Asia","High income",2019,13.60503,6.7491844,85.62107,0.3271457,85.3179,0.429162533780342,0.611246943765304
"ITA","Italy","Europe & Central Asia","High income",2020,11.82571,4.3597207,79.8727,-0.1072862,102.9492,-8.86822122185345,-0.13770757391651
"ITA","Italy","Europe & Central Asia","High income",2021,13.16945,NA,75.41866,0.788333,102.9661,8.93106210800055,1.87378325762481
"JAM","Jamaica","Latin America & Caribbean ","Upper middle income",2000,NA,11,74.55641,NA,34.28861,0.87870355044231,8.17108356120225
"JAM","Jamaica","Latin America & Caribbean ","Upper middle income",2001,NA,NA,30.72786,NA,42.15087,1.34492956615135,6.8019093078759
"JAM","Jamaica","Latin America & Caribbean ","Upper middle income",2002,14.61776,NA,33.77915,NA,43.58853,1.99729094191295,7.07635009310985
"JAM","Jamaica","Latin America & Caribbean ","Upper middle income",2003,14.58794,NA,43.91656,3.458468,41.78871,3.66631759041991,10.0869565217391
"JAM","Jamaica","Latin America & Caribbean ","Upper middle income",2004,15.00312,NA,47.03613,3.105138,42.53273,1.32372510450574,13.5545023696682
"JAM","Jamaica","Latin America & Caribbean ","Upper middle income",2005,16.42848,NA,51.90305,3.625283,40.41769,0.893797935409893,15.0528658875905
"JAM","Jamaica","Latin America & Caribbean ","Upper middle income",2006,16.6248,NA,56.52401,3.620563,41.46744,2.89912534481287,8.56106408706157
"JAM","Jamaica","Latin America & Caribbean ","Upper middle income",2007,15.95144,NA,64.79937,4.006978,42.1404,1.43195403769627,9.24482067275562
"JAM","Jamaica","Latin America & Caribbean ","Upper middle income",2008,15.53319,NA,76.56666,4.206559,39.43148,-0.811736702186792,22.0228384991843
"JAM","Jamaica","Latin America & Caribbean ","Upper middle income",2009,16.94711,NA,70.29478,3.423635,40.69068,-4.34530185828071,9.59224598930482
"JAM","Jamaica","Latin America & Caribbean ","Upper middle income",2010,18.52735,NA,66.685,3.508435,39.59758,-1.45714720850386,12.6105519975603
"JAM","Jamaica","Latin America & Caribbean ","Upper middle income",2011,24.82473,NA,69.79723,5.604025,38.39086,1.73037627006349,7.555856465809
"JAM","Jamaica","Latin America & Caribbean ","Upper middle income",2012,19.91226,NA,73.22504,1.515131,39.58786,-0.613636042132399,6.87397708674309
"JAM","Jamaica","Latin America & Caribbean ","Upper middle income",2013,17.7556,NA,72.23113,1.334578,41.21451,0.517686011311724,9.34150076569673
"JAM","Jamaica","Latin America & Caribbean ","Upper middle income",2014,18.18909,NA,71.8839,2.316938,40.79214,0.689822359762587,8.27407886231419
"JAM","Jamaica","Latin America & Caribbean ","Upper middle income",2015,20.69767,NA,70.06274,2.066272,42.86073,0.92148712399856,3.69154228855725
"JAM","Jamaica","Latin America & Caribbean ","Upper middle income",2016,18.98878,NA,70.11076,2.043094,45.6677,2.76043761369557,2.35102197485846
"JAM","Jamaica","Latin America & Caribbean ","Upper middle income",2017,17.78896,NA,85.73193,2.05381,47.33302,2.29303371291363,4.37839864991561
"JAM","Jamaica","Latin America & Caribbean ","Upper middle income",2018,17.92842,NA,87.91679,2.474499,48.3191,2.51584458612513,3.73663882152163
"JAM","Jamaica","Latin America & Caribbean ","Upper middle income",2019,18.18927,NA,94.34785,2.43989,50.73663,1.80943147301357,3.90510000865872
"JAM","Jamaica","Latin America & Caribbean ","Upper middle income",2020,17.06366,NA,87.65456,1.686545,63.7403,-8.30441923583135,5.2267777929352
"JAM","Jamaica","Latin America & Caribbean ","Upper middle income",2021,15.47712,NA,84.60086,1.782467,68.71378,5.70467978309095,5.86278242801063
"JPN","Japan","East Asia & Pacific","High income",2000,15.58677,5.3000002,83.53844,0.294178,217.5075,2.97832688768516,-0.676578683595175
"JPN","Japan","East Asia & Pacific","High income",2001,14.18202,8.3999996,59.65083,-0.0437786,178.1529,0.284608556379041,-0.740055504162738
"JPN","Japan","East Asia & Pacific","High income",2002,10.35778,7.1999998,54.65796,-0.9267758,181.7295,0.0849888050363319,-0.923494026942321
"JPN","Japan","East Asia & Pacific","High income",2003,7.899784,5.1999998,52.0809,-0.7672565,182.6421,1.38010935830795,-0.256541816316025
"JPN","Japan","East Asia & Pacific","High income",2004,11.93397,2.9000001,50.55994,0.0948657,181.8625,2.11294823723127,-0.00857338820310272
"JPN","Japan","East Asia & Pacific","High income",2005,13.3004,1.8,52.26429,0.2546623,181.2075,1.8482813374834,-0.282946068764391
"JPN","Japan","East Asia & Pacific","High income",2006,16.89051,1.8,52.57343,0.7172173,179.0667,1.54630843078741,0.249355116079085
"JPN","Japan","East Asia & Pacific","High income",2007,17.89192,1.5,52.18351,0.6152316,178.9086,1.72837912865577,0.060039454498669
"JPN","Japan","East Asia & Pacific","High income",2008,14.48181,2.4000001,52.4934,0.452741,184.3094,-1.16662209355141,1.3800788616492
"JPN","Japan","East Asia & Pacific","High income",2009,11.20296,2.4000001,50.84319,-0.045153,200.119,-5.9359411383964,-1.35283672951719
"JPN","Japan","East Asia & Pacific","High income",2010,15.36315,2.4565025,49.7477,0.3174109,199.3458,4.13645589222239,-0.728243207517779
"JPN","Japan","East Asia & Pacific","High income",2011,15.69216,2.4474133,47.58101,0.370078,208.4471,-0.20035785332982,-0.27245561610124
"JPN","Japan","East Asia & Pacific","High income",2012,16.07545,2.4288916,47.50429,0.4174805,211.6501,1.64893452981225,-0.0440645104432602
"JPN","Japan","East Asia & Pacific","High income",2013,17.22339,2.1290902,47.84449,0.390231,215.402,1.99727653399265,0.335037912184741
"JPN","Japan","East Asia & Pacific","High income",2014,17.33325,1.7464563,47.33924,0.4689893,216.8568,0.905915486065865,2.75922671353253
"JPN","Japan","East Asia & Pacific","High income",2015,17.35316,1.5336,46.99934,0.440836,214.4757,1.79997735783475,0.795279630579839
"JPN","Japan","East Asia & Pacific","High income",2016,16.86931,1.3967698,46.79572,0.3430561,218.6006,0.704986495111257,-0.127258844489754
"JPN","Japan","East Asia & Pacific","High income",2017,16.95478,1.191848,47.32147,0.3516955,221.335,1.62345062245441,0.484199796126385
"JPN","Japan","East Asia & Pacific","High income",2018,16.26689,1.0733867,46.866,0.2440381,224.3427,0.834143845965585,0.989094598021848
"JPN","Japan","East Asia & Pacific","High income",2019,14.27734,1.11,47.17262,0.1743616,228.3845,-0.308496921143259,0.46877615938395
"JPN","Japan","East Asia & Pacific","High income",2020,14.28424,1.14,46.54947,0.1940515,254.1537,-4.28327942675573,-0.024995834027731
"JPN","Japan","East Asia & Pacific","High income",2021,12.85732,NA,45.92572,0.2076024,259.6056,3.56419531474475,-0.233352779398264
"JOR","Jordan","Middle East, North Africa, Afghanistan & Pakistan","Upper middle income",2000,29.47083,18.4,79.45263,1.100421,87.71775,4.24571192079151,0.66688092559796
"JOR","Jordan","Middle East, North Africa, Afghanistan & Pakistan","Upper middle income",2001,31.28983,19.299999,82.10062,1.091469,89.17365,5.26995757513606,1.77220437351017
"JOR","Jordan","Middle East, North Africa, Afghanistan & Pakistan","Upper middle income",2002,34.16538,17.1,76.40091,0.9132164,92.05498,5.78380792679309,1.83299389002049
"JOR","Jordan","Middle East, North Africa, Afghanistan & Pakistan","Upper middle income",2003,36.15309,15.5,68.33337,0.9417562,100.1802,4.16166755544363,1.62999999999998
"JOR","Jordan","Middle East, North Africa, Afghanistan & Pakistan","Upper middle income",2004,39.36583,10.3,69.70876,1.233503,103.6029,8.56721424236906,3.36186821476601
"JOR","Jordan","Middle East, North Africa, Afghanistan & Pakistan","Upper middle income",2005,47.29347,6.5999999,75.64848,1.692999,112.6656,8.1465948107994,3.49368534619531
"JOR","Jordan","Middle East, North Africa, Afghanistan & Pakistan","Upper middle income",2006,66.27002,4.3000002,82.08208,1.904531,108.2209,8.09297527811921,6.25172466656443
"JOR","Jordan","Middle East, North Africa, Afghanistan & Pakistan","Upper middle income",2007,65.76335,4.0999999,83.52668,2.011425,106.2118,8.17616995204655,4.74390639021648
"JOR","Jordan","Middle East, North Africa, Afghanistan & Pakistan","Upper middle income",2008,62.66364,4.1999998,83.32655,1.884528,93.98741,7.22038637280149,13.9712310012729
"JOR","Jordan","Middle East, North Africa, Afghanistan & Pakistan","Upper middle income",2009,62.56835,6.6999998,75.42496,1.522493,97.0646,5.11667226950634,-0.739069743144777
"JOR","Jordan","Middle East, North Africa, Afghanistan & Pakistan","Upper middle income",2010,60.39407,NA,72.59222,1.154152,98.022,2.6377158262256,4.84551875852116
"JOR","Jordan","Middle East, North Africa, Afghanistan & Pakistan","Upper middle income",2011,60.349,NA,73.25008,1.395685,97.92828,2.90729315392207,4.1624416292779
"JOR","Jordan","Middle East, North Africa, Afghanistan & Pakistan","Upper middle income",2012,61.39158,NA,76.16653,1.538119,93.47924,2.40465716535539,4.5152295667099
"JOR","Jordan","Middle East, North Africa, Afghanistan & Pakistan","Upper middle income",2013,62.43721,NA,75.42702,1.866309,93.39211,2.72311205964112,4.82462314269537
"JOR","Jordan","Middle East, North Africa, Afghanistan & Pakistan","Upper middle income",2014,55.66782,NA,72.40725,1.491544,94.16964,3.32287328047509,2.89947905006057
"JOR","Jordan","Middle East, North Africa, Afghanistan & Pakistan","Upper middle income",2015,54.55595,5.7676894,70.1322,1.57554,97.27351,2.52261671092148,-0.876851359704049
"JOR","Jordan","Middle East, North Africa, Afghanistan & Pakistan","Upper middle income",2016,56.04966,5.4553063,74.2711,1.573242,97.88265,2.11166806967252,-0.778430463054142
"JOR","Jordan","Middle East, North Africa, Afghanistan & Pakistan","Upper middle income",2017,55.93142,5.2651866,79.77866,1.506931,93.72793,2.50770398070352,3.32389447576097
"JOR","Jordan","Middle East, North Africa, Afghanistan & Pakistan","Upper middle income",2018,55.21555,5.3854511,84.11643,1.860672,90.7304,1.85383415616927,4.46231108475481
"JOR","Jordan","Middle East, North Africa, Afghanistan & Pakistan","Upper middle income",2019,54.2682,5.6712586,83.83067,1.778393,91.6461,1.85633006592765,0.761514047265601
"JOR","Jordan","Middle East, North Africa, Afghanistan & Pakistan","Upper middle income",2020,50.48962,NA,87.20145,0.6025702,95.25914,-1.15257534158022,0.333294350628378
"JOR","Jordan","Middle East, North Africa, Afghanistan & Pakistan","Upper middle income",2021,50.10564,NA,84.77141,1.15399,98.75117,3.75201276755828,1.34609377243118
"KAZ","Kazakhstan","Europe & Central Asia","Upper middle income",2000,3.638269,NA,100.9019,4.223803,11.01096,9.80000000214156,13.1808905865731
"KAZ","Kazakhstan","Europe & Central Asia","Upper middle income",2001,3.346086,NA,121.9575,3.503519,13.00936,13.4999999984358,8.35413777161344
"KAZ","Kazakhstan","Europe & Central Asia","Upper middle income",2002,2.997406,NA,124.5523,3.474848,14.86209,9.79999999960842,5.83692452105643
"KAZ","Kazakhstan","Europe & Central Asia","Upper middle income",2003,2.923339,NA,138.2047,2.289722,15.85965,9.30000000033759,6.4382181011894
"KAZ","Kazakhstan","Europe & Central Asia","Upper middle income",2004,2.866586,NA,136.3226,2.45611,19.42388,9.60000000136854,6.88205438981899
"KAZ","Kazakhstan","Europe & Central Asia","Upper middle income",2005,2.353401,NA,165.5147,2.568545,21.55674,9.69999999922682,7.57999929125766
"KAZ","Kazakhstan","Europe & Central Asia","Upper middle income",2006,1.742012,NA,159.824,1.528872,29.89142,10.7,8.72169386091726
"KAZ","Kazakhstan","Europe & Central Asia","Upper middle income",2007,2.667984,NA,197.9487,2.126737,29.77456,8.89999999999405,10.8468362075557
"KAZ","Kazakhstan","Europe & Central Asia","Upper middle income",2008,2.470084,7.0999999,173.7415,0.0156488,28.57394,3.30000000021091,17.139899777207
"KAZ","Kazakhstan","Europe & Central Asia","Upper middle income",2009,1.610268,18.9,144.4213,-55.41156,34.805,1.19999999942873,7.31607858288578
"KAZ","Kazakhstan","Europe & Central Asia","Upper middle income",2010,7.133468,20.930624,126.9537,21.92484,30.95074,7.30000000329814,7.40046356341396
"KAZ","Kazakhstan","Europe & Central Asia","Upper middle income",2011,2.477125,20.665468,126.9571,-1.965605,27.6754,7.40000000144188,8.4529046617679
"KAZ","Kazakhstan","Europe & Central Asia","Upper middle income",2012,2.888314,19.389867,131.4573,1.748475,27.28997,4.79999999528297,5.19568369035073
"KAZ","Kazakhstan","Europe & Central Asia","Upper middle income",2013,2.447769,19.470831,127.5552,2.019818,27.3312,5.99999999671084,5.94283871648418
"KAZ","Kazakhstan","Europe & Central Asia","Upper middle income",2014,2.330827,12.392143,119.5883,2.013628,28.02376,4.20000000566705,6.84944977003358
"KAZ","Kazakhstan","Europe & Central Asia","Upper middle income",2015,2.022221,7.9525406,90.30184,0.9593226,37.65747,1.20000000053288,6.67828585615236
"KAZ","Kazakhstan","Europe & Central Asia","Upper middle income",2016,2.061025,6.7183522,81.25954,0.9794973,36.45721,1.09999999910173,14.3610942386248
"KAZ","Kazakhstan","Europe & Central Asia","Upper middle income",2017,2.127621,9.3097681,85.99556,-0.440565,30.03757,4.10000000257358,7.44266321306792
"KAZ","Kazakhstan","Europe & Central Asia","Upper middle income",2018,2.589877,7.3853829,83.82745,2.789043,26.96785,4.09999999309841,6.16366247577762
"KAZ","Kazakhstan","Europe & Central Asia","Upper middle income",2019,3.061974,8.1426394,83.94308,3.878564,25.25296,4.50000000091883,5.33356098916669
"KAZ","Kazakhstan","Europe & Central Asia","Upper middle income",2020,2.811964,8.3507847,74.17669,3.276226,29.65814,-2.49999999628,6.71815454861458
"KAZ","Kazakhstan","Europe & Central Asia","Upper middle income",2021,2.950683,NA,76.73489,4.36518,31.02265,4.29999999729456,8.04147134028401
"KEN","Kenya","Sub-Saharan Africa ","Lower middle income",2000,16.15675,33.299999,86.50878,0.8173631,29.6099,0.599695390807426,9.98002515350979
"KEN","Kenya","Sub-Saharan Africa ","Lower middle income",2001,17.95836,13.1,81.43311,2.11218,30.78716,3.77990649795343,5.73859814341467
"KEN","Kenya","Sub-Saharan Africa ","Lower middle income",2002,15.6131,NA,78.02983,0.2159996,32.93837,0.546859530175595,1.96130821739162
"KEN","Kenya","Sub-Saharan Africa ","Lower middle income",2003,16.83773,34.900002,73.29735,2.261913,34.10048,2.93247554570904,9.81569062979654
"KEN","Kenya","Sub-Saharan Africa ","Lower middle income",2004,16.16448,29.299999,78.87955,2.749374,34.39645,5.10429977629738,11.6240355442426
"KEN","Kenya","Sub-Saharan Africa ","Lower middle income",2005,17.95073,NA,76.41012,4.011554,34.1988,5.90666607980057,10.3127783574683
"KEN","Kenya","Sub-Saharan Africa ","Lower middle income",2006,18.46835,NA,74.68518,4.205567,30.48418,6.47249430015484,14.4537342081708
"KEN","Kenya","Sub-Saharan Africa ","Lower middle income",2007,19.77238,10.6,72.59649,3.694571,31.58995,6.85072976998784,9.75888023027529
"KEN","Kenya","Sub-Saharan Africa ","Lower middle income",2008,18.76598,8.8000002,78.20712,3.93857,32.32663,0.232282744812977,26.2398166445063
"KEN","Kenya","Sub-Saharan Africa ","Lower middle income",2009,19.69903,8,75.79092,3.697993,28.75601,3.30693981631089,9.23412592394652
"KEN","Kenya","Sub-Saharan Africa ","Lower middle income",2010,23.05273,6.2914888,75.26713,4.937764,31.75802,8.05847360290906,3.96138889115385
"KEN","Kenya","Sub-Saharan Africa ","Lower middle income",2011,20.42355,4.4286704,82.62142,4.615845,32.95835,5.1211061197056,14.0224913014704
"KEN","Kenya","Sub-Saharan Africa ","Lower middle income",2012,22.17769,4.5942296,79.5682,4.584584,33.12192,4.56867961444982,9.37777003547598
"KEN","Kenya","Sub-Saharan Africa ","Lower middle income",2013,22.99755,5.0464177,84.59068,5.264709,33.40884,3.7978483925754,5.71749357037733
"KEN","Kenya","Sub-Saharan Africa ","Lower middle income",2014,25.37654,5.4551197,89.42282,4.964142,38.53749,5.02011100232484,6.87815499275949
"KEN","Kenya","Sub-Saharan Africa ","Lower middle income",2015,21.19606,5.9887641,93.44667,4.375178,39.21786,4.96772112759767,6.58215429284779
"KEN","Kenya","Sub-Saharan Africa ","Lower middle income",2016,23.69231,11.66126,96.28916,3.980951,36.89449,4.21351706814744,6.29724953814625
"KEN","Kenya","Sub-Saharan Africa ","Lower middle income",2017,24.62016,9.9491283,91.30845,4.03977,36.26152,3.83795817364721,8.00564967709945
"KEN","Kenya","Sub-Saharan Africa ","Lower middle income",2018,23.96219,11.69122,86.12044,4.117735,36.18499,5.64794640709219,4.6898064677633
"KEN","Kenya","Sub-Saharan Africa ","Lower middle income",2019,24.18792,12.014092,86.81724,3.853722,35.41241,5.11415885767801,5.23963795764792
"KEN","Kenya","Sub-Saharan Africa ","Lower middle income",2020,21.51275,14.138663,84.22851,1.692144,37.99851,-0.272766327438816,5.40516207933392
"KEN","Kenya","Sub-Saharan Africa ","Lower middle income",2021,23.23094,NA,86.06927,3.785148,35.91799,7.59048947333467,6.10793603659176
"KOR","Korea, Rep.","East Asia & Pacific","High income",2000,7.188823,8.8999996,115.6931,0.6150663,60.6527,9.2018583880479,2.25916580080157
"KOR","Korea, Rep.","East Asia & Pacific","High income",2001,NA,3.4000001,115.9894,NA,63.49864,4.72593560322356,4.06657587897792
"KOR","Korea, Rep.","East Asia & Pacific","High income",2002,NA,2.4000001,125.8964,NA,63.58856,7.74399895319569,2.76226210296599
"KOR","Korea, Rep.","East Asia & Pacific","High income",2003,NA,2.5999999,128.2915,NA,63.68911,3.07472661826947,3.51487451459939
"KOR","Korea, Rep.","East Asia & Pacific","High income",2004,NA,1.9,131.0283,NA,58.23169,5.1836368597334,3.59066298882578
"KOR","Korea, Rep.","East Asia & Pacific","High income",2005,9.690445,1.2,136.635,NA,56.88091,4.35823667337156,2.75379162735039
"KOR","Korea, Rep.","East Asia & Pacific","High income",2006,NA,0.80000001,149.9567,NA,56.2724,5.24500550580342,2.24234028518921
"KOR","Korea, Rep.","East Asia & Pacific","High income",2007,NA,0.69999999,168.4629,NA,52.2123,5.8419633918717,2.53457382137932
"KOR","Korea, Rep.","East Asia & Pacific","High income",2008,NA,0.60000002,166.8223,NA,57.33775,3.00440451679569,4.67389655533408
"KOR","Korea, Rep.","East Asia & Pacific","High income",2009,NA,0.60000002,152.7186,NA,61.15065,0.81986175641795,2.7564965449393
"KOR","Korea, Rep.","East Asia & Pacific","High income",2010,12.1465,0.58800142,138.8289,NA,64.39145,6.98166138853071,2.93928652655686
"KOR","Korea, Rep.","East Asia & Pacific","High income",2011,12.09469,0.48415559,134.1449,1.147331,66.50169,3.6880320602952,4.0259650043609
"KOR","Korea, Rep.","East Asia & Pacific","High income",2012,11.91095,0.5942918,130.1511,0.7483296,67.22956,2.54766550568242,2.18707104433314
"KOR","Korea, Rep.","East Asia & Pacific","High income",2013,11.80614,0.57068216,108.8964,0.5105085,118.1551,3.2913959543442,1.30134754547413
"KOR","Korea, Rep.","East Asia & Pacific","High income",2014,11.51376,0.48782902,108.3421,0.5125419,121.8836,3.21468019683108,1.27477446401322
"KOR","Korea, Rep.","East Asia & Pacific","High income",2015,10.98631,0.45685901,106.2019,0.4727345,124.2235,2.92029267301234,0.70633177245575
"KOR","Korea, Rep.","East Asia & Pacific","High income",2016,11.16038,0.46922079,106.3973,0.5892764,126.9369,3.17152748983935,0.971685739912168
"KOR","Korea, Rep.","East Asia & Pacific","High income",2017,11.6591,0.35236143,108.5161,0.6649447,125.7076,3.433191763972,1.94433230786366
"KOR","Korea, Rep.","East Asia & Pacific","High income",2018,11.44263,0.25443574,108.4205,0.6940866,130.0977,3.17611568177327,1.47583935002645
"KOR","Korea, Rep.","East Asia & Pacific","High income",2019,11.27304,0.25114939,107.8417,1.028058,140.5416,2.31380210595475,0.383000303608136
"KOR","Korea, Rep.","East Asia & Pacific","High income",2020,10.48836,0.23639452,107.7703,0.6526015,152.5773,-0.700242317542106,0.537288023411737
"KOR","Korea, Rep.","East Asia & Pacific","High income",2021,10.19327,NA,106.9277,0.6709262,160.3865,4.61296795454287,2.49833333333339
"XKX","Kosovo","Europe & Central Asia","Upper middle income",2009,NA,NA,91.41375,NA,38.97796,5.03485413839893,-2.41026401661229
"XKX","Kosovo","Europe & Central Asia","Upper middle income",2010,NA,NA,84.66183,NA,42.22213,4.93995095961395,3.48050763735842
"XKX","Kosovo","Europe & Central Asia","Upper middle income",2011,NA,NA,88.41206,NA,40.8821,6.31981022896761,7.3364177131527
"XKX","Kosovo","Europe & Central Asia","Upper middle income",2012,NA,NA,86.62685,NA,41.3807,1.71219595890548,2.47673782156533
"XKX","Kosovo","Europe & Central Asia","Upper middle income",2013,NA,NA,82.19176,NA,42.35099,5.34079911900278,1.76732428354892
"XKX","Kosovo","Europe & Central Asia","Upper middle income",2014,NA,NA,83.6788,NA,42.05847,3.34880478431623,0.428957808324092
"XKX","Kosovo","Europe & Central Asia","Upper middle income",2015,NA,NA,85.70199,NA,41.33004,5.91623128345211,-0.536929392740659
"XKX","Kosovo","Europe & Central Asia","Upper middle income",2016,NA,NA,85.83907,NA,42.8127,5.57177504731632,0.273169431045468
"XKX","Kosovo","Europe & Central Asia","Upper middle income",2017,NA,NA,91.23045,NA,42.7252,4.82565565298054,1.48823430592319
"XKX","Kosovo","Europe & Central Asia","Upper middle income",2018,NA,NA,93.75957,NA,43.87266,3.40663227056285,1.05379773654991
"XKX","Kosovo","Europe & Central Asia","Upper middle income",2019,NA,NA,89.69802,NA,47.72496,4.75680057007834,2.67599202639893
"XKX","Kosovo","Europe & Central Asia","Upper middle income",2020,NA,NA,85.00175,NA,56.18782,-5.34027547826166,0.198227922994854
"XKX","Kosovo","Europe & Central Asia","Upper middle income",2021,NA,NA,86.13327,NA,55.50517,10.7456560819583,3.35369139207997
"KWT","Kuwait","Middle East, North Africa, Afghanistan & Pakistan","High income",2000,15.09553,19.200001,67.79362,2.161528,66.95245,4.69458187079211,1.81294613887089
"KWT","Kuwait","Middle East, North Africa, Afghanistan & Pakistan","High income",2001,14.80805,10.3,68.80036,2.263378,82.31139,0.213332576499354,1.29999999999999
"KWT","Kuwait","Middle East, North Africa, Afghanistan & Pakistan","High income",2002,14.53187,7.8000002,73.45901,2.067221,79.41446,3.01428315192251,0.888450148074907
"KWT","Kuwait","Middle East, North Africa, Afghanistan & Pakistan","High income",2003,15.19276,6.0999999,85.63486,2.186385,69.43967,17.3260204175143,0.961350293542112
"KWT","Kuwait","Middle East, North Africa, Afghanistan & Pakistan","High income",2004,17.18506,5.3000002,88.51533,2.692971,63.67773,10.2402980586354,1.24856443679889
"KWT","Kuwait","Middle East, North Africa, Afghanistan & Pakistan","High income",2005,18.7562,4.0999999,96.07516,3.421519,53.01336,10.6090449840228,4.14297583631023
"KWT","Kuwait","Middle East, North Africa, Afghanistan & Pakistan","High income",2006,18.38129,4.5999999,98.87859,3.493008,51.79674,7.51477300024021,3.05701339166722
"KWT","Kuwait","Middle East, North Africa, Afghanistan & Pakistan","High income",2007,17.76678,3.8,109.3276,3.127981,56.30873,5.99157551059315,5.48494983277596
"KWT","Kuwait","Middle East, North Africa, Afghanistan & Pakistan","High income",2008,11.62383,6.8000002,112.6064,0.2457447,53.61568,2.47975694278544,10.5827097865144
"KWT","Kuwait","Middle East, North Africa, Afghanistan & Pakistan","High income",2009,15.69382,11.5,99.97463,1.097623,79.09199,-7.07605643073411,4.60959548447787
"KWT","Kuwait","Middle East, North Africa, Afghanistan & Pakistan","High income",2010,18.97585,8.8999996,99.59171,1.82301,74.94539,-2.37054804425912,4.49640287769787
"KWT","Kuwait","Middle East, North Africa, Afghanistan & Pakistan","High income",2011,18.887,7.3000002,96.7159,1.64275,62.87099,9.62863419534361,4.8394034987095
"KWT","Kuwait","Middle East, North Africa, Afghanistan & Pakistan","High income",2012,18.24903,5.1999998,95.56458,1.520864,58.33058,6.62587485078971,3.25514600287211
"KWT","Kuwait","Middle East, North Africa, Afghanistan & Pakistan","High income",2013,16.96409,3.5999999,94.43761,1.24919,63.27149,1.14946552780648,2.68229684085039
"KWT","Kuwait","Middle East, North Africa, Afghanistan & Pakistan","High income",2014,15.78601,2.9000001,96.3899,1.290434,70.17309,0.500914669444924,2.90892672858625
"KWT","Kuwait","Middle East, North Africa, Afghanistan & Pakistan","High income",2015,16.55494,2.8,102.7714,1.195617,95.85227,0.592770817217982,3.27170166092133
"KWT","Kuwait","Middle East, North Africa, Afghanistan & Pakistan","High income",2016,16.71043,NA,101.8668,1.226372,103.2592,2.92607584256388,3.19839776658374
"KWT","Kuwait","Middle East, North Africa, Afghanistan & Pakistan","High income",2017,16.65886,NA,102.0711,1.296057,96.69605,-4.71222270495362,2.17183298510006
"KWT","Kuwait","Middle East, North Africa, Afghanistan & Pakistan","High income",2018,17.17954,NA,102.9135,1.407624,88.34519,2.74333045031415,0.543133148199567
"KWT","Kuwait","Middle East, North Africa, Afghanistan & Pakistan","High income",2019,17.63516,NA,NA,1.297249,NA,2.26381706595791,1.09184802655856
"KWT","Kuwait","Middle East, North Africa, Afghanistan & Pakistan","High income",2020,16.10375,NA,NA,0.5579771,NA,-4.81731593381585,2.101729548274
"KWT","Kuwait","Middle East, North Africa, Afghanistan & Pakistan","High income",2021,16.57787,NA,NA,1.119025,NA,1.67213054307859,3.42362947609188
"KGZ","Kyrgyz Republic","Europe & Central Asia","Lower middle income",2000,23.76618,NA,81.29566,NA,5.041776,5.44333663288322,18.7007342838023
"KGZ","Kyrgyz Republic","Europe & Central Asia","Lower middle income",2001,24.79841,NA,86.38906,2.985116,4.355517,5.32162141190466,6.9196798942304
"KGZ","Kyrgyz Republic","Europe & Central Asia","Lower middle income",2002,24.32227,NA,74.52335,2.800915,5.516241,-0.0173246130360667,2.13420986310243
"KGZ","Kyrgyz Republic","Europe & Central Asia","Lower middle income",2003,22.62794,NA,73.38795,1.58837,6.43772,7.03029319731168,2.97461295184355
"KGZ","Kyrgyz Republic","Europe & Central Asia","Lower middle income",2004,14.98696,NA,79.85289,2.250736,8.80417,7.02681242497607,4.11065084723381
"KGZ","Kyrgyz Republic","Europe & Central Asia","Lower middle income",2005,16.1771,NA,96.5457,3.228065,8.219374,-0.175515404044219,4.3386739184431
"KGZ","Kyrgyz Republic","Europe & Central Asia","Lower middle income",2006,17.03571,6.1999998,91.57431,2.721652,11.38431,3.10289874199981,5.55212333162542
"KGZ","Kyrgyz Republic","Europe & Central Asia","Lower middle income",2007,19.54161,3.5999999,129.529,4.660874,11.59315,8.54287477507607,10.2301032660484
"KGZ","Kyrgyz Republic","Europe & Central Asia","Lower middle income",2008,18.116,5.3000002,136.3952,3.097705,9.992105,8.40161604861429,24.5201024234102
"KGZ","Kyrgyz Republic","Europe & Central Asia","Lower middle income",2009,20.32942,8.1999998,103.8778,3.530191,12.15811,2.88629457537731,6.83656248105368
"KGZ","Kyrgyz Republic","Europe & Central Asia","Lower middle income",2010,16.40867,15.8,100.9698,3.288514,12.58642,-0.471566596791618,7.96772225579684
"KGZ","Kyrgyz Republic","Europe & Central Asia","Lower middle income",2011,18.99195,10.2,101.1761,5.133998,11.29702,5.95627429693504,16.6363262731495
"KGZ","Kyrgyz Republic","Europe & Central Asia","Lower middle income",2012,17.91123,7.1999998,93.89228,4.791255,14.15967,-0.0881501998439376,2.76844236540957
"KGZ","Kyrgyz Republic","Europe & Central Asia","Lower middle income",2013,16.64027,5.5,94.16377,3.756407,16.60485,10.9154694528045,6.61375202358082
"KGZ","Kyrgyz Republic","Europe & Central Asia","Lower middle income",2014,14.94015,4.5,115.2389,3.043759,18.12861,4.02403863083252,7.5342472977589
"KGZ","Kyrgyz Republic","Europe & Central Asia","Lower middle income",2015,14.13635,7.0999999,108.5122,1.890843,20.91434,3.87582544512439,6.50331838993384
"KGZ","Kyrgyz Republic","Europe & Central Asia","Lower middle income",2016,15.35707,NA,103.0256,1.047879,19.87856,4.33585592190116,0.388838296895799
"KGZ","Kyrgyz Republic","Europe & Central Asia","Lower middle income",2017,16.07154,NA,103.5833,1.464357,20.53925,4.73993722377884,3.1753098637994
"KGZ","Kyrgyz Republic","Europe & Central Asia","Lower middle income",2018,15.92686,NA,111.0037,1.289687,20.94632,3.75791013557165,1.54266145238436
"KGZ","Kyrgyz Republic","Europe & Central Asia","Lower middle income",2019,16.8391,NA,112.5994,1.92139,21.68808,4.60062565707598,1.13362257718804
"KGZ","Kyrgyz Republic","Europe & Central Asia","Lower middle income",2020,16.39312,NA,105.1362,1.088048,26.92419,-7.14897757727955,6.32542296338078
"KGZ","Kyrgyz Republic","Europe & Central Asia","Lower middle income",2021,14.62098,NA,87.30995,1.701797,29.72721,5.50700762671923,11.9050398185147
"LAO","Lao PDR","East Asia & Pacific","Lower middle income",2000,NA,NA,49.22921,NA,16.00982,5.79878232861959,25.0846414281315
"LAO","Lao PDR","East Asia & Pacific","Lower middle income",2001,NA,NA,55.28463,NA,15.6035,5.75141287983195,7.81180794783471
"LAO","Lao PDR","East Asia & Pacific","Lower middle income",2002,NA,NA,40.27269,NA,18.66618,5.91874368370564,10.6313446323333
"LAO","Lao PDR","East Asia & Pacific","Lower middle income",2003,NA,NA,34.35982,NA,18.04117,6.06700230344272,15.4893529233525
"LAO","Lao PDR","East Asia & Pacific","Lower middle income",2004,NA,NA,34.06947,NA,17.90511,6.35769548008234,10.4622667314208
"LAO","Lao PDR","East Asia & Pacific","Lower middle income",2005,NA,NA,43.74188,NA,15.82173,7.10756836811267,7.16541759946639
"LAO","Lao PDR","East Asia & Pacific","Lower middle income",2006,NA,NA,34.22292,NA,16.5772,8.61926620832807,6.54559439052787
"LAO","Lao PDR","East Asia & Pacific","Lower middle income",2007,NA,NA,33.43569,NA,19.56969,7.59682880054878,4.66197269469701
"LAO","Lao PDR","East Asia & Pacific","Lower middle income",2008,17.32906,NA,48.75454,NA,19.62132,7.82490276337012,7.62880887577516
"LAO","Lao PDR","East Asia & Pacific","Lower middle income",2009,NA,NA,70.83099,0.8043912,24.3422,7.50177491225853,0.141187674980385
"LAO","Lao PDR","East Asia & Pacific","Lower middle income",2010,NA,NA,71.10194,NA,29.42151,8.52690551739717,5.98254521550082
"LAO","Lao PDR","East Asia & Pacific","Lower middle income",2012,11.36226,NA,NA,1.302864,NA,8.02609843461283,4.2551267783209
"LAO","Lao PDR","East Asia & Pacific","Lower middle income",2013,15.68997,NA,NA,2.184518,NA,8.02630022699017,6.37142717782947
"LAO","Lao PDR","East Asia & Pacific","Lower middle income",2014,12.22057,NA,NA,0.7218271,NA,7.61196343979319,4.12924306873771
"LAO","Lao PDR","East Asia & Pacific","Lower middle income",2015,11.45338,NA,NA,1.151151,NA,7.27006584373785,1.27735427102992
"LAO","Lao PDR","East Asia & Pacific","Lower middle income",2016,9.661771,NA,NA,1.018287,NA,7.02283625501138,1.59691227583204
"LAO","Lao PDR","East Asia & Pacific","Lower middle income",2017,11.69519,NA,NA,1.169217,NA,6.8925308726989,0.825478607568026
"LAO","Lao PDR","East Asia & Pacific","Lower middle income",2018,12.10984,NA,NA,1.258964,NA,6.24796000755872,2.04039266890201
"LAO","Lao PDR","East Asia & Pacific","Lower middle income",2019,10.80275,NA,NA,1.19315,NA,5.4577350924848,3.32255881256925
"LAO","Lao PDR","East Asia & Pacific","Lower middle income",2020,9.840033,NA,NA,0.7890108,NA,0.503031829018681,5.10407262959919
"LAO","Lao PDR","East Asia & Pacific","Lower middle income",2021,19.47947,NA,NA,0.3089655,NA,2.52835100486102,3.75562036658877
"LVA","Latvia","Europe & Central Asia","High income",2000,5.776068,4.5999999,103.0205,2.041288,18.37828,5.84102642353959,2.65425477796048
"LVA","Latvia","Europe & Central Asia","High income",2001,6.242424,2.8,125.7507,1.855026,20.786,6.46057826727287,2.48704003555464
"LVA","Latvia","Europe & Central Asia","High income",2002,6.183351,2,138.9584,1.882906,22.82573,7.66548778586991,1.93887573855886
"LVA","Latvia","Europe & Central Asia","High income",2003,6.085133,1.4,150.3214,1.850421,25.43446,8.42913257059108,2.94264752948478
"LVA","Latvia","Europe & Central Asia","High income",2004,5.9533,1.1,165.2079,2.100628,29.2993,8.72514341727928,6.19238547197429
"LVA","Latvia","Europe & Central Asia","High income",2005,6.011862,0.69999999,189.0113,2.338254,34.0245,11.6153178557457,6.74845027893124
"LVA","Latvia","Europe & Central Asia","High income",2006,5.844496,0.5,210.2129,2.468476,38.47549,12.825017846905,6.53619908765872
"LVA","Latvia","Europe & Central Asia","High income",2007,6.218521,0.80000001,239.0115,2.449591,34.3625,10.4145372792714,10.0929775849169
"LVA","Latvia","Europe & Central Asia","High income",2008,4.991768,2.0999999,278.4113,0.2938264,30.52503,-3.38871665849958,15.4023191064986
"LVA","Latvia","Europe & Central Asia","High income",2009,3.166431,14.3,NA,-4.625038,NA,-16.0400195313042,3.53410672858934
"LVA","Latvia","Europe & Central Asia","High income",2010,4.127305,15.934006,212.5217,-1.762899,44.54893,-3.66125859554762,-1.08463595015155
"LVA","Latvia","Europe & Central Asia","High income",2011,6.085433,14.054796,204.4909,0.2403322,39.20797,3.03634482668815,4.37073559939223
"LVA","Latvia","Europe & Central Asia","High income",2012,6.852037,8.7237917,175.6626,0.407321,36.82646,7.30524057200897,2.25778924374585
"LVA","Latvia","Europe & Central Asia","High income",2013,7.21825,6.4070405,145.4915,0.7015785,40.02372,2.09609028156248,-0.029454778257828
"LVA","Latvia","Europe & Central Asia","High income",2014,7.384685,4.5977375,129.5142,0.9810329,39.63887,2.0949597710559,0.620490636732421
"LVA","Latvia","Europe & Central Asia","High income",2015,8.277837,4.6446544,116.2017,1.295437,41.5715,3.78336712084972,0.174242243625186
"LVA","Latvia","Europe & Central Asia","High income",2016,8.138029,6.2557443,107.1435,1.986951,43.58858,2.55168601974034,0.140633334505327
"LVA","Latvia","Europe & Central Asia","High income",2017,7.095502,5.5069776,99.17975,0.8132994,42.46893,3.39894872623931,2.93036312374665
"LVA","Latvia","Europe & Central Asia","High income",2018,8.351654,5.288402,87.97295,1.010428,41.61071,4.30971286294503,2.53445424186598
"LVA","Latvia","Europe & Central Asia","High income",2019,7.930617,5.0015714,79.89077,0.3348947,43.01532,0.675372771884227,2.81140920075624
"LVA","Latvia","Europe & Central Asia","High income",2020,6.765033,3.0913758,67.32635,0.2899347,51.1189,-3.46922750780554,0.219064904841985
"LVA","Latvia","Europe & Central Asia","High income",2021,7.114153,NA,62.84222,0.747068,50.67773,6.94254173062592,3.27582937431165
"LBN","Lebanon","Middle East, North Africa, Afghanistan & Pakistan","Lower middle income",2000,15.96243,7.8000002,46.74689,0.9454719,182.8678,1.34187161970405,NA
"LBN","Lebanon","Middle East, North Africa, Afghanistan & Pakistan","Lower middle income",2001,15.11677,10,43.31482,0.874657,192.5591,3.83966927702973,NA
"LBN","Lebanon","Middle East, North Africa, Afghanistan & Pakistan","Lower middle income",2002,14.88727,12.4,41.34583,0.7800683,192.0566,3.42314982843781,NA
"LBN","Lebanon","Middle East, North Africa, Afghanistan & Pakistan","Lower middle income",2003,14.79157,NA,36.95613,0.7886677,204.1003,3.22709826879041,NA
"LBN","Lebanon","Middle East, North Africa, Afghanistan & Pakistan","Lower middle income",2004,13.93351,17.700001,35.18531,0.7409861,214.0178,6.67944461641103,NA
"LBN","Lebanon","Middle East, North Africa, Afghanistan & Pakistan","Lower middle income",2005,16.71166,16.4,30.43157,0.8634096,221.0379,2.68577931016345,NA
"LBN","Lebanon","Middle East, North Africa, Afghanistan & Pakistan","Lower middle income",2006,16.60315,13.5,29.84656,0.8347297,233.0369,1.54951500083213,NA
"LBN","Lebanon","Middle East, North Africa, Afghanistan & Pakistan","Lower middle income",2007,16.751,10.1,30.76751,0.9341164,232.3998,9.31062252641144,NA
"LBN","Lebanon","Middle East, North Africa, Afghanistan & Pakistan","Lower middle income",2008,18.66661,7.5,31.77978,1.212339,227.5971,9.06912826789082,NA
"LBN","Lebanon","Middle East, North Africa, Afghanistan & Pakistan","Lower middle income",2009,19.70326,6,30.63251,1.46311,223.7112,10.232155577776,1.19509671165543
"LBN","Lebanon","Middle East, North Africa, Afghanistan & Pakistan","Lower middle income",2010,20.7356,NA,34.17138,1.159835,230.775,7.97513555844932,3.98347941855833
"LBN","Lebanon","Middle East, North Africa, Afghanistan & Pakistan","Lower middle income",2011,18.57228,3.7569354,36.23569,1.159412,236.5598,0.86733987855277,4.97148571692384
"LBN","Lebanon","Middle East, North Africa, Afghanistan & Pakistan","Lower middle income",2012,20.166,3.7869763,37.50385,1.145074,229.1568,2.56479133680038,6.58147447683677
"LBN","Lebanon","Middle East, North Africa, Afghanistan & Pakistan","Lower middle income",2013,19.7054,3.9655306,38.52653,1.111473,229.6451,3.8278734986016,4.82101956297399
"LBN","Lebanon","Middle East, North Africa, Afghanistan & Pakistan","Lower middle income",2014,19.9906,4.008041,39.75257,1.16015,237.0977,2.48406010500743,1.8546042134091
"LBN","Lebanon","Middle East, North Africa, Afghanistan & Pakistan","Lower middle income",2015,20.47624,4.1952847,40.12846,1.203232,239.1392,0.462320792597581,-3.74914524799629
"LBN","Lebanon","Middle East, North Africa, Afghanistan & Pakistan","Lower middle income",2016,20.62111,4.8790835,39.70905,1.485203,250.1193,1.55454940856943,-0.783359624361508
"LBN","Lebanon","Middle East, North Africa, Afghanistan & Pakistan","Lower middle income",2017,20.47074,5.6661917,40.57735,1.238077,250.3682,0.903028464073813,4.32135218303191
"LBN","Lebanon","Middle East, North Africa, Afghanistan & Pakistan","Lower middle income",2018,18.79907,10.255207,NA,1.126901,NA,-1.88470575631651,6.07698907889607
"LBN","Lebanon","Middle East, North Africa, Afghanistan & Pakistan","Lower middle income",2019,14.52089,15.193751,NA,-0.5668539,NA,-6.91492472851026,3.00538949390383
"LBN","Lebanon","Middle East, North Africa, Afghanistan & Pakistan","Lower middle income",2020,17.7362,23.819353,NA,-0.1958471,NA,-21.3998996914321,84.8643330472041
"LBN","Lebanon","Middle East, North Africa, Afghanistan & Pakistan","Lower middle income",2021,20.1897,NA,NA,0.0349914,NA,-7.00123862514116,154.756096023393
"LSO","Lesotho","Sub-Saharan Africa ","Lower middle income",2000,16.63031,NA,54.20945,NA,24.98795,3.87554677576694,6.13197538722696
"LSO","Lesotho","Sub-Saharan Africa ","Lower middle income",2001,15.48398,NA,53.2486,2.99696,23.06327,3.56158183392093,-9.61615353858472
"LSO","Lesotho","Sub-Saharan Africa ","Lower middle income",2002,14.51661,NA,55.21177,3.801106,22.33502,0.723836067167127,33.812578338126
"LSO","Lesotho","Sub-Saharan Africa ","Lower middle income",2003,15.6295,NA,23.31671,4.310822,22.21012,4.55977716384528,6.62916357146762
"LSO","Lesotho","Sub-Saharan Africa ","Lower middle income",2004,16.48939,1,25.07584,4.050772,20.29434,1.69237417358596,5.02342068616285
"LSO","Lesotho","Sub-Saharan Africa ","Lower middle income",2005,NA,3,34.47076,NA,20.45504,3.46612222755311,3.43788423057443
"LSO","Lesotho","Sub-Saharan Africa ","Lower middle income",2006,NA,3,29.17671,NA,24.66314,4.23009522805209,6.07271879734293
"LSO","Lesotho","Sub-Saharan Africa ","Lower middle income",2007,NA,3,32.38941,NA,30.27459,4.18791409957151,8.01243669043409
"LSO","Lesotho","Sub-Saharan Africa ","Lower middle income",2008,13.97834,1.8,33.10565,NA,29.73931,5.52341966978646,10.7156661309681
"LSO","Lesotho","Sub-Saharan Africa ","Lower middle income",2009,15.87992,3,36.21721,4.744283,34.30525,-1.25375779920832,-16.8596910540644
"LSO","Lesotho","Sub-Saharan Africa ","Lower middle income",2010,15.42929,3.0344671,36.96106,4.263953,35.83715,5.26967078056286,-2.40524254598706
"LSO","Lesotho","Sub-Saharan Africa ","Lower middle income",2011,16.24013,2.0951442,44.57293,3.63398,31.80134,4.61641394528752,5.0366305210156
"LSO","Lesotho","Sub-Saharan Africa ","Lower middle income",2012,18.7845,2.4647735,58.74569,4.296112,31.25497,6.33408374679448,6.05143662139967
"LSO","Lesotho","Sub-Saharan Africa ","Lower middle income",2013,17.15207,3.7868197,58.51922,4.580638,33.70553,1.79252555575545,4.86511899496385
"LSO","Lesotho","Sub-Saharan Africa ","Lower middle income",2014,18.02627,4.2292561,63.21992,4.355666,30.21404,1.71054990545476,5.37028961008587
"LSO","Lesotho","Sub-Saharan Africa ","Lower middle income",2015,17.66736,4.0377922,59.81233,3.710772,30.16596,3.12406678044546,3.21844513655931
"LSO","Lesotho","Sub-Saharan Africa ","Lower middle income",2016,21.73222,3.6944119,64.55289,4.901433,27.59198,3.60890731687714,6.59650490696543
"LSO","Lesotho","Sub-Saharan Africa ","Lower middle income",2017,20.05368,4.4164002,55.17945,3.537381,35.65599,-3.13817493733471,4.447699373763
"LSO","Lesotho","Sub-Saharan Africa ","Lower middle income",2018,19.59272,3.6604649,54.56136,3.536682,36.97871,-1.48063315848241,4.7518030162474
"LSO","Lesotho","Sub-Saharan Africa ","Lower middle income",2019,22.37866,3.2990574,65.99613,4.134861,31.01095,-1.41799383085205,5.18708359197982
"LSO","Lesotho","Sub-Saharan Africa ","Lower middle income",2020,20.19481,4.1990843,56.75465,2.376437,34.38913,-8.15595785459911,4.97809676252309
"LSO","Lesotho","Sub-Saharan Africa ","Lower middle income",2021,16.92211,NA,58.21643,0.9469422,36.22596,2.26670961833291,6.04774591950676
"LBR","Liberia","Sub-Saharan Africa ","Low income",2002,NA,NA,60.7481,NA,3.182347,3.76301761700071,14.1596470116325
"LBR","Liberia","Sub-Saharan Africa ","Low income",2003,NA,NA,58.40119,NA,4.331192,-30.145132727942,10.3302881236823
"LBR","Liberia","Sub-Saharan Africa ","Low income",2004,NA,NA,52.89291,NA,5.952179,2.61984689477413,7.82908704883235
"LBR","Liberia","Sub-Saharan Africa ","Low income",2005,NA,NA,46.37423,NA,7.776118,5.28121245309295,10.8343588481414
"LBR","Liberia","Sub-Saharan Africa ","Low income",2006,NA,NA,48.45147,NA,9.171823,8.04390997190059,7.34144608278558
"LBR","Liberia","Sub-Saharan Africa ","Low income",2007,NA,NA,50.46382,NA,10.51736,9.53527536282282,11.3918966807102
"LBR","Liberia","Sub-Saharan Africa ","Low income",2008,NA,NA,49.14341,NA,12.55137,7.14569112811476,17.489448642993
"LBR","Liberia","Sub-Saharan Africa ","Low income",2009,NA,NA,47.33668,NA,16.65298,5.30054050291531,7.42764305914919
"LBR","Liberia","Sub-Saharan Africa ","Low income",2010,NA,NA,50.9207,NA,18.63853,6.09982524004147,7.28992796890218
"LBR","Liberia","Sub-Saharan Africa ","Low income",2011,NA,NA,48.95943,NA,21.67038,8.20076822497064,8.488167518494
"LBR","Liberia","Sub-Saharan Africa ","Low income",2012,NA,NA,54.9426,NA,18.77031,7.99381444555367,6.83178703418548
"LBR","Liberia","Sub-Saharan Africa ","Low income",2013,NA,NA,61.46859,NA,20.25052,8.68728781639683,7.577306817414
"LBR","Liberia","Sub-Saharan Africa ","Low income",2014,NA,NA,66.48914,NA,17.94809,0.701393100287518,9.86111285574904
"LBR","Liberia","Sub-Saharan Africa ","Low income",2015,6.730481,NA,68.82658,-1.631114,19.5396,-0.0185649695590939,7.74869687621322
"LBR","Liberia","Sub-Saharan Africa ","Low income",2016,8.177073,NA,72.53671,0.8267112,18.24649,-1.5549586174878,8.83424868336488
"LBR","Liberia","Sub-Saharan Africa ","Low income",2017,7.988188,NA,102.6542,-0.2017838,16.43019,2.45515592012239,12.4196323907138
"LBR","Liberia","Sub-Saharan Africa ","Low income",2018,9.941512,NA,100.2511,1.698315,17.53307,1.15757512207355,23.5635148953742
"LBR","Liberia","Sub-Saharan Africa ","Low income",2019,9.998554,NA,88.21487,1.71054,17.20292,-2.46729763532686,26.9662760197878
"LBR","Liberia","Sub-Saharan Africa ","Low income",2020,6.244452,NA,77.18568,-1.542928,17.91815,-2.98249127649473,16.9557241496255
"LBR","Liberia","Sub-Saharan Africa ","Low income",2021,9.723547,NA,NA,3.17064,NA,4.98671283481617,7.81559385858648
"LBY","Libya","Middle East, North Africa, Afghanistan & Pakistan","Upper middle income",2000,24.99412,NA,61.41293,1.058227,33.2613,3.6792704082,-2.90000000000024
"LBY","Libya","Middle East, North Africa, Afghanistan & Pakistan","Upper middle income",2001,26.39656,NA,60.81274,0.674832,32.17885,-1.76283887062603,-8.81393752145546
"LBY","Libya","Middle East, North Africa, Afghanistan & Pakistan","Upper middle income",2002,21.68523,NA,61.05238,0.230178,28.1131,-0.958897332849631,-9.79764705882356
"LBY","Libya","Middle East, North Africa, Afghanistan & Pakistan","Upper middle income",2003,26.3632,NA,53.65419,0.6412521,23.75732,13.0160372478013,-2.19115191986647
"LBY","Libya","Middle East, North Africa, Afghanistan & Pakistan","Upper middle income",2004,34.29222,NA,47.43256,1.142163,21.72754,4.46163899648637,-2.19756774055898
"LBY","Libya","Middle East, North Africa, Afghanistan & Pakistan","Upper middle income",2005,35.42133,NA,38.94853,1.299276,18.89143,11.8707565226151,2.65020576131657
"LBY","Libya","Middle East, North Africa, Afghanistan & Pakistan","Upper middle income",2006,31.89885,NA,34.41887,1.664479,19.01141,6.50052541959279,1.45926876202722
"LBY","Libya","Middle East, North Africa, Afghanistan & Pakistan","Upper middle income",2007,30.50729,NA,25.97701,1.614959,23.76149,6.22998278561838,6.25098782993553
"LBY","Libya","Middle East, North Africa, Afghanistan & Pakistan","Upper middle income",2008,28.78234,NA,23.82039,1.26913,35.84686,-0.162048238799883,10.3607288954998
"LBY","Libya","Middle East, North Africa, Afghanistan & Pakistan","Upper middle income",2009,49.03598,NA,23.88726,1.130227,55.80672,-4.4001817631021,2.45990025609954
"LBY","Libya","Middle East, North Africa, Afghanistan & Pakistan","Upper middle income",2010,51.32356,NA,24.0748,0.8548016,41.8823,5.0272476723775,2.79989500109265
"LBY","Libya","Middle East, North Africa, Afghanistan & Pakistan","Upper middle income",2011,66.63377,NA,21.19494,0.3891597,100.3396,-50.3385151384986,15.5184815317562
"LBY","Libya","Middle East, North Africa, Afghanistan & Pakistan","Upper middle income",2012,49.8479,NA,23.13577,0.949411,46.68648,86.8267484395784,6.05980392156855
"LBY","Libya","Middle East, North Africa, Afghanistan & Pakistan","Upper middle income",2013,43.78758,NA,25.32462,0.7939897,78.58273,-17.9979615745681,2.60581802719517
"LBY","Libya","Middle East, North Africa, Afghanistan & Pakistan","Upper middle income",2014,33.48941,NA,29.533,0.132613,154.3731,-23.0428058282215,2.43294141599233
"LBY","Libya","Middle East, North Africa, Afghanistan & Pakistan","Upper middle income",2015,24.39205,NA,28.85463,0.3254399,210.616,-0.842656252118843,10.4022933588151
"LBY","Libya","Middle East, North Africa, Afghanistan & Pakistan","Upper middle income",2016,19.04932,NA,20.93228,0.3460936,242.0947,-1.4909411172622,25.853874212446
"LBY","Libya","Middle East, North Africa, Afghanistan & Pakistan","Upper middle income",2017,21.22112,NA,16.56188,0.5297145,174.9085,32.4918021862688,25.8036184788337
"LBY","Libya","Middle East, North Africa, Afghanistan & Pakistan","Upper middle income",2018,24.68672,NA,16.81099,1.035613,120.3822,7.9413678529104,13.1702038536722
"LBY","Libya","Middle East, North Africa, Afghanistan & Pakistan","Upper middle income",2019,26.63289,NA,17.34244,0.693656,118.7975,-11.1960828853386,-2.16217883470591
"LBY","Libya","Middle East, North Africa, Afghanistan & Pakistan","Upper middle income",2020,32.0531,NA,14.72178,0.8084321,295.3071,-29.4552967282824,1.44703656998741
"LBY","Libya","Middle East, North Africa, Afghanistan & Pakistan","Upper middle income",2021,NA,NA,21.46507,NA,32.90868,28.2996823429147,2.86833027751015
"LTU","Lithuania","Europe & Central Asia","High income",2000,6.912165,11.3,77.33964,0.5402824,16.88811,3.41862206571636,0.981615478857598
"LTU","Lithuania","Europe & Central Asia","High income",2001,6.261259,8.3000002,67.41813,-0.0583118,19.9267,6.48412665187908,1.36712030817819
"LTU","Lithuania","Europe & Central Asia","High income",2002,7.376592,5.3000002,75.88622,1.046261,21.09506,6.71983945103626,0.281506610345575
"LTU","Lithuania","Europe & Central Asia","High income",2003,7.348288,2.4000001,100.5646,1.387782,22.42755,10.5518959629574,-1.13430854990247
"LTU","Lithuania","Europe & Central Asia","High income",2004,6.576754,2.2,104.9045,1.280001,27.29027,6.50203536075556,1.16410252104671
"LTU","Lithuania","Europe & Central Asia","High income",2005,5.316152,0.60000002,125.1359,0.9713331,32.51266,7.7314467577492,2.65848484065262
"LTU","Lithuania","Europe & Central Asia","High income",2006,5.515723,1,142.284,1.723469,35.05669,7.39548122468629,3.73912004060664
"LTU","Lithuania","Europe & Central Asia","High income",2007,5.967435,1,163.7201,2.167963,36.08268,11.0779282578673,5.73717382799842
"LTU","Lithuania","Europe & Central Asia","High income",2008,6.313632,6.0999999,197.4131,1.246613,31.40056,2.59946154605602,10.9258856241655
"LTU","Lithuania","Europe & Central Asia","High income",2009,2.035037,24,NA,-5.16025,NA,-14.8386117894848,4.45304456518535
"LTU","Lithuania","Europe & Central Asia","High income",2010,4.874434,23.333772,142.5226,-0.4551776,41.12174,0.427199566550769,1.31921362055463
"LTU","Lithuania","Europe & Central Asia","High income",2011,7.235579,18.843122,132.7566,1.643563,37.27668,6.32363664821298,4.13027562645085
"LTU","Lithuania","Europe & Central Asia","High income",2012,7.503041,14.801694,124.6811,1.092157,37.30302,4.38290584355157,3.08998277055417
"LTU","Lithuania","Europe & Central Asia","High income",2013,8.231067,11.586029,115.0382,1.623144,37.38634,4.04691318575325,1.04747937065344
"LTU","Lithuania","Europe & Central Asia","High income",2014,7.878546,8.1860501,98.63249,1.120903,41.37905,3.7725437958099,0.103758009433708
"LTU","Lithuania","Europe & Central Asia","High income",2015,8.752463,4.9495691,95.95621,1.277891,43.30619,2.83280643343234,-0.884097405500596
"LTU","Lithuania","Europe & Central Asia","High income",2016,7.18599,3.6606462,95.03693,1.37645,44.91916,2.67192215053329,0.905525075460342
"LTU","Lithuania","Europe & Central Asia","High income",2017,6.807589,3.1770958,92.55262,1.197763,44.2754,4.61224310312809,3.72288862303707
"LTU","Lithuania","Europe & Central Asia","High income",2018,6.853796,2.2701487,86.7529,1.349327,46.53871,4.91836780106811,2.69792779208394
"LTU","Lithuania","Europe & Central Asia","High income",2019,6.270332,1.0443855,81.48623,1.344878,47.92276,4.67735183530451,2.33450937988027
"LTU","Lithuania","Europe & Central Asia","High income",2020,5.52647,0.99147834,62.27651,1.185674,60.44169,0.0428158336981426,1.19989444983569
"LTU","Lithuania","Europe & Central Asia","High income",2021,5.122434,NA,64.22234,1.003587,59.41521,6.39481772930206,4.68354420903453
"LUX","Luxembourg","Europe & Central Asia","High income",2000,24.13867,0.5,NA,0.6629352,NA,6.93809504692074,3.15076707022596
"LUX","Luxembourg","Europe & Central Asia","High income",2001,25.92074,0.40000001,23.08524,0.621622,339.8484,3.07427520210337,2.66382110579101
"LUX","Luxembourg","Europe & Central Asia","High income",2002,29.11919,0.40000001,19.91188,0.6643979,338.9626,3.22528846998354,2.07408613571643
"LUX","Luxembourg","Europe & Central Asia","High income",2003,29.63142,0.5,19.87555,0.7681877,347.4321,2.6192502126754,2.04984030563516
"LUX","Luxembourg","Europe & Central Asia","High income",2004,29.4112,0.30000001,18.6243,0.814872,354.3568,4.23067892192488,2.22567916428894
"LUX","Luxembourg","Europe & Central Asia","High income",2005,30.84502,0.2,17.75668,0.6780291,401.3839,2.48250499371829,2.48769665164081
"LUX","Luxembourg","Europe & Central Asia","High income",2006,30.74508,0.1,17.82762,0.9637097,419.1479,6.01662739677904,2.66631494577077
"LUX","Luxembourg","Europe & Central Asia","High income",2007,31.22254,0.40000001,18.77723,0.9529692,454.3368,8.09852098069817,2.31245861786126
"LUX","Luxembourg","Europe & Central Asia","High income",2008,29.47565,0.60000002,21.88852,0.1018913,462.1295,-0.302272983306707,3.4018796302557
"LUX","Luxembourg","Europe & Central Asia","High income",2009,34.39798,0.69999999,29.07977,0.4346481,347.2303,-3.23895268839308,0.368041997888867
"LUX","Luxembourg","Europe & Central Asia","High income",2010,35.6054,0.2472326,26.14411,0.5815102,329.394,3.76040578658925,2.27367911621542
"LUX","Luxembourg","Europe & Central Asia","High income",2011,34.29649,0.37941649,25.36353,-0.0094266,331.8806,1.0442860057217,3.4106834106835
"LUX","Luxembourg","Europe & Central Asia","High income",2012,41.28843,0.14558849,27.19327,0.5083002,307.3663,1.64971134354685,2.66284165508011
"LUX","Luxembourg","Europe & Central Asia","High income",2013,44.26462,0.21316441,26.47625,0.573337,327.3178,3.17168513780955,1.73403963519162
"LUX","Luxembourg","Europe & Central Asia","High income",2014,38.70667,NA,24.05363,0.5014369,359.5931,2.62308838097542,0.628543985440717
"LUX","Luxembourg","Europe & Central Asia","High income",2015,46.61733,NA,23.71883,0.683605,386.9359,2.26836572735107,0.474743161437871
"LUX","Luxembourg","Europe & Central Asia","High income",2016,54.32573,0.90484428,25.26301,0.8322576,382.8632,4.97819047122638,0.290833333333225
"LUX","Luxembourg","Europe & Central Asia","High income",2017,57.44071,0.791205,25.95423,0.6083249,388.9182,1.31711942298405,1.73079959118896
"LUX","Luxembourg","Europe & Central Asia","High income",2018,53.49949,0.89696633,26.27008,0.5489272,402.6625,1.61129891211624,1.5281952430737
"LUX","Luxembourg","Europe & Central Asia","High income",2019,55.10573,0.73889754,26.30163,0.6348883,413.207,2.74932091920692,1.74332075653848
"LUX","Luxembourg","Europe & Central Asia","High income",2020,54.36499,1.028041,24.67016,0.5001937,428.7701,-0.510051634039826,0.819957302127036
"LUX","Luxembourg","Europe & Central Asia","High income",2021,51.66831,NA,22.70554,0.6267755,437.1502,6.92973270801744,2.52692009066166
"MAC","Macao SAR, China","East Asia & Pacific","High income",2000,36.80785,NA,47.02803,1.371153,153.0295,5.74714593475937,-1.60971883961897
"MAC","Macao SAR, China","East Asia & Pacific","High income",2001,38.09732,NA,38.97542,1.14474,162.6763,2.88824010651439,-1.98465008641646
"MAC","Macao SAR, China","East Asia & Pacific","High income",2002,38.64956,NA,33.35376,1.207696,163.6406,8.90480904902596,-2.63751699816198
"MAC","Macao SAR, China","East Asia & Pacific","High income",2003,39.01148,NA,29.33529,1.254027,164.3758,11.6433551416587,-1.56245203671305
"MAC","Macao SAR, China","East Asia & Pacific","High income",2004,40.65371,NA,29.42107,0.7869906,138.4068,26.6368742306114,0.980728452039451
"MAC","Macao SAR, China","East Asia & Pacific","High income",2005,40.3254,NA,32.23182,1.186646,136.2046,8.07794929953978,4.39589284335674
"MAC","Macao SAR, China","East Asia & Pacific","High income",2006,36.24501,NA,29.42144,1.859303,139.0646,13.3921711919351,5.14997337750692
"MAC","Macao SAR, China","East Asia & Pacific","High income",2007,34.53637,NA,38.60181,1.751153,122.563,14.4817728129028,5.57149689143952
"MAC","Macao SAR, China","East Asia & Pacific","High income",2008,38.52495,NA,48.46791,1.284209,109.9326,3.39251560752048,8.61101858637
"MAC","Macao SAR, China","East Asia & Pacific","High income",2009,38.77197,NA,47.77026,1.075284,120.285,1.29837946885112,1.16906695453767
"MAC","Macao SAR, China","East Asia & Pacific","High income",2010,37.46931,0.39313005,54.0845,1.017136,105.151,25.1031075246958,2.80947242060843
"MAC","Macao SAR, China","East Asia & Pacific","High income",2011,40.18044,0.34471959,56.86969,0.9367654,98.69912,21.6223064381087,5.80624616691043
"MAC","Macao SAR, China","East Asia & Pacific","High income",2012,18.66265,0.18725945,54.09826,1.257601,106.4279,9.21747479596735,6.10738928336549
"MAC","Macao SAR, China","East Asia & Pacific","High income",2013,17.05116,0.09233531,59.55014,1.003969,105.0252,10.7816711590297,5.50057779178484
"MAC","Macao SAR, China","East Asia & Pacific","High income",2014,17.12971,0.11844461,71.20094,1.095363,108.6871,-2.03874227961819,6.04823452094076
"MAC","Macao SAR, China","East Asia & Pacific","High income",2015,22.87301,0.11984371,84.50567,1.101588,128.066,-21.7540078753246,4.56056338028173
"MAC","Macao SAR, China","East Asia & Pacific","High income",2016,22.864,0.19561868,81.5219,1.117744,143.9604,-0.701510212552961,2.36895749705898
"MAC","Macao SAR, China","East Asia & Pacific","High income",2017,23.34351,0.22748698,79.55841,1.066118,142.3718,9.91855844513513,1.22812404052809
"MAC","Macao SAR, China","East Asia & Pacific","High income",2018,23.13064,0.217152,79.66371,1.046857,142.3395,6.35917030567686,3.00446293166953
"MAC","Macao SAR, China","East Asia & Pacific","High income",2019,22.96726,0.23974335,79.32201,0.9748568,150.6664,-2.4609094006739,2.75193081051975
"MAC","Macao SAR, China","East Asia & Pacific","High income",2020,22.18295,0.34755154,80.88323,0.8444992,346.5976,-54.4020925789353,0.811410511491512
"MAC","Macao SAR, China","East Asia & Pacific","High income",2021,20.2597,NA,85.41013,0.7775736,278.8793,22.4622020023362,0.0264543647055504
"MDG","Madagascar","Sub-Saharan Africa ","Low income",2000,15.84935,8.6000004,62.83599,4.026793,11.70038,4.45685893956946,11.859684500028
"MDG","Madagascar","Sub-Saharan Africa ","Low income",2001,13.90121,NA,54.42739,3.65724,12.82343,5.98023576982733,7.91694484529586
"MDG","Madagascar","Sub-Saharan Africa ","Low income",2002,11.19974,NA,49.06787,1.448379,13.56995,-12.4079711055149,16.4985255315846
"MDG","Madagascar","Sub-Saharan Africa ","Low income",2003,14.51835,NA,55.45069,3.817373,13.59527,9.78489212474175,-1.70400479616298
"MDG","Madagascar","Sub-Saharan Africa ","Low income",2004,13.61521,NA,58.37661,3.986836,14.74438,5.25700362208742,13.9558018033211
"MDG","Madagascar","Sub-Saharan Africa ","Low income",2005,16.65616,NA,69.60565,5.333755,12.20539,4.75584509499119,18.3638246468932
"MDG","Madagascar","Sub-Saharan Africa ","Low income",2006,17.5731,NA,64.26833,5.722195,13.52899,5.3985084485368,10.7656371554865
"MDG","Madagascar","Sub-Saharan Africa ","Low income",2007,16.09652,NA,61.95096,4.956739,14.12424,5.71056419885052,10.2879663187671
"MDG","Madagascar","Sub-Saharan Africa ","Low income",2008,14.38456,NA,69.96888,3.629282,14.01212,6.71263253913001,9.29650839381057
"MDG","Madagascar","Sub-Saharan Africa ","Low income",2009,12.58847,NA,66.65987,2.19411,15.35965,-3.9787086116544,8.95421802392949
"MDG","Madagascar","Sub-Saharan Africa ","Low income",2010,12.91804,9.6209689,68.71306,1.538866,14.88391,0.619239744622121,9.24732173644116
"MDG","Madagascar","Sub-Saharan Africa ","Low income",2011,14.0358,10.693575,62.70418,3.000591,15.03958,1.57842705366555,9.48254048582992
"MDG","Madagascar","Sub-Saharan Africa ","Low income",2012,13.12575,11.125741,62.57171,2.359408,15.08233,3.01114811621208,5.71384434191053
"MDG","Madagascar","Sub-Saharan Africa ","Low income",2013,15.21086,11.625851,70.35332,3.045084,14.47769,2.30037622800727,5.8264294445198
"MDG","Madagascar","Sub-Saharan Africa ","Low income",2014,16.85603,10.119648,75.36632,3.894521,14.56284,3.33920311195367,6.08040811088302
"MDG","Madagascar","Sub-Saharan Africa ","Low income",2015,18.53925,9.0069564,75.29464,4.461597,15.23206,3.13229807490305,7.40419174202129
"MDG","Madagascar","Sub-Saharan Africa ","Low income",2016,16.61008,8.3638932,69.33392,3.952328,15.94467,3.99314606199499,6.03575858154679
"MDG","Madagascar","Sub-Saharan Africa ","Low income",2017,16.45541,7.6726212,70.79044,4.324442,17.84226,3.93330759462793,8.60905075422949
"MDG","Madagascar","Sub-Saharan Africa ","Low income",2018,16.66277,7.2696922,73.80708,4.353096,17.24345,3.19435651744398,8.59422958870476
"MDG","Madagascar","Sub-Saharan Africa ","Low income",2019,15.92543,7.2064714,78.54736,4.156359,17.37362,4.41123212909589,5.61051441492365
"MDG","Madagascar","Sub-Saharan Africa ","Low income",2020,14.06469,7.6304921,78.86115,3.201811,19.78046,-7.13767162064489,4.20179312190557
"MDG","Madagascar","Sub-Saharan Africa ","Low income",2021,NA,NA,86.94474,NA,20.05327,4.65068343174309,5.81225118787715
"MWI","Malawi","Sub-Saharan Africa ","Low income",2000,14.71622,NA,40.474,7.122671,5.67067,1.57607762616895,29.5814884631684
"MWI","Malawi","Sub-Saharan Africa ","Low income",2001,14.76221,NA,34.86765,6.661744,6.136481,-4.97496361892476,22.7
"MWI","Malawi","Sub-Saharan Africa ","Low income",2002,15.67429,NA,33.40432,6.348408,5.840311,1.70000003078317,14.7446346101603
"MWI","Malawi","Sub-Saharan Africa ","Low income",2003,16.94797,NA,35.06413,8.08065,6.354048,5.70563940467414,9.57679786919214
"MWI","Malawi","Sub-Saharan Africa ","Low income",2004,15.01901,NA,39.27831,5.809952,6.651844,5.42049754993828,11.4298060822124
"MWI","Malawi","Sub-Saharan Africa ","Low income",2005,14.84861,NA,41.62448,5.32378,6.897953,3.26872602317066,15.4103446604296
"MWI","Malawi","Sub-Saharan Africa ","Low income",2006,16.18094,NA,58.55164,7.499361,6.189285,4.69999976404691,13.9742943548388
"MWI","Malawi","Sub-Saharan Africa ","Low income",2007,17.6015,NA,52.07073,8.822132,7.472087,9.59999987683469,7.9522099086403
"MWI","Malawi","Sub-Saharan Africa ","Low income",2008,18.41408,NA,59.57531,8.402564,10.86466,7.63973639944591,8.71260186609043
"MWI","Malawi","Sub-Saharan Africa ","Low income",2009,18.97351,NA,64.8589,7.99569,11.90823,8.3281098524038,8.42204427696655
"MWI","Malawi","Sub-Saharan Africa ","Low income",2010,18.39302,NA,72.0441,6.75973,13.63359,6.87406585416142,7.41159092883827
"MWI","Malawi","Sub-Saharan Africa ","Low income",2011,17.56169,NA,64.14963,6.761364,15.42515,4.93266999813729,7.6228226284852
"MWI","Malawi","Sub-Saharan Africa ","Low income",2012,16.93449,NA,66.11107,7.300181,15.65701,1.90000000072909,21.2712650013779
"MWI","Malawi","Sub-Saharan Africa ","Low income",2013,18.55195,NA,56.15847,9.822045,15.74917,5.41034999817167,27.2833333333334
"MWI","Malawi","Sub-Saharan Africa ","Low income",2014,21.38731,NA,56.56635,9.609413,14.31802,5.62527000105139,23.7920649469687
"MWI","Malawi","Sub-Saharan Africa ","Low income",2015,17.33309,7.2717117,58.41151,6.160577,14.83785,2.80000000003355,21.8673475542553
"MWI","Malawi","Sub-Saharan Africa ","Low income",2016,16.3916,10.29958,54.34929,5.156635,13.53119,2.49999999914311,21.7111132136499
"MWI","Malawi","Sub-Saharan Africa ","Low income",2017,15.36753,8.5543332,NA,4.178349,NA,4.00000000089172,11.5433939188771
"MWI","Malawi","Sub-Saharan Africa ","Low income",2018,15.4544,2.8284353,NA,4.237049,NA,4.35356471619211,12.420178108921
"MWI","Malawi","Sub-Saharan Africa ","Low income",2019,16.12405,5.0630775,NA,5.052553,NA,5.71682519194337,9.3708360560567
"MWI","Malawi","Sub-Saharan Africa ","Low income",2020,16.98583,5.425447,NA,6.235968,NA,0.793596429787286,8.62551469650552
"MWI","Malawi","Sub-Saharan Africa ","Low income",2021,14.50642,NA,NA,4.562049,NA,4.55829212016083,9.33014410835212
"MYS","Malaysia","East Asia & Pacific","Upper middle income",2000,16.62093,15.4,112.2977,0.8198808,112.8513,8.85886816969386,1.53474023697699
"MYS","Malaysia","East Asia & Pacific","Upper middle income",2001,14.46746,17.799999,100.9292,1.204314,126.0609,0.517675319192861,1.41678473206098
"MYS","Malaysia","East Asia & Pacific","Upper middle income",2002,14.90391,15.9,101.2233,1.472142,119.8852,5.39098830692797,1.80787246281536
"MYS","Malaysia","East Asia & Pacific","Upper middle income",2003,14.67114,13.9,98.81043,1.584584,120.0191,5.7884992858875,1.08967632577286
"MYS","Malaysia","East Asia & Pacific","Upper middle income",2004,16.71206,11.7,94.84209,2.523597,117.6996,6.78343772370305,1.42127115937402
"MYS","Malaysia","East Asia & Pacific","Upper middle income",2005,15.79909,9.3999996,97.36262,1.475725,109.1722,5.33213916141486,2.97507092684449
"MYS","Malaysia","East Asia & Pacific","Upper middle income",2006,13.55801,8.5,92.87351,0.613744,111.4303,5.5848470671515,3.60923564224389
"MYS","Malaysia","East Asia & Pacific","Upper middle income",2007,13.62471,6.5,90.64994,0.8172782,111.8813,6.29878592740947,2.02735317779569
"MYS","Malaysia","East Asia & Pacific","Upper middle income",2008,14.55326,4.8000002,89.58011,0.5645542,107.8416,4.83176988913097,5.44078221100769
"MYS","Malaysia","East Asia & Pacific","Upper middle income",2009,14.5398,3.5999999,86.76668,0.9414785,128.4448,-1.51352871598714,0.583308405623702
"MYS","Malaysia","East Asia & Pacific","Upper middle income",2010,15.13594,3.3540267,89.1182,1.39982,120.1073,7.42484738326097,1.62285235577035
"MYS","Malaysia","East Asia & Pacific","Upper middle income",2011,20.73016,2.6813903,86.96878,3.559997,124.5906,5.29391283414003,3.1744709215131
"MYS","Malaysia","East Asia & Pacific","Upper middle income",2012,19.24909,2.0158431,89.19823,2.120816,127.8656,5.47345419253853,1.66357102479206
"MYS","Malaysia","East Asia & Pacific","Upper middle income",2013,19.0734,1.8491466,91.38457,1.808207,131.0874,4.69372252557893,2.10501231233612
"MYS","Malaysia","East Asia & Pacific","Upper middle income",2014,19.77577,1.6457855,94.17793,1.674442,127.98,6.00672194558203,3.14299050879095
"MYS","Malaysia","East Asia & Pacific","Upper middle income",2015,16.5578,1.6068283,98.94976,1.223453,124.3711,5.09153242155011,2.10438980238359
"MYS","Malaysia","East Asia & Pacific","Upper middle income",2016,18.00918,1.6142683,101.8336,1.291856,119.7394,4.44978139761541,2.09056659525742
"MYS","Malaysia","East Asia & Pacific","Upper middle income",2017,19.69873,1.5491872,103.3141,1.543745,113.3701,5.81272240983328,3.87120115774237
"MYS","Malaysia","East Asia & Pacific","Upper middle income",2018,20.40258,1.468191,104.0366,1.511395,115.6057,4.84308697634881,0.884709160571235
"MYS","Malaysia","East Asia & Pacific","Upper middle income",2019,21.13619,1.5161209,105.982,1.447128,114.0213,4.41318742129586,0.662891865764326
"MYS","Malaysia","East Asia & Pacific","Upper middle income",2020,20.40033,1.5671267,106.0901,0.9174353,126.4027,-5.45684658426701,-1.1387021539305
"MYS","Malaysia","East Asia & Pacific","Upper middle income",2021,20.71885,NA,104.0908,1.212864,122.5862,3.31534954399166,2.47710241465447
"MDV","Maldives","South Asia","Upper middle income",2000,NA,NA,60.4808,NA,31.65961,3.84581040832157,-1.17475681175946
"MDV","Maldives","South Asia","Upper middle income",2001,NA,NA,68.16076,NA,25.16928,-3.94363452271253,0.67257737006247
"MDV","Maldives","South Asia","Upper middle income",2002,NA,NA,63.51228,NA,28.89561,7.26838656139654,4.1786723990479
"MDV","Maldives","South Asia","Upper middle income",2003,NA,NA,58.81248,NA,28.4184,13.7500496410836,-1.26065113450354
"MDV","Maldives","South Asia","Upper middle income",2004,NA,NA,69.2674,NA,32.61611,5.92489251113133,-1.68541212459466
"MDV","Maldives","South Asia","Upper middle income",2005,NA,NA,95.59154,NA,38.5012,-11.1773097061784,1.30027500930997
"MDV","Maldives","South Asia","Upper middle income",2006,NA,NA,117.9921,NA,34.43283,23.6302719852686,2.73842131602099
"MDV","Maldives","South Asia","Upper middle income",2007,NA,NA,139.3489,NA,36.66777,7.13338024717898,6.79477353930168
"MDV","Maldives","South Asia","Upper middle income",2008,NA,NA,151.2204,NA,36.95187,8.97645459033633,12.0414583505108
"MDV","Maldives","South Asia","Upper middle income",2009,NA,NA,126.6389,NA,40.90046,-8.34069861571051,4.53017659132801
"MDV","Maldives","South Asia","Upper middle income",2010,NA,NA,106.1712,NA,43.17224,6.7854678229144,6.14988536750173
"MDV","Maldives","South Asia","Upper middle income",2011,NA,NA,93.82671,NA,42.31988,8.84342600490342,11.2734146055937
"MDV","Maldives","South Asia","Upper middle income",2012,NA,20.924697,81.06932,NA,40.32923,2.38928797963442,10.884695658563
"MDV","Maldives","South Asia","Upper middle income",2013,NA,17.567835,70.09143,NA,41.2243,6.97496226412528,3.8056300091943
"MDV","Maldives","South Asia","Upper middle income",2014,NA,17.476878,61.36905,NA,43.10711,7.86068643108074,2.12000175718134
"MDV","Maldives","South Asia","Upper middle income",2015,NA,14.058106,60.61098,NA,43.92109,3.86813536494475,0.953206658777607
"MDV","Maldives","South Asia","Upper middle income",2016,18.85819,10.630476,66.96484,NA,41.22009,6.37528306716864,0.502509413611612
"MDV","Maldives","South Asia","Upper middle income",2017,18.73351,10.454729,71.19537,5.821291,39.77084,7.07442863215275,2.81747338234509
"MDV","Maldives","South Asia","Upper middle income",2018,19.15519,8.8962478,76.80003,6.670602,36.8093,8.5689555834747,-0.133373386117595
"MDV","Maldives","South Asia","Upper middle income",2019,18.9871,9.3916101,74.51615,5.376828,38.30955,6.92305989050099,0.220029731065383
"MDV","Maldives","South Asia","Upper middle income",2020,14.79171,8.2773701,71.48657,1.590019,65.95155,-32.9088287752921,-1.36977425569811
"MDV","Maldives","South Asia","Upper middle income",2021,NA,NA,57.68155,NA,65.38271,37.507870124321,0.543149688737013
"MLI","Mali","Sub-Saharan Africa ","Low income",2000,13.76883,NA,109.2092,0.0645113,12.34787,-0.736019992224286,-0.677661659046769
"MLI","Mali","Sub-Saharan Africa ","Low income",2001,18.24378,NA,111.1768,2.201257,12.11637,15.806031742271,5.18701191944068
"MLI","Mali","Sub-Saharan Africa ","Low income",2002,19.17532,NA,108.7265,1.623917,13.95977,3.03627540738884,5.03282275711194
"MLI","Mali","Sub-Saharan Africa ","Low income",2003,18.25192,NA,108.4131,1.520141,16.26792,9.79712256086644,-1.34672619047621
"MLI","Mali","Sub-Saharan Africa ","Low income",2004,17.9455,NA,104.9362,1.358577,17.0769,1.47732490290102,-3.09978128063957
"MLI","Mali","Sub-Saharan Africa ","Low income",2005,15.83616,NA,97.24281,0.0814807,15.02808,2.53837834888921,6.39788293897883
"MLI","Mali","Sub-Saharan Africa ","Low income",2006,18.24539,NA,101.7037,2.071403,15.66705,3.68960265255278,1.54352596927582
"MLI","Mali","Sub-Saharan Africa ","Low income",2007,19.97883,NA,93.01657,1.994847,17.01501,1.76004607852802,1.41200201714577
"MLI","Mali","Sub-Saharan Africa ","Low income",2008,18.45459,NA,98.6059,2.67258,15.58817,3.63871070923719,9.17098813667678
"MLI","Mali","Sub-Saharan Africa ","Low income",2009,14.63653,NA,88.18312,1.420912,17.4712,5.45473562683669,2.46375188572299
"MLI","Mali","Sub-Saharan Africa ","Low income",2010,16.33547,NA,86.51839,1.584365,18.38775,5.57678859793515,1.10892690670186
"MLI","Mali","Sub-Saharan Africa ","Low income",2011,15.23003,NA,98.11819,2.405372,17.46338,2.93537897118415,2.95564395229392
"MLI","Mali","Sub-Saharan Africa ","Low income",2012,19.01946,NA,91.72414,1.531685,18.86505,-1.07239924147837,5.32312847064058
"MLI","Mali","Sub-Saharan Africa ","Low income",2013,16.00088,NA,94.40454,2.126584,19.9452,3.29068742053545,-0.606736356351563
"MLI","Mali","Sub-Saharan Africa ","Low income",2014,12.17493,NA,95.42754,1.693027,21.47984,6.50263878386326,0.883814547137841
"MLI","Mali","Sub-Saharan Africa ","Low income",2015,13.5586,NA,95.89211,1.161977,23.5208,6.23887890181064,1.45069057605961
"MLI","Mali","Sub-Saharan Africa ","Low income",2016,13.93234,NA,117.9302,1.440351,22.35688,6.00506308559498,-1.79964707083386
"MLI","Mali","Sub-Saharan Africa ","Low income",2017,13.06048,NA,118.8906,1.058645,21.77793,5.37554769647939,1.75985742927165
"MLI","Mali","Sub-Saharan Africa ","Low income",2018,14.88264,NA,108.3878,1.535025,23.55886,4.86784999935264,0.299546507387843
"MLI","Mali","Sub-Saharan Africa ","Low income",2019,14.01081,NA,104.9783,1.046422,23.28216,4.99999911699705,-1.65826694846365
"MLI","Mali","Sub-Saharan Africa ","Low income",2020,12.82675,NA,96.56625,1.177631,27.05879,-1.16910834857605,0.438088940320669
"MLI","Mali","Sub-Saharan Africa ","Low income",2021,NA,NA,93.16011,NA,30.5753,3.10094124463507,3.92560283104277
"MLT","Malta","Middle East, North Africa, Afghanistan & Pakistan","High income",2000,18.14401,NA,85.22176,1.497151,119.9431,19.6812693530689,2.36959287531806
"MLT","Malta","Middle East, North Africa, Afghanistan & Pakistan","High income",2001,17.53679,NA,84.71908,1.084934,126.7915,-0.757203651807174,2.92949244324104
"MLT","Malta","Middle East, North Africa, Afghanistan & Pakistan","High income",2002,17.00887,NA,77.52348,1.025908,134.109,2.74113503379645,2.18849048060549
"MLT","Malta","Middle East, North Africa, Afghanistan & Pakistan","High income",2003,31.44428,NA,71.74851,1.517809,129.1696,3.69331066307235,1.30383777442602
"MLT","Malta","Middle East, North Africa, Afghanistan & Pakistan","High income",2004,28.02992,6.5,76.14475,1.596537,128.8506,0.407354423655889,2.79082848067754
"MLT","Malta","Middle East, North Africa, Afghanistan & Pakistan","High income",2005,27.94771,7.4000001,84.36935,1.97122,115.3177,2.88123652429068,3.00796652450313
"MLT","Malta","Middle East, North Africa, Afghanistan & Pakistan","High income",2006,34.52384,5.9000001,90.11683,1.894807,118.0101,2.33618870316785,2.77378006481472
"MLT","Malta","Middle East, North Africa, Afghanistan & Pakistan","High income",2007,24.46074,5.9000001,81.96066,1.571319,132.1591,5.03640177981643,1.24921923797629
"MLT","Malta","Middle East, North Africa, Afghanistan & Pakistan","High income",2008,17.49671,5.5,88.34882,-0.2906041,130.0531,4.41059689827608,4.25862171897073
"MLT","Malta","Middle East, North Africa, Afghanistan & Pakistan","High income",2009,25.58214,5.8000002,94.13427,2.028955,129.6278,-1.39524956144803,2.08432746082343
"MLT","Malta","Middle East, North Africa, Afghanistan & Pakistan","High income",2010,24.20641,7.015466,93.59926,1.463603,123.6094,6.19734978656928,1.51563513618532
"MLT","Malta","Middle East, North Africa, Afghanistan & Pakistan","High income",2011,23.10364,7.088721,95.59438,0.9897324,124.1515,0.992201768011597,2.9629852819288
"MLT","Malta","Middle East, North Africa, Afghanistan & Pakistan","High income",2012,26.66566,7.7519804,89.55708,1.825258,123.0677,4.10167460261891,2.37582057760386
"MLT","Malta","Middle East, North Africa, Afghanistan & Pakistan","High income",2013,26.27657,8.9479479,82.34755,1.515256,124.0078,6.29233378116625,1.1802843636655
"MLT","Malta","Middle East, North Africa, Afghanistan & Pakistan","High income",2014,19.47697,8.8297769,65.77827,1.142368,146.7725,7.6313628225042,0.310306472181665
"MLT","Malta","Middle East, North Africa, Afghanistan & Pakistan","High income",2015,18.29171,7.0979511,58.58125,0.9789536,145.4323,9.62070302842181,1.10054826378929
"MLT","Malta","Middle East, North Africa, Afghanistan & Pakistan","High income",2016,18.69421,5.2946919,55.63021,1.272003,146.8404,4.07800422216982,0.642702771527304
"MLT","Malta","Middle East, North Africa, Afghanistan & Pakistan","High income",2017,20.53146,4.0699502,53.86152,1.253274,138.056,12.9713425287845,1.36435448150708
"MLT","Malta","Middle East, North Africa, Afghanistan & Pakistan","High income",2018,19.53803,3.3552893,104.7834,0.6888666,69.14959,7.18921425536917,1.15782362451517
"MLT","Malta","Middle East, North Africa, Afghanistan & Pakistan","High income",2019,20.78991,3.208181,117.0465,0.8604735,61.13752,4.0850557312243,1.6420600176894
"MLT","Malta","Middle East, North Africa, Afghanistan & Pakistan","High income",2020,19.10613,3.6629304,55.70834,0.2364565,147.221,-3.45728232537419,0.638544956776712
"MLT","Malta","Middle East, North Africa, Afghanistan & Pakistan","High income",2021,18.40884,NA,54.8913,0.5322224,140.6088,13.3509818925498,1.49789217934724
"MRT","Mauritania","Sub-Saharan Africa ","Lower middle income",2001,26.25073,NA,NA,2.376062,NA,-0.799493815789347,4.7148963468961
"MRT","Mauritania","Sub-Saharan Africa ","Lower middle income",2002,29.42013,NA,NA,2.689908,NA,1.38148396199058,3.8957052575849
"MRT","Mauritania","Sub-Saharan Africa ","Lower middle income",2003,26.60973,NA,NA,2.886127,NA,6.92826955106302,5.15190150769578
"MRT","Mauritania","Sub-Saharan Africa ","Lower middle income",2004,26.81993,NA,NA,2.579237,NA,4.7327579245203,10.3676233473073
"MRT","Mauritania","Sub-Saharan Africa ","Lower middle income",2005,26.60758,NA,133.6848,2.327714,134.264,8.56628724906668,12.1256487185541
"MRT","Mauritania","Sub-Saharan Africa ","Lower middle income",2006,34.58091,NA,136.2712,2.204856,105.8967,18.3331987597713,6.2410332814282
"MRT","Mauritania","Sub-Saharan Africa ","Lower middle income",2007,38.68299,NA,126.7762,2.082207,126.9133,-1.96942275160761,7.25410841304887
"MRT","Mauritania","Sub-Saharan Africa ","Lower middle income",2008,24.69516,NA,130.9451,0.3430934,137.595,-0.331079195278377,7.34663541249786
"MRT","Mauritania","Sub-Saharan Africa ","Lower middle income",2009,22.23899,NA,119.1841,1.043577,157.5577,0.0978758719728035,2.22092032381779
"MRT","Mauritania","Sub-Saharan Africa ","Lower middle income",2010,26.75399,45.299999,121.9541,1.214921,142.1863,2.62022952055378,6.28354087427704
"MRT","Mauritania","Sub-Saharan Africa ","Lower middle income",2011,24.89534,39.200001,110.0734,1.146388,143.6929,4.17278328304418,5.68631959575954
"MRT","Mauritania","Sub-Saharan Africa ","Lower middle income",2012,21.61819,25.700001,115.0511,1.101202,149.3922,4.47001318233693,4.90242727217997
"MRT","Mauritania","Sub-Saharan Africa ","Lower middle income",2013,25.43288,20.4,113.7025,1.276665,15.95277,4.15081318627171,4.12910173783393
"MRT","Mauritania","Sub-Saharan Africa ","Lower middle income",2014,23.91242,23.9,97.70147,1.087231,19.73926,4.27482327130284,3.53436856147324
"MRT","Mauritania","Sub-Saharan Africa ","Lower middle income",2015,24.95151,27.6,104.8313,1.0588,19.91569,5.37633923694936,3.25472688117631
"MRT","Mauritania","Sub-Saharan Africa ","Lower middle income",2016,21.39767,NA,104.8997,0.648312,19.16906,1.26090922448303,1.47171045650004
"MRT","Mauritania","Sub-Saharan Africa ","Lower middle income",2017,20.30035,NA,97.70807,0.2185047,21.3845,6.27054569386574,2.25427651934813
"MRT","Mauritania","Sub-Saharan Africa ","Lower middle income",2018,24.45073,NA,101.458,-0.0088757,21.93735,4.77217363890155,3.06735996058356
"MRT","Mauritania","Sub-Saharan Africa ","Lower middle income",2019,21.98047,NA,103.2254,0.2682531,21.9014,3.14100489264639,2.30009262117937
"MRT","Mauritania","Sub-Saharan Africa ","Lower middle income",2020,23.53199,NA,NA,0.623077,NA,-0.36065738652286,2.3856948845632
"MUS","Mauritius","Sub-Saharan Africa ","Upper middle income",2000,28.60228,NA,77.88235,3.714393,69.47917,8.20279174865273,4.19928825622807
"MUS","Mauritius","Sub-Saharan Africa ","Upper middle income",2001,23.22253,NA,77.55208,3.574149,70.20845,3.3475407273143,5.38934426229508
"MUS","Mauritius","Sub-Saharan Africa ","Upper middle income",2002,18.60584,NA,75.35744,3.444741,73.32442,1.61491865862438,6.41933372221149
"MUS","Mauritius","Sub-Saharan Africa ","Upper middle income",2003,24.34273,NA,83.40204,2.587126,81.06101,5.9254454894774,3.92105357558188
"MUS","Mauritius","Sub-Saharan Africa ","Upper middle income",2004,22.62195,NA,78.51953,1.981817,86.40851,4.33001985464323,4.71037060105883
"MUS","Mauritius","Sub-Saharan Africa ","Upper middle income",2005,20.47689,NA,79.61195,2.088753,87.58006,1.77754302034465,4.93717004981795
"MUS","Mauritius","Sub-Saharan Africa ","Upper middle income",2006,19.35397,3,79.41616,1.840781,86.38333,4.86554460775534,8.91350105650142
"MUS","Mauritius","Sub-Saharan Africa ","Upper middle income",2007,12.69913,2.5,81.93373,1.998768,87.479,5.76380219453068,8.82729272393294
"MUS","Mauritius","Sub-Saharan Africa ","Upper middle income",2008,16.88337,2,90.62139,3.281347,90.22382,5.4630565042284,9.73228317146887
"MUS","Mauritius","Sub-Saharan Africa ","Upper middle income",2009,14.22788,3.3,88.87672,1.634748,90.06367,3.36352090607312,2.51609128145113
"MUS","Mauritius","Sub-Saharan Africa ","Upper middle income",2010,17.50082,2.7649823,93.88265,2.538124,90.83448,4.39672657214976,2.93236301369857
"MUS","Mauritius","Sub-Saharan Africa ","Upper middle income",2011,17.67597,2.8075771,99.32919,2.288703,89.86082,4.14555262561014,6.52249254869341
"MUS","Mauritius","Sub-Saharan Africa ","Upper middle income",2012,17.53375,3.637079,107.8137,1.345228,91.63897,3.51062090167264,3.85216033315983
"MUS","Mauritius","Sub-Saharan Africa ","Upper middle income",2013,17.24109,4.1503724,116.7647,1.760547,91.00375,3.39755085220649,3.54329573934839
"MUS","Mauritius","Sub-Saharan Africa ","Upper middle income",2014,15.97996,4.9197506,104.9956,1.183968,94.03471,3.85773905280689,3.21769191994684
"MUS","Mauritius","Sub-Saharan Africa ","Upper middle income",2015,17.02521,7.1953208,103.7718,1.064537,98.94362,3.71766362108832,1.28654970760232
"MUS","Mauritius","Sub-Saharan Africa ","Upper middle income",2016,16.75397,7.7566016,94.69202,1.285611,101.6326,3.88576121076034,0.977675134718965
"MUS","Mauritius","Sub-Saharan Africa ","Upper middle income",2017,17.02202,7.0294704,96.96654,1.848247,105.5446,3.95441730960265,3.66699702675925
"MUS","Mauritius","Sub-Saharan Africa ","Upper middle income",2018,17.68518,6.5213044,75.10789,2.075948,104.1506,4.11669369456492,3.2160538314457
"MUS","Mauritius","Sub-Saharan Africa ","Upper middle income",2019,16.01738,4.9403213,74.08279,1.48769,108.2892,2.86394938684734,0.405655190309553
"MUS","Mauritius","Sub-Saharan Africa ","Upper middle income",2020,14.39066,6.2057092,67.47547,0.5088359,142.1062,-14.1974358137792,2.5808007718283
"MUS","Mauritius","Sub-Saharan Africa ","Upper middle income",2021,10.95238,NA,61.9896,1.116919,143.4849,3.33809084057279,4.02852888157376
"MEX","Mexico","Latin America & Caribbean ","Upper middle income",2000,18.50949,5.8000002,72.9461,1.344545,19.31949,5.02928399378261,9.49156149435403
"MEX","Mexico","Latin America & Caribbean ","Upper middle income",2001,18.64912,5.0999999,56.99442,1.102623,20.36242,-0.450845253215945,6.36773806235037
"MEX","Mexico","Latin America & Caribbean ","Upper middle income",2002,19.82157,3.7,66.22569,0.8257961,19.90175,-0.236588001922641,5.03072733151295
"MEX","Mexico","Latin America & Caribbean ","Upper middle income",2003,19.10874,3.2,64.22871,1.283443,20.87461,1.18554486709559,4.54690012118718
"MEX","Mexico","Latin America & Caribbean ","Upper middle income",2004,20.93291,2.5,61.86447,2.21511,20.66711,3.56544102622887,4.68840884843143
"MEX","Mexico","Latin America & Caribbean ","Upper middle income",2005,22.88895,1.5,66.42897,0.2669101,20.93549,2.11324711473297,3.98805714597437
"MEX","Mexico","Latin America & Caribbean ","Upper middle income",2006,26.17932,1.8,78.75119,2.33605,20.7747,4.80501351664901,3.62946762439132
"MEX","Mexico","Latin America & Caribbean ","Upper middle income",2007,24.99971,2.3,81.25861,1.006807,21.95223,2.0778639395329,3.96684905458235
"MEX","Mexico","Latin America & Caribbean ","Upper middle income",2008,19.16679,3,75.9095,0.7040572,22.27879,0.943331872912935,5.12498274575896
"MEX","Mexico","Latin America & Caribbean ","Upper middle income",2009,21.58398,2.8,71.28079,0.7013814,25.31448,-6.29525056697287,5.29735584228856
"MEX","Mexico","Latin America & Caribbean ","Upper middle income",2010,15.17652,2.0432868,70.42429,0.8022155,26.03177,4.9713345832195,4.15672722680174
"MEX","Mexico","Latin America & Caribbean ","Upper middle income",2011,14.61256,2.1157234,74.42091,1.008188,26.08117,3.44404505297089,3.40737824605742
"MEX","Mexico","Latin America & Caribbean ","Upper middle income",2012,14.99272,2.444161,74.71163,0.9745536,26.65409,3.55321076010608,4.11150981070289
"MEX","Mexico","Latin America & Caribbean ","Upper middle income",2013,19.81271,3.2431985,79.11685,0.6905532,28.0555,0.852101550164704,3.80639069747204
"MEX","Mexico","Latin America & Caribbean ","Upper middle income",2014,18.84009,3.0367384,75.36167,0.9959756,29.08953,2.50376350783593,4.01861608078679
"MEX","Mexico","Latin America & Caribbean ","Upper middle income",2015,22.39428,2.5232119,78.6405,1.473231,30.34606,2.70232343024026,2.72064064964023
"MEX","Mexico","Latin America & Caribbean ","Upper middle income",2016,19.35907,2.0874783,83.15489,1.504262,31.15693,1.7724932254128,2.8217078474766
"MEX","Mexico","Latin America & Caribbean ","Upper middle income",2017,21.13066,2.0898729,84.32839,2.102521,31.87342,1.87172854648381,6.04145724018986
"MEX","Mexico","Latin America & Caribbean ","Upper middle income",2018,21.71797,2.050854,85.82325,2.237431,31.22583,1.97208211101069,4.89935015356551
"MEX","Mexico","Latin America & Caribbean ","Upper middle income",2019,22.35756,2.0904559,88.37867,2.296899,32.28854,-0.392690513290532,3.63596142127046
"MEX","Mexico","Latin America & Caribbean ","Upper middle income",2020,20.47244,2.4291992,78.73568,1.336158,36.38177,-8.35403459379062,3.39683415570006
"MEX","Mexico","Latin America & Caribbean ","Upper middle income",2021,23.75342,NA,76.24711,2.101538,34.99678,6.04848347173572,5.68920847683753
"FSM","Micronesia, Fed. Sts.","East Asia & Pacific","Upper middle income",2000,NA,NA,65.8242,NA,46.62109,4.62454546471687,2.15851810619419
"FSM","Micronesia, Fed. Sts.","East Asia & Pacific","Upper middle income",2001,NA,NA,60.65157,NA,47.82573,1.82016351571185,0.502497351294027
"FSM","Micronesia, Fed. Sts.","East Asia & Pacific","Upper middle income",2002,NA,NA,49.829,NA,41.84041,0.4432199530481,-0.111442426432945
"FSM","Micronesia, Fed. Sts.","East Asia & Pacific","Upper middle income",2003,NA,NA,41.00632,NA,39.79747,1.76275629920303,0.126643348208903
"FSM","Micronesia, Fed. Sts.","East Asia & Pacific","Upper middle income",2004,NA,NA,44.23408,NA,40.63614,-3.19037831026102,2.27669698247304
"FSM","Micronesia, Fed. Sts.","East Asia & Pacific","Upper middle income",2005,NA,NA,49.87397,NA,39.62525,2.7434627349036,4.25769978210942
"FSM","Micronesia, Fed. Sts.","East Asia & Pacific","Upper middle income",2006,NA,NA,57.73666,NA,35.81657,-0.413223140495873,4.63737008585635
"FSM","Micronesia, Fed. Sts.","East Asia & Pacific","Upper middle income",2007,NA,NA,56.79106,NA,36.97079,-1.65975103734441,3.30634278002699
"FSM","Micronesia, Fed. Sts.","East Asia & Pacific","Upper middle income",2008,NA,NA,53.34476,NA,37.24971,-2.53164556962025,8.42372566246186
"FSM","Micronesia, Fed. Sts.","East Asia & Pacific","Upper middle income",2009,NA,NA,51.8629,NA,40.65715,1.29870129870129,6.39360257735201
"FSM","Micronesia, Fed. Sts.","East Asia & Pacific","Upper middle income",2010,NA,NA,53.68122,NA,38.35938,1.7094017094017,3.31370963136217
"FSM","Micronesia, Fed. Sts.","East Asia & Pacific","Upper middle income",2011,NA,NA,51.27341,NA,38.02859,3.78151260504202,5.08259403890371
"FSM","Micronesia, Fed. Sts.","East Asia & Pacific","Upper middle income",2012,NA,NA,46.93673,NA,41.20019,-1.61943319838058,5.01850353045616
"FSM","Micronesia, Fed. Sts.","East Asia & Pacific","Upper middle income",2013,NA,NA,42.76316,NA,45.95681,-3.70370370370371,1.75232737350762
"FSM","Micronesia, Fed. Sts.","East Asia & Pacific","Upper middle income",2014,NA,NA,34.7669,NA,60.8788,-2.56410256410257,0.650284891767944
"FSM","Micronesia, Fed. Sts.","East Asia & Pacific","Upper middle income",2015,NA,NA,40.53054,NA,56.32638,4.3859649122807,-0.2981158373807
"FSM","Micronesia, Fed. Sts.","East Asia & Pacific","Upper middle income",2016,NA,NA,34.56332,NA,65.47186,1.26050420168067,-1.03746806405349
"FSM","Micronesia, Fed. Sts.","East Asia & Pacific","Upper middle income",2017,NA,NA,34.64215,NA,65.70193,2.07468879668049,0.58225373525489
"FSM","Micronesia, Fed. Sts.","East Asia & Pacific","Upper middle income",2018,NA,NA,32.31269,NA,61.34461,0.406504065040664,1.49840023593737
"FSM","Micronesia, Fed. Sts.","East Asia & Pacific","Upper middle income",2019,NA,NA,36.17787,NA,59.90834,3.64372469635627,1.92385170787923
"FSM","Micronesia, Fed. Sts.","East Asia & Pacific","Upper middle income",2020,NA,NA,31.2996,NA,69.90993,-2.05703124999999,0.554594630853174
"MDA","Moldova","Europe & Central Asia","Upper middle income",2000,13.22522,20.6,96.35152,7.29906,13.12144,2.10771608200733,31.2993015817784
"MDA","Moldova","Europe & Central Asia","Upper middle income",2001,15.8484,NA,94.89729,7.523419,15.5121,6.10000039929173,9.76466285757623
"MDA","Moldova","Europe & Central Asia","Upper middle income",2002,12.47673,8,91.01172,5.823937,18.83916,7.79999965773833,5.30124390261601
"MDA","Moldova","Europe & Central Asia","Upper middle income",2003,10.98403,6.4000001,96.93922,5.620849,20.93504,6.59999995777716,11.7460792058232
"MDA","Moldova","Europe & Central Asia","Upper middle income",2004,11.07055,6.9000001,84.22317,5.658659,25.18655,7.39999973358189,12.5242768428228
"MDA","Moldova","Europe & Central Asia","Upper middle income",2005,9.599434,5.3000002,78.95802,4.019874,29.89067,7.5000001493726,11.9591837222127
"MDA","Moldova","Europe & Central Asia","Upper middle income",2006,10.12451,4.4000001,85.40353,4.4143,32.16842,4.79999983670831,12.777755783035
"MDA","Moldova","Europe & Central Asia","Upper middle income",2007,10.82438,3.7,95.279,4.97374,38.67115,3.00000022585525,12.3671668414302
"MDA","Moldova","Europe & Central Asia","Upper middle income",2008,10.93365,5.1999998,95.22989,4.04354,38.27249,7.80000014541523,12.7830472618821
"MDA","Moldova","Europe & Central Asia","Upper middle income",2009,9.011445,16.4,91.26315,0.1350966,39.43613,-6.00000026352828,-0.0627185967109007
"MDA","Moldova","Europe & Central Asia","Upper middle income",2010,9.576328,13.327322,88.96864,1.217227,31.33501,7.10000010705836,7.48385086350853
"MDA","Moldova","Europe & Central Asia","Upper middle income",2011,10.30095,10.660064,91.95281,2.260651,30.59042,5.81816614684824,7.68725103356181
"MDA","Moldova","Europe & Central Asia","Upper middle income",2012,8.629447,14.499594,92.33324,1.070672,34.49649,-0.589733954762579,4.54633427355302
"MDA","Moldova","Europe & Central Asia","Upper middle income",2013,8.458534,11.577375,88.61502,1.725859,37.83696,9.0438656074181,4.59787897363136
"MDA","Moldova","Europe & Central Asia","Upper middle income",2014,6.707672,11.728964,78.89389,1.013619,36.30717,4.99962585407656,5.08878554625869
"MDA","Moldova","Europe & Central Asia","Upper middle income",2015,8.596913,9.9471425,81.00703,0.807421,33.27191,-0.338235622387202,9.67624033101859
"MDA","Moldova","Europe & Central Asia","Upper middle income",2016,9.396053,16.405152,67.80034,2.32114,33.10221,4.64601436259409,6.35930898037931
"MDA","Moldova","Europe & Central Asia","Upper middle income",2017,9.310052,18.377209,60.64857,2.399621,32.42559,4.17561205106279,6.57022997455604
"MDA","Moldova","Europe & Central Asia","Upper middle income",2018,9.097478,12.491704,59.36706,2.021281,32.21372,4.07559546585034,3.04505397337058
"MDA","Moldova","Europe & Central Asia","Upper middle income",2019,9.961493,8.491076,62.19666,2.905833,31.8273,3.5523140853476,4.83778351428729
"MDA","Moldova","Europe & Central Asia","Upper middle income",2020,9.040374,7.3816165,59.82995,1.704474,37.86628,-8.27597831976949,3.76597122245358
"MDA","Moldova","Europe & Central Asia","Upper middle income",2021,8.722918,NA,64.27983,2.337871,36.3947,13.9299997889786,5.10641129002836
"MNG","Mongolia","East Asia & Pacific","Upper middle income",2000,39.19791,NA,53.16909,NA,11.03684,1.14606213709108,11.5955387593327
"MNG","Mongolia","East Asia & Pacific","Upper middle income",2001,30.22384,NA,63.08549,2.161372,13.61773,2.95271054338117,6.27736020484006
"MNG","Mongolia","East Asia & Pacific","Upper middle income",2002,30.29737,NA,66.63038,2.119409,19.25567,4.73297846590111,0.91707468718427
"MNG","Mongolia","East Asia & Pacific","Upper middle income",2003,29.03756,NA,77.21499,1.825943,26.75424,7.00463457384886,5.12899499422419
"MNG","Mongolia","East Asia & Pacific","Upper middle income",2004,26.51827,NA,87.08416,1.296254,25.56917,10.6254059599309,8.24115449417619
"MNG","Mongolia","East Asia & Pacific","Upper middle income",2005,43.20338,NA,84.17171,1.36597,33.18925,7.25366543796015,12.7165674066053
"MNG","Mongolia","East Asia & Pacific","Upper middle income",2006,39.97206,NA,91.99392,0.9488106,33.1391,8.55623481664365,5.09516661663157
"MNG","Mongolia","East Asia & Pacific","Upper middle income",2007,31.57858,NA,99.78806,1.487144,42.32165,10.2480163590057,9.63096309630964
"MNG","Mongolia","East Asia & Pacific","Upper middle income",2008,33.80553,NA,141.2235,1.39728,28.88538,8.90036794067551,27.9556650246306
"MNG","Mongolia","East Asia & Pacific","Upper middle income",2009,30.38167,NA,104.2387,1.477753,38.661,-1.26859893608282,7.6195059351941
"MNG","Mongolia","East Asia & Pacific","Upper middle income",2010,28.22292,NA,78.25552,2.02661,43.6918,6.3651616786311,10.0462065881651
"MNG","Mongolia","East Asia & Pacific","Upper middle income",2011,28.3377,NA,98.10493,1.929842,44.33352,17.2907775869555,8.41121495327101
"MNG","Mongolia","East Asia & Pacific","Upper middle income",2012,27.65587,NA,106.1592,1.25633,41.18513,12.3198198494032,14.3303348325838
"MNG","Mongolia","East Asia & Pacific","Upper middle income",2013,26.49039,NA,132.4661,1.675873,45.20042,11.6489161878925,10.4906567588241
"MNG","Mongolia","East Asia & Pacific","Upper middle income",2014,29.4281,NA,128.8738,1.214342,44.74965,7.88522548204762,12.2539808129759
"MNG","Mongolia","East Asia & Pacific","Upper middle income",2015,37.57253,NA,128.5869,1.609739,40.70124,2.37983580731722,5.73568281938327
"MNG","Mongolia","East Asia & Pacific","Upper middle income",2016,36.04773,NA,112.8272,0.9511023,47.91312,1.48978448679577,0.733272227314397
"MNG","Mongolia","East Asia & Pacific","Upper middle income",2017,37.57542,NA,93.57703,1.043223,54.1367,5.63687638694772,4.30143105302342
"MNG","Mongolia","East Asia & Pacific","Upper middle income",2018,36.64899,NA,93.26839,1.063664,57.60616,7.74488062024881,6.82424790145522
"MNG","Mongolia","East Asia & Pacific","Upper middle income",2019,34.44346,NA,90.15118,1.291097,53.96191,5.60224422064255,7.30106953550729
"MNG","Mongolia","East Asia & Pacific","Upper middle income",2020,36.30239,NA,72.09431,0.9918904,63.3097,-4.55775197583431,3.7237230614026
"MNG","Mongolia","East Asia & Pacific","Upper middle income",2021,36.25018,NA,76.46336,1.860675,62.60632,1.63676957736662,7.35894657888155
"MNE","Montenegro","Europe & Central Asia","Upper middle income",2003,16.99176,NA,94.0041,NA,12.00057,2.48265891351525,NA
"MNE","Montenegro","Europe & Central Asia","Upper middle income",2004,14.08544,NA,109.62,2.395531,13.33353,4.42605147138921,NA
"MNE","Montenegro","Europe & Central Asia","Upper middle income",2005,10.12906,NA,79.93741,0.3531446,22.4447,4.18060206704946,NA
"MNE","Montenegro","Europe & Central Asia","Upper middle income",2006,7.525213,NA,87.31179,0.6371524,41.15633,8.56641991756757,2.92451258123648
"MNE","Montenegro","Europe & Central Asia","Upper middle income",2007,5.32537,NA,121.1994,0.5109336,65.99443,7.13755016459636,4.34712215656112
"MNE","Montenegro","Europe & Central Asia","Upper middle income",2008,5.280849,NA,168.8366,-0.2495709,51.20242,6.89860030860218,8.75872769588798
"MNE","Montenegro","Europe & Central Asia","Upper middle income",2009,7.587656,NA,157.7997,0.3674665,48.22935,-5.99444862538753,3.46672373207793
"MNE","Montenegro","Europe & Central Asia","Upper middle income",2010,4.102098,NA,139.6211,-4.342181,47.52961,2.77559782547836,0.654946570148479
"MNE","Montenegro","Europe & Central Asia","Upper middle income",2011,7.327251,NA,119.2968,-0.1641551,46.26443,3.40978812497193,3.4501431124869
"MNE","Montenegro","Europe & Central Asia","Upper middle income",2012,6.395607,NA,107.7667,-2.104299,50.9973,-2.48732882965353,4.14524724981119
"MNE","Montenegro","Europe & Central Asia","Upper middle income",2013,9.251592,NA,105.8266,0.0414187,50.06801,3.38612548540247,2.20589268141178
"MNE","Montenegro","Europe & Central Asia","Upper middle income",2014,10.42877,NA,95.78643,0.611253,53.48319,2.37030892464516,-0.710514051710227
"MNE","Montenegro","Europe & Central Asia","Upper middle income",2015,8.815902,NA,87.36915,-0.3572476,56.85821,2.52306333975571,1.54869158222486
"MNE","Montenegro","Europe & Central Asia","Upper middle income",2016,8.939162,NA,84.13644,0.0864767,57.9216,3.4393056210999,-0.271385023385176
"MNE","Montenegro","Europe & Central Asia","Upper middle income",2017,9.150633,NA,80.90318,0.765123,60.10335,3.21668504736274,2.3802359905313
"MNE","Montenegro","Europe & Central Asia","Upper middle income",2018,9.301689,NA,87.27338,1.044142,56.1908,4.73292113433965,2.611223782638
"MNE","Montenegro","Europe & Central Asia","Upper middle income",2019,9.970045,NA,96.19571,1.022027,50.95837,4.39391565821528,0.361563704540767
"MNE","Montenegro","Europe & Central Asia","Upper middle income",2020,9.419744,NA,103.9738,0.509199,57.67763,-14.9926187023533,-0.255655699848551
"MNE","Montenegro","Europe & Central Asia","Upper middle income",2021,8.927644,NA,93.07458,0.5427324,56.6576,13.0462607426359,2.41080198403165
"MAR","Morocco","Middle East, North Africa, Afghanistan & Pakistan","Lower middle income",2000,41.06769,17.5,85.71894,1.34793,56.38838,2.58218091499747,1.89463456763464
"MAR","Morocco","Middle East, North Africa, Afghanistan & Pakistan","Lower middle income",2001,38.95874,16.799999,78.38412,1.222556,59.50361,7.72182519577728,0.619801875297975
"MAR","Morocco","Middle East, North Africa, Afghanistan & Pakistan","Lower middle income",2002,36.69977,17.200001,76.03136,1.081094,60.73378,3.73019737485745,2.79561966936936
"MAR","Morocco","Middle East, North Africa, Afghanistan & Pakistan","Lower middle income",2003,35.66347,18.700001,74.82821,1.31236,62.24015,6.17110214953244,1.16773367477592
"MAR","Morocco","Middle East, North Africa, Afghanistan & Pakistan","Lower middle income",2004,34.77431,19.4,74.14394,1.358324,63.36499,4.57138016516208,1.49344403381774
"MAR","Morocco","Middle East, North Africa, Afghanistan & Pakistan","Lower middle income",2005,31.13902,15.7,73.43659,0.8393978,69.3163,3.19224973015831,0.982641660015951
"MAR","Morocco","Middle East, North Africa, Afghanistan & Pakistan","Lower middle income",2006,36.57412,10.9,73.79091,2.246896,73.68073,7.7908200104027,3.28476166954811
"MAR","Morocco","Middle East, North Africa, Afghanistan & Pakistan","Lower middle income",2007,34.1011,7.9000001,80.94706,1.741554,80.8188,3.44106776690418,2.04208512673344
"MAR","Morocco","Middle East, North Africa, Afghanistan & Pakistan","Lower middle income",2008,35.908,6,88.97651,1.903535,81.50926,5.68453936284732,3.71484311494064
"MAR","Morocco","Middle East, North Africa, Afghanistan & Pakistan","Lower middle income",2009,38.72444,5.5,93.51831,1.979346,81.25849,3.74576940136258,0.971862998667636
"MAR","Morocco","Middle East, North Africa, Afghanistan & Pakistan","Lower middle income",2010,39.649,4.8000002,76.98901,1.920858,86.69134,3.49955709403216,0.993557401226392
"MAR","Morocco","Middle East, North Africa, Afghanistan & Pakistan","Lower middle income",2011,37.75892,4.8000002,80.06309,1.753516,87.83833,5.52464523319847,0.9069249096918
"MAR","Morocco","Middle East, North Africa, Afghanistan & Pakistan","Lower middle income",2012,40.08586,5,81.12237,1.744673,88.19445,3.06234368502997,1.28712240079219
"MAR","Morocco","Middle East, North Africa, Afghanistan & Pakistan","Lower middle income",2013,39.99622,5.9000001,78.69768,1.515761,86.54394,4.12221286860944,1.88065466724086
"MAR","Morocco","Middle East, North Africa, Afghanistan & Pakistan","Lower middle income",2014,42.38619,6.9000001,76.03142,1.340729,89.72926,2.7192440802029,0.442310053557048
"MAR","Morocco","Middle East, North Africa, Afghanistan & Pakistan","Lower middle income",2015,41.86846,NA,71.66384,1.508946,88.92393,4.34458297635238,1.5579071134626
"MAR","Morocco","Middle East, North Africa, Afghanistan & Pakistan","Lower middle income",2016,43.3387,NA,70.89991,1.642728,90.1588,0.52118550608968,1.63531114327064
"MAR","Morocco","Middle East, North Africa, Afghanistan & Pakistan","Lower middle income",2017,42.1162,NA,69.96386,1.401484,89.94168,5.05789816173446,0.754663249323619
"MAR","Morocco","Middle East, North Africa, Afghanistan & Pakistan","Lower middle income",2018,41.84574,NA,70.49178,1.357786,88.3634,3.06564133025955,1.80391671141896
"MAR","Morocco","Middle East, North Africa, Afghanistan & Pakistan","Lower middle income",2019,44.51421,NA,72.69261,1.392332,87.02258,2.89097476137077,0.303386036590383
"MAR","Morocco","Middle East, North Africa, Afghanistan & Pakistan","Lower middle income",2020,41.71841,NA,70.95154,0.8725046,98.53936,-7.17820744246774,0.705968661338261
"MAR","Morocco","Middle East, North Africa, Afghanistan & Pakistan","Lower middle income",2021,42.40052,NA,70.09209,1.013066,95.02759,8.15473889823681,1.40195883962006
"MOZ","Mozambique","Sub-Saharan Africa ","Low income",2000,NA,17.799999,71.71323,-14.20424,17.78861,0.766234955773442,NA
"MOZ","Mozambique","Sub-Saharan Africa ","Low income",2001,9.205705,23.4,61.18489,10.43478,15.49207,12.8516820207736,NA
"MOZ","Mozambique","Sub-Saharan Africa ","Low income",2002,4.732173,22,52.59255,3.695928,18.12737,9.66850534669427,NA
"MOZ","Mozambique","Sub-Saharan Africa ","Low income",2003,NA,14.4,45.38678,NA,18.59341,7.21770086569656,NA
"MOZ","Mozambique","Sub-Saharan Africa ","Low income",2004,NA,5.9000001,42.42709,NA,16.58944,8.20470494788577,NA
"MOZ","Mozambique","Sub-Saharan Africa ","Low income",2005,3.636184,3.5,49.95184,NA,18.18283,6.31202378023193,6.42755278070087
"MOZ","Mozambique","Sub-Saharan Africa ","Low income",2006,3.713162,3.0999999,53.84013,2.839977,18.80987,9.91067756782915,13.2450879070999
"MOZ","Mozambique","Sub-Saharan Africa ","Low income",2007,4.593912,2.5999999,50.05447,4.348971,20.52694,7.64935393795867,8.48948675497455
"MOZ","Mozambique","Sub-Saharan Africa ","Low income",2008,4.269306,1.9,62.05886,3.111959,23.02774,6.87802942560995,14.5028053002268
"MOZ","Mozambique","Sub-Saharan Africa ","Low income",2009,4.092123,1.8,70.17969,3.064002,28.49129,5.92897187460815,3.78861330914625
"MOZ","Mozambique","Sub-Saharan Africa ","Low income",2010,4.268024,1.9299999,72.33629,2.485846,30.56936,6.67972935662864,12.4255421735156
"MOZ","Mozambique","Sub-Saharan Africa ","Low income",2011,4.918438,2.6199999,70.21941,1.840877,29.96752,7.13405842300445,11.1666056127874
"MOZ","Mozambique","Sub-Saharan Africa ","Low income",2012,5.611869,3.2,63.45916,2.860172,35.62156,7.9945031610722,2.60245456956618
"MOZ","Mozambique","Sub-Saharan Africa ","Low income",2013,5.233314,2.3,69.97564,2.63875,37.65129,6.57141389665537,4.26135250941963
"MOZ","Mozambique","Sub-Saharan Africa ","Low income",2014,5.422138,3.2,71.53568,2.670557,42.40243,7.70256844839309,2.55974875844295
"MOZ","Mozambique","Sub-Saharan Africa ","Low income",2015,5.312698,4.3000002,68.33543,2.361858,47.27499,7.3930936986377,3.55075967356746
"MOZ","Mozambique","Sub-Saharan Africa ","Low income",2016,5.308121,NA,71.59531,1.306174,43.68794,4.69699024225795,17.4180418197597
"MOZ","Mozambique","Sub-Saharan Africa ","Low income",2017,7.122042,NA,58.70862,3.978791,41.34388,2.63820737310658,15.1132073899384
"MOZ","Mozambique","Sub-Saharan Africa ","Low income",2018,6.786724,NA,51.89637,3.083258,42.51832,3.48493202422782,3.91133439990729
"MOZ","Mozambique","Sub-Saharan Africa ","Low income",2019,6.985748,NA,47.75199,3.200692,44.27256,2.31781394821475,2.80270307928111
"MOZ","Mozambique","Sub-Saharan Africa ","Low income",2020,5.940557,NA,44.83007,1.887256,54.17466,-1.21952250011192,3.48393567493204
"MOZ","Mozambique","Sub-Saharan Africa ","Low income",2021,7.062472,NA,44.18867,4.001365,51.18337,2.37743572761507,6.40847652975692
"MMR","Myanmar","East Asia & Pacific","Lower middle income",2000,NA,NA,52.97998,NA,16.88515,13.7459305561226,-0.109165514668565
"MMR","Myanmar","East Asia & Pacific","Lower middle income",2001,NA,NA,59.20671,NA,18.87489,11.3439970699605,21.101305376923
"MMR","Myanmar","East Asia & Pacific","Lower middle income",2002,NA,NA,68.78624,NA,16.10533,12.0255134340315,57.0745112621703
"MMR","Myanmar","East Asia & Pacific","Lower middle income",2003,NA,NA,66.79419,NA,6.193682,13.8439968903798,36.5897175323924
"MMR","Myanmar","East Asia & Pacific","Lower middle income",2004,NA,NA,58.60893,NA,7.635215,13.5646616163416,4.53421374129692
"MMR","Myanmar","East Asia & Pacific","Lower middle income",2005,0.2208635,NA,63.10847,NA,7.411341,13.5689500216456,9.36861814196704
"MMR","Myanmar","East Asia & Pacific","Lower middle income",2006,1.463256,NA,53.50104,0.0805471,7.319624,13.0761013792372,19.9964873359214
"MMR","Myanmar","East Asia & Pacific","Lower middle income",2007,1.047813,NA,47.35506,0.1467974,7.331757,11.9914352402146,35.0245970717698
"MMR","Myanmar","East Asia & Pacific","Lower middle income",2008,1.020795,NA,43.15889,0.1190131,7.267103,10.2553053929808,26.7995371934022
"MMR","Myanmar","East Asia & Pacific","Lower middle income",2009,0.6489004,NA,39.08292,0,9.104448,10.5500090961932,1.47234311385647
"MMR","Myanmar","East Asia & Pacific","Lower middle income",2010,0.5014642,NA,37.19898,0.0001849,13.73329,9.6344394520444,7.71838195873614
"MMR","Myanmar","East Asia & Pacific","Lower middle income",2011,0.5361353,NA,43.9245,-2.004449,16.58724,5.59148237823661,5.0214601462073
"MMR","Myanmar","East Asia & Pacific","Lower middle income",2012,5.423186,NA,45.99569,0.95511,21.02329,7.33267044704149,1.46758322674679
"MMR","Myanmar","East Asia & Pacific","Lower middle income",2013,3.098038,NA,51.77738,0.0200879,26.03559,8.42600102501767,5.64303883425501
"MMR","Myanmar","East Asia & Pacific","Lower middle income",2014,2.775956,NA,55.8577,0.7284355,29.49785,8.16990745558277,4.953299184844
"MMR","Myanmar","East Asia & Pacific","Lower middle income",2015,6.443028,NA,54.14565,0.5590701,35.2623,6.99284029026121,9.45417189526018
"MMR","Myanmar","East Asia & Pacific","Lower middle income",2016,6.535042,NA,58.45456,1.278803,40.42411,5.86247291518572,6.92882525816076
"MMR","Myanmar","East Asia & Pacific","Lower middle income",2017,5.645101,NA,58.74503,0.466958,45.16001,6.13610824360305,4.5725365531752
"MMR","Myanmar","East Asia & Pacific","Lower middle income",2018,6.971704,NA,61.23283,0.5841954,46.2417,6.26886221471075,6.87232865662935
"MMR","Myanmar","East Asia & Pacific","Lower middle income",2019,7.482056,NA,59.54754,0.7699895,47.86791,6.57911006765414,8.82506696804558
"MMR","Myanmar","East Asia & Pacific","Lower middle income",2020,7.592739,NA,53.33974,1.973674,50.94155,-9.04834717984643,NA
"NAM","Namibia","Sub-Saharan Africa ","Lower middle income",2001,NA,3.4000001,114.5831,NA,35.94616,1.17794869467917,NA
"NAM","Namibia","Sub-Saharan Africa ","Lower middle income",2002,NA,3.5,124.623,NA,33.68014,4.7886612188211,NA
"NAM","Namibia","Sub-Saharan Africa ","Lower middle income",2003,NA,3.9000001,127.7195,NA,34.99599,4.23979429582137,7.1361531145863
"NAM","Namibia","Sub-Saharan Africa ","Lower middle income",2004,NA,2.4000001,131.0497,NA,35.57673,12.2695481036769,4.13663213144748
"NAM","Namibia","Sub-Saharan Africa ","Lower middle income",2005,32.0702,2.3,143.2515,NA,36.1074,2.52926265819022,2.28194607024307
"NAM","Namibia","Sub-Saharan Africa ","Lower middle income",2006,26.067,2.5999999,126.1529,1.295423,40.16491,7.07317531845825,4.96116689298916
"NAM","Namibia","Sub-Saharan Africa ","Lower middle income",2007,29.81353,2.8,129.151,4.470041,38.94242,5.37404415167634,6.54788141101717
"NAM","Namibia","Sub-Saharan Africa ","Lower middle income",2008,27.28857,3.0999999,118.2933,3.837818,40.07456,2.64981203780268,9.0946430719281
"NAM","Namibia","Sub-Saharan Africa ","Lower middle income",2009,25.30222,NA,77.94698,3.376474,61.55824,0.295970914001089,9.45172651521705
"NAM","Namibia","Sub-Saharan Africa ","Lower middle income",2010,25.30744,1.9647273,79.11591,3.057445,62.0761,6.03924947955858,4.8749198764395
"NAM","Namibia","Sub-Saharan Africa ","Lower middle income",2011,26.79571,1.4863493,77.90441,4.244393,63.27094,5.09133813864338,5.005595180812
"NAM","Namibia","Sub-Saharan Africa ","Lower middle income",2012,25.26302,1.3373516,87.34834,3.508812,55.63821,5.0616820696264,6.72199777334886
"NAM","Namibia","Sub-Saharan Africa ","Lower middle income",2013,21.62047,1.2855614,88.96425,3.090826,56.90603,5.61471962254485,5.60092502290401
"NAM","Namibia","Sub-Saharan Africa ","Lower middle income",2014,21.85556,1.4533408,96.40399,3.523963,53.2663,6.09251915977956,5.35016966859602
"NAM","Namibia","Sub-Saharan Africa ","Lower middle income",2015,25.37547,1.5516954,100.9292,3.61122,53.48304,4.26417453763675,3.39401538410559
"NAM","Namibia","Sub-Saharan Africa ","Lower middle income",2016,25.55405,1.5445492,102.8892,3.880033,52.7329,0.0337944502063294,6.72858234593338
"NAM","Namibia","Sub-Saharan Africa ","Lower middle income",2017,26.93535,2.5855726,94.60405,4.309618,55.36018,-1.02724808856709,6.14579981111164
"NAM","Namibia","Sub-Saharan Africa ","Lower middle income",2018,25.31444,3.5791729,94.98506,3.1557,56.00627,1.05993949860752,4.29159105337875
"NAM","Namibia","Sub-Saharan Africa ","Lower middle income",2019,24.37314,4.5649249,91.69685,3.140819,62.05573,-0.839152163419357,3.72239414422695
"NAM","Namibia","Sub-Saharan Africa ","Lower middle income",2020,25.25618,6.393323,86.71822,2.61834,70.00619,-8.10140201443319,2.20938236933469
"NAM","Namibia","Sub-Saharan Africa ","Lower middle income",2021,23.72112,NA,84.10503,2.784504,70.12787,3.60382919248703,3.61690530108814
"NPL","Nepal","South Asia","Lower middle income",2000,20.44254,NA,78.10256,3.106446,31.59173,6.19999998192236,2.47882020709136
"NPL","Nepal","South Asia","Lower middle income",2001,19.20501,NA,74.5584,2.647885,34.1222,4.79989214255407,2.6883037354563
"NPL","Nepal","South Asia","Lower middle income",2002,21.02967,NA,65.15717,1.848116,33.89099,0.120143177369414,3.02939948714892
"NPL","Nepal","South Asia","Lower middle income",2003,22.69986,NA,64.74326,-1.794452,35.24701,3.94503776051116,5.70700931874738
"NPL","Nepal","South Asia","Lower middle income",2004,21.80719,NA,64.50857,2.179657,36.42909,4.68260325152944,2.8418113124898
"NPL","Nepal","South Asia","Lower middle income",2005,23.62815,NA,68.11974,2.82926,36.51479,3.47918104829496,6.83633265892877
"NPL","Nepal","South Asia","Lower middle income",2006,23.2137,NA,71.19691,2.395634,38.91995,3.36461478056277,6.92033580707589
"NPL","Nepal","South Asia","Lower middle income",2007,23.50358,NA,74.04192,2.629505,42.4034,3.41156027980276,2.26921924439074
"NPL","Nepal","South Asia","Lower middle income",2008,25.26674,NA,76.4866,2.829874,46.42583,6.10463914373472,9.9078300530648
"NPL","Nepal","South Asia","Lower middle income",2009,25.73703,NA,87.83631,2.967089,58.53296,4.5330787246486,11.0948237386987
"NPL","Nepal","South Asia","Lower middle income",2010,27.12056,NA,88.69429,2.765977,53.46735,4.81641464694573,9.32650410745395
"NPL","Nepal","South Asia","Lower middle income",2011,29.92086,NA,81.96481,2.33428,56.0286,3.42180870116162,9.2270754612596
"NPL","Nepal","South Asia","Lower middle income",2012,27.58294,NA,84.8269,1.921221,57.04906,4.67014192446953,9.45980980357125
"NPL","Nepal","South Asia","Lower middle income",2013,25.40979,NA,80.25426,2.270454,62.53307,3.52515317129149,9.04016311917645
"NPL","Nepal","South Asia","Lower middle income",2014,24.46841,NA,84.56432,2.313671,64.11699,6.01148284250441,8.36415469659563
"NPL","Nepal","South Asia","Lower middle income",2015,26.58828,NA,79.73465,2.62761,71.091,3.97605327162971,7.86890895590891
"NPL","Nepal","South Asia","Lower middle income",2016,28.35333,1.6843366,87.13718,2.7429,79.94035,0.433113719381524,8.7903433200464
"NPL","Nepal","South Asia","Lower middle income",2017,35.6377,1.6990855,89.56272,2.905542,76.38979,8.97727935643466,2.77703998300211
"NPL","Nepal","South Asia","Lower middle income",2018,35.74821,1.5623784,91.74895,2.554986,83.01885,7.62237610397933,4.40659410175714
"NPL","Nepal","South Asia","Lower middle income",2019,33.88417,1.6610359,91.88419,2.661844,85.80957,6.65705543110468,5.56616035243723
"NPL","Nepal","South Asia","Lower middle income",2020,30.41902,1.6772167,85.10596,1.731313,103.111,-2.3696206292072,5.05635826238499
"NPL","Nepal","South Asia","Lower middle income",2021,28.87113,NA,96.22822,1.90602,109.4767,4.838149614115,4.12676744440695
"NLD","Netherlands","Europe & Central Asia","High income",2000,17.24958,1.8,NA,1.328576,NA,4.21970034558892,2.36052233801958
"NLD","Netherlands","Europe & Central Asia","High income",2001,15.35433,2.3,145.336,0.7998785,76.00652,2.32358454925847,4.15584127195612
"NLD","Netherlands","Europe & Central Asia","High income",2002,24.29278,2.4000001,143.4931,0.1257593,76.09156,0.24582951723049,3.28753104712766
"NLD","Netherlands","Europe & Central Asia","High income",2003,39.24018,2,133.0807,2.242426,81.76557,0.0978549395212411,2.09199838997655
"NLD","Netherlands","Europe & Central Asia","High income",2004,8.852095,1.5,137.2759,0.8612452,82.17996,2.01628331561487,1.26364739183177
"NLD","Netherlands","Europe & Central Asia","High income",2005,9.998373,NA,127.1387,1.182677,91.52361,2.03401576512488,1.6881301786962
"NLD","Netherlands","Europe & Central Asia","High income",2006,10.74206,NA,120.096,0.8906192,94.52242,3.53729585853395,1.10150106517709
"NLD","Netherlands","Europe & Central Asia","High income",2007,12.02108,NA,125.6249,0.5670268,90.24792,3.88542348324803,1.61385859802102
"NLD","Netherlands","Europe & Central Asia","High income",2008,3.523042,1.7,120.0128,-2.205283,92.42102,2.11674514240192,2.48650198289457
"NLD","Netherlands","Europe & Central Asia","High income",2009,6.208343,3.2,121.7599,-0.2675823,96.28194,-3.66528147002826,1.18977687021548
"NLD","Netherlands","Europe & Central Asia","High income",2010,7.759908,2.8323487,118.1013,0.3038413,96.24461,1.31935287897116,1.27530569556679
"NLD","Netherlands","Europe & Central Asia","High income",2011,7.153244,2.7108769,117.7308,0.2837044,97.25444,1.77330320575034,2.34107017751373
"NLD","Netherlands","Europe & Central Asia","High income",2012,8.412597,3.0978443,120.7548,0.2224215,96.84486,-0.977826121310997,2.45554765291614
"NLD","Netherlands","Europe & Central Asia","High income",2013,8.942967,3.2271689,121.0521,0.3275868,94.0413,-0.0302410184270769,2.50689852657875
"NLD","Netherlands","Europe & Central Asia","High income",2014,9.642394,2.9826622,113.6109,0.3788435,102.4711,1.61255885112396,0.976035079699679
"NLD","Netherlands","Europe & Central Asia","High income",2015,9.511075,2.7119847,111.7594,0.527801,99.85855,2.12064007193544,0.600248147278776
"NLD","Netherlands","Europe & Central Asia","High income",2016,11.03037,2.5405274,115.7731,0.6215938,98.95586,2.42428065449427,0.316666666666652
"NLD","Netherlands","Europe & Central Asia","High income",2017,12.20702,2.3054271,113.0451,0.9568069,98.31741,2.78150834679987,1.38145871407216
"NLD","Netherlands","Europe & Central Asia","High income",2018,12.15548,1.9598815,114.0112,0.7445264,92.52159,2.25873158164956,1.70349794744479
"NLD","Netherlands","Europe & Central Asia","High income",2019,13.05325,1.8562873,108.001,0.6488312,92.29904,2.3001616053659,2.63369910249591
"NLD","Netherlands","Europe & Central Asia","High income",2020,12.50759,1.8877411,97.72779,0.311369,103.2301,-3.86799714191608,1.27246037789161
"NLD","Netherlands","Europe & Central Asia","High income",2021,13.0423,NA,93.10935,0.6372709,104.328,6.27683593745216,2.67572008805385
"NZL","New Zealand","East Asia & Pacific","High income",2000,NA,NA,139.8433,NA,78.12801,2.86879087314065,2.6152344624632
"NZL","New Zealand","East Asia & Pacific","High income",2001,NA,NA,136.1115,NA,79.88618,3.41557461751114,2.62581630392903
"NZL","New Zealand","East Asia & Pacific","High income",2002,NA,NA,136.1117,NA,75.47609,4.71514593471419,2.67709257711605
"NZL","New Zealand","East Asia & Pacific","High income",2003,NA,NA,139.716,NA,78.12397,4.72587484712128,1.75357444759557
"NZL","New Zealand","East Asia & Pacific","High income",2004,NA,NA,149.4174,NA,74.78587,4.09053577279863,2.29024902847571
"NZL","New Zealand","East Asia & Pacific","High income",2005,NA,NA,156.8976,NA,77.8967,3.35295444152619,3.03702332617012
"NZL","New Zealand","East Asia & Pacific","High income",2006,32.70211,NA,159.2955,NA,82.66346,2.7744428588158,3.36540196171993
"NZL","New Zealand","East Asia & Pacific","High income",2007,36.48391,0.30000001,161.7964,1.879729,84.841,3.06312221869514,2.37614310290659
"NZL","New Zealand","East Asia & Pacific","High income",2008,35.56596,0.89999998,159.6309,1.252887,90.5434,-1.02561134479848,3.9589493731206
"NZL","New Zealand","East Asia & Pacific","High income",2009,30.61076,1.7,162.0344,0.9090534,88.79797,-0.040259885205117,2.1156511055456
"NZL","New Zealand","East Asia & Pacific","High income",2010,33.18513,2.0999999,156.6982,0.8438089,91.68484,1.47182504276788,2.30202385958572
"NZL","New Zealand","East Asia & Pacific","High income",2011,33.97509,1.7,NA,1.053544,NA,2.1445004445998,4.0279066739204
"NZL","New Zealand","East Asia & Pacific","High income",2012,37.26256,1.4,NA,1.142053,NA,2.30256429520961,1.05991318445632
"NZL","New Zealand","East Asia & Pacific","High income",2013,41.52512,1,154.4184,1.313155,92.83057,2.5648360739867,1.13442266445817
"NZL","New Zealand","East Asia & Pacific","High income",2014,40.38385,0.80000001,151.4143,1.359801,93.7622,3.81933619307242,1.227507505974
"NZL","New Zealand","East Asia & Pacific","High income",2015,42.18798,0.5,148.0876,1.437774,98.55534,3.72968312125018,0.292704628136101
"NZL","New Zealand","East Asia & Pacific","High income",2016,42.01978,NA,146.8055,1.410719,100.2755,3.7435247472109,0.646240284454524
"NZL","New Zealand","East Asia & Pacific","High income",2017,43.05983,NA,143.8052,1.424412,100.1336,3.31568621648204,1.85078767452536
"NZL","New Zealand","East Asia & Pacific","High income",2018,43.92428,NA,142.2213,1.438198,100.9012,3.32219666491432,1.59829703801696
"NZL","New Zealand","East Asia & Pacific","High income",2019,43.03194,NA,143.5083,1.381713,99.81349,2.32371708441623,1.61963190184048
"NZL","New Zealand","East Asia & Pacific","High income",2020,41.67757,NA,131.9387,0.9588333,110.576,-0.240916114758988,1.71456170007245
"NZL","New Zealand","East Asia & Pacific","High income",2021,44.78266,NA,131.8959,1.381037,109.3845,4.29916005216614,3.94112060778728
"NIC","Nicaragua","Latin America & Caribbean ","Lower middle income",2000,13.11015,5.1999998,88.62169,1.041881,26.53453,4.10159025073438,7.06991352252517
"NIC","Nicaragua","Latin America & Caribbean ","Lower middle income",2001,11.20434,NA,53.27896,-2.764725,25.65866,2.96084349057273,5.98604186279518
"NIC","Nicaragua","Latin America & Caribbean ","Lower middle income",2002,13.21037,NA,53.65197,1.563854,28.11182,0.753938876079573,3.75017465778466
"NIC","Nicaragua","Latin America & Caribbean ","Lower middle income",2003,13.26061,NA,60.53879,0.6882114,29.12413,2.52073289551447,5.30238773219936
"NIC","Nicaragua","Latin America & Caribbean ","Lower middle income",2004,15.9939,NA,66.2506,3.876558,29.55253,5.31217056950739,8.47021063584077
"NIC","Nicaragua","Latin America & Caribbean ","Lower middle income",2005,15.42983,NA,80.72272,3.316134,27.93543,4.28239833770654,9.59909986064425
"NIC","Nicaragua","Latin America & Caribbean ","Lower middle income",2006,16.85202,NA,98.71774,3.099167,26.73051,4.15294559846254,9.1401996677772
"NIC","Nicaragua","Latin America & Caribbean ","Lower middle income",2007,16.56682,NA,110.5562,2.184032,27.24586,5.0763520180987,11.1269347446118
"NIC","Nicaragua","Latin America & Caribbean ","Lower middle income",2008,18.67222,NA,114.4201,4.133038,24.6016,3.43571693608081,19.8262031287429
"NIC","Nicaragua","Latin America & Caribbean ","Lower middle income",2009,16.409,NA,88.36737,2.166221,28.7234,-3.2926651586197,3.68700160498797
"NIC","Nicaragua","Latin America & Caribbean ","Lower middle income",2010,15.84764,NA,76.59564,2.236899,31.67933,4.41009911716546,5.45513425887423
"NIC","Nicaragua","Latin America & Caribbean ","Lower middle income",2011,16.47563,NA,79.11208,2.909083,30.27218,6.31668553491842,8.082387980991
"NIC","Nicaragua","Latin America & Caribbean ","Lower middle income",2012,17.92966,NA,86.33065,3.358379,30.97633,6.4961364710876,7.1935505333896
"NIC","Nicaragua","Latin America & Caribbean ","Lower middle income",2013,18.28453,NA,86.35379,3.404947,34.01056,4.92709413447304,7.13546785289407
"NIC","Nicaragua","Latin America & Caribbean ","Lower middle income",2014,18.50164,NA,90.69148,3.27692,34.37037,4.78546013589983,6.03596861798425
"NIC","Nicaragua","Latin America & Caribbean ","Lower middle income",2015,19.46932,NA,92.87785,3.47158,36.76317,4.79226768332697,3.99737996694396
"NIC","Nicaragua","Latin America & Caribbean ","Lower middle income",2016,19.82819,NA,100.0377,3.851399,36.67992,4.56314739524967,3.52317317628473
"NIC","Nicaragua","Latin America & Caribbean ","Lower middle income",2017,20.62994,NA,103.8908,3.257489,37.62008,4.63120757580209,3.85067166284727
"NIC","Nicaragua","Latin America & Caribbean ","Lower middle income",2018,23.91312,NA,119.1357,2.710256,30.19054,-3.3633566598573,4.94723728039886
"NIC","Nicaragua","Latin America & Caribbean ","Lower middle income",2019,25.54876,NA,97.33154,2.20246,30.91165,-2.89686986728901,5.37628990844126
"NIC","Nicaragua","Latin America & Caribbean ","Lower middle income",2020,24.29852,NA,82.85081,1.712974,33.68641,-2.23654176262323,3.68181341625572
"NIC","Nicaragua","Latin America & Caribbean ","Lower middle income",2021,25.13264,NA,77.98629,2.430003,33.12598,10.4543887816515,4.92841396948968
"NER","Niger","Sub-Saharan Africa ","Low income",2000,12.21779,NA,87.19579,NA,4.426136,-1.20847774100575,2.90014973599108
"NER","Niger","Sub-Saharan Africa ","Low income",2001,13.57597,NA,77.52683,1.229708,4.747654,7.26813490213235,4.00551428352678
"NER","Niger","Sub-Saharan Africa ","Low income",2002,17.31368,NA,80.03696,2.292745,4.907142,4.91847057594622,2.62886597938136
"NER","Niger","Sub-Saharan Africa ","Low income",2003,14.90366,NA,78.30203,1.308724,5.387251,2.1706103837418,-1.61440769175596
"NER","Niger","Sub-Saharan Africa ","Low income",2004,14.53829,NA,76.4867,1.529378,6.662599,0.363801578722132,0.262543757292838
"NER","Niger","Sub-Saharan Africa ","Low income",2005,13.49521,NA,88.10863,1.693173,5.688796,7.33186884258517,7.7974978178644
"NER","Niger","Sub-Saharan Africa ","Low income",2006,13.01568,NA,103.9089,1.304614,5.915548,5.93104997350342,0.0404858299595074
"NER","Niger","Sub-Saharan Africa ","Low income",2007,9.863886,NA,86.9267,1.303999,7.990923,3.14272408386731,0.0539592607581562
"NER","Niger","Sub-Saharan Africa ","Low income",2008,12.03327,NA,105.6115,1.816285,7.655858,7.73141422777337,11.3051098827019
"NER","Niger","Sub-Saharan Africa ","Low income",2009,14.82086,NA,109.9406,2.562209,8.308096,1.96260090694645,0.582906590801122
"NER","Niger","Sub-Saharan Africa ","Low income",2010,14.399,NA,102.6309,2.47371,8.949143,8.57816674262253,0.804073080882659
"NER","Niger","Sub-Saharan Africa ","Low income",2011,16.34802,NA,119.3578,2.899034,8.311367,2.35775693603874,2.9423851401332
"NER","Niger","Sub-Saharan Africa ","Low income",2012,16.5979,NA,110.745,3.063447,9.647212,10.5489445763446,0.455089820359289
"NER","Niger","Sub-Saharan Africa ","Low income",2013,16.61559,NA,108.402,3.135505,9.564295,5.31513063394726,2.29723114955317
"NER","Niger","Sub-Saharan Africa ","Low income",2014,15.53562,NA,95.69073,2.872682,11.14636,6.64213665495603,-0.930287259984466
"NER","Niger","Sub-Saharan Africa ","Low income",2015,17.69081,NA,106.3531,3.136227,10.65989,4.39264883207291,-0.576090369833189
"NER","Niger","Sub-Saharan Africa ","Low income",2016,11.95529,NA,114.9129,0.6339506,9.923732,4.28137558478143,1.65388922387806
"NER","Niger","Sub-Saharan Africa ","Low income",2017,14.26589,NA,111.5725,1.923702,10.1688,5.53198531271451,2.79637318871284
"NER","Niger","Sub-Saharan Africa ","Low income",2018,13.56817,NA,111.924,1.535635,9.080136,6.89458420864513,2.96760366004456
"NER","Niger","Sub-Saharan Africa ","Low income",2019,14.38157,NA,109.6205,1.612271,10.1569,6.07881528959186,-2.48979265070855
"NER","Niger","Sub-Saharan Africa ","Low income",2020,NA,NA,98.29668,NA,11.84819,4.45481803846413,2.8981937602627
"NER","Niger","Sub-Saharan Africa ","Low income",2021,NA,NA,97.19174,NA,13.31892,1.11520063869706,3.8378680284051
"NGA","Nigeria","Sub-Saharan Africa ","Lower middle income",2000,12.21564,22.6,78.08461,2.868216,10.52494,5.01593475936546,6.9332921556516
"NGA","Nigeria","Sub-Saharan Africa ","Lower middle income",2001,13.13141,19.700001,84.7373,4.123579,11.61604,5.91768464924425,18.8736462093863
"NGA","Nigeria","Sub-Saharan Africa ","Lower middle income",2002,14.26879,21.4,79.67166,3.393901,10.12907,15.3291557409618,12.8765792031099
"NGA","Nigeria","Sub-Saharan Africa ","Lower middle income",2003,13.79275,20.5,89.12019,2.52439,9.983012,7.34719496793299,14.0317836131437
"NGA","Nigeria","Sub-Saharan Africa ","Lower middle income",2004,14.6353,21.6,91.59791,2.371901,9.226208,9.25055822923169,14.9980338183251
"NGA","Nigeria","Sub-Saharan Africa ","Lower middle income",2005,20.31261,NA,95.37292,2.466386,8.834062,6.43851652535925,17.8634933661605
"NGA","Nigeria","Sub-Saharan Africa ","Lower middle income",2006,17.35191,9.3000002,86.33191,2.534681,9.395164,6.05942803202491,8.22743678120907
"NGA","Nigeria","Sub-Saharan Africa ","Lower middle income",2007,22.05418,9.5,100.5666,3.375186,14.75529,6.59113036066867,5.38610421570143
"NGA","Nigeria","Sub-Saharan Africa ","Lower middle income",2008,16.63062,6.3000002,103.3556,2.88573,20.10144,6.76447277784263,11.583054796681
"NGA","Nigeria","Sub-Saharan Africa ","Lower middle income",2009,NA,37.299999,91.95659,-27.62548,21.31822,8.03692510100366,12.5379242951095
"NGA","Nigeria","Sub-Saharan Africa ","Lower middle income",2010,NA,20.1431,73.29123,4.222533,17.8054,8.00565591623166,13.7400521363694
"NGA","Nigeria","Sub-Saharan Africa ","Lower middle income",2011,14.99784,5.7716286,60.97476,0.5267339,17.72474,5.30792420293915,10.8261371880018
"NGA","Nigeria","Sub-Saharan Africa ","Lower middle income",2012,17.77566,3.7052249,56.58675,3.518353,18.42491,4.23006117492493,12.2242413020582
"NGA","Nigeria","Sub-Saharan Africa ","Lower middle income",2013,16.28585,3.3933912,60.12266,2.328005,18.95354,6.67133539308232,8.49551838265678
"NGA","Nigeria","Sub-Saharan Africa ","Lower middle income",2014,16.4411,2.9595384,71.89502,2.357488,18.26403,6.30971865521856,8.04741087967907
"NGA","Nigeria","Sub-Saharan Africa ","Lower middle income",2015,16.78471,4.8608856,74.08922,1.683465,17.44742,2.65269329541779,9.00943498007706
"NGA","Nigeria","Sub-Saharan Africa ","Lower middle income",2016,16.43923,12.815064,83.75281,1.576006,17.42893,-1.61686894903467,15.6968126387972
"NGA","Nigeria","Sub-Saharan Africa ","Lower middle income",2017,18.36757,14.80963,77.39462,2.141856,16.5093,0.805886619091581,16.5022662139641
"NGA","Nigeria","Sub-Saharan Africa ","Lower middle income",2018,14.80313,11.674526,62.03572,2.403932,16.40908,1.92275734199798,12.0951065173432
"NGA","Nigeria","Sub-Saharan Africa ","Lower middle income",2019,15.37705,6.0583903,63.35437,2.465314,16.46409,2.20842927835211,11.3964223378115
"NGA","Nigeria","Sub-Saharan Africa ","Lower middle income",2020,13.62957,6.0245155,53.88782,1.848594,20.8361,-6.36889840468527,13.2460234276598
"NGA","Nigeria","Sub-Saharan Africa ","Lower middle income",2021,12.19272,NA,56.00794,1.411627,21.83342,1.109252540249,16.9528457221608
"MKD","North Macedonia","Europe & Central Asia","Upper middle income",2000,15.34952,NA,119.7982,0.7717244,14.15265,4.54913578288874,6.60742291038536
"MKD","North Macedonia","Europe & Central Asia","Upper middle income",2001,11.26591,NA,68.1669,-0.9239618,23.91826,-3.06725662451662,5.19888525744048
"MKD","North Macedonia","Europe & Central Asia","Upper middle income",2002,14.54856,23.1,79.30673,0.404341,21.01895,1.49366547202928,2.31459794083216
"MKD","North Macedonia","Europe & Central Asia","Upper middle income",2003,14.83928,22.4,71.83232,1.5963,24.44081,2.22260165732409,0.855562122724219
"MKD","North Macedonia","Europe & Central Asia","Upper middle income",2004,14.54407,17,74.3299,1.850198,28.07512,4.67408957960916,-0.448650206551934
"MKD","North Macedonia","Europe & Central Asia","Upper middle income",2005,12.28427,15,76.46696,1.59598,30.06189,4.72408864201974,0.525515950714247
"MKD","North Macedonia","Europe & Central Asia","Upper middle income",2006,12.66938,11.2,78.67665,2.143167,35.19233,5.13702516153505,3.21362929606345
"MKD","North Macedonia","Europe & Central Asia","Upper middle income",2007,11.51221,7.5,82.73229,2.430983,41.80038,6.47348685752347,2.2517579830545
"MKD","North Macedonia","Europe & Central Asia","Upper middle income",2008,11.10823,6.6999998,98.67435,1.718466,42.29097,5.47200139015595,8.33189666968108
"MKD","North Macedonia","Europe & Central Asia","Upper middle income",2009,9.927731,8.8999996,101.2752,0.8348144,43.32246,-0.358614856979671,-0.739633963061192
"MKD","North Macedonia","Europe & Central Asia","Upper middle income",2010,9.369726,9.0407096,95.86916,0.9888702,46.47045,3.35875085773812,1.50997522027613
"MKD","North Macedonia","Europe & Central Asia","Upper middle income",2011,9.218356,9.5226912,95.58074,0.4005703,47.53214,2.33988604520331,3.9047542206974
"MKD","North Macedonia","Europe & Central Asia","Upper middle income",2012,9.64795,10.112397,97.33847,0.5642812,48.92385,-0.456183223607937,3.31605566687647
"MKD","North Macedonia","Europe & Central Asia","Upper middle income",2013,9.987813,10.939568,100.3318,0.8292719,46.98938,2.92525766450484,2.78500056726109
"MKD","North Macedonia","Europe & Central Asia","Upper middle income",2014,9.87875,10.805913,101.5263,0.9873376,48.51031,3.62912351276373,-0.281705032928494
"MKD","North Macedonia","Europe & Central Asia","Upper middle income",2015,10.20535,10.31445,103.7241,1.252589,49.11585,3.85586514041738,-0.299920475631462
"MKD","North Macedonia","Europe & Central Asia","Upper middle income",2016,10.55469,6.2866141,98.42765,1.702206,48.65122,2.84820519363306,-0.239290787684501
"MKD","North Macedonia","Europe & Central Asia","Upper middle income",2017,11.05696,6.0984446,98.86015,2.048615,49.08098,1.08177273813243,1.35161889677442
"MKD","North Macedonia","Europe & Central Asia","Upper middle income",2018,11.10239,5.036093,97.07478,1.967237,50.18581,2.88059670964267,1.45831298507126
"MKD","North Macedonia","Europe & Central Asia","Upper middle income",2019,11.19481,4.6247113,95.30592,1.746087,51.8868,3.91041953840173,0.766439573459805
"MKD","North Macedonia","Europe & Central Asia","Upper middle income",2020,11.27912,3.2612956,93.51594,1.464108,58.56668,-4.68845000956652,1.20007348888469
"MKD","North Macedonia","Europe & Central Asia","Upper middle income",2021,9.520221,NA,91.87683,0.9985189,58.40352,4.51067949038222,3.23074912132928
"NOR","Norway","Europe & Central Asia","High income",2000,8.611606,1.2,142.5755,1.163229,45.12008,3.443416131481,3.08550609131279
"NOR","Norway","Europe & Central Asia","High income",2001,8.74402,1.3,144.5338,0.9567565,47.56615,2.1634350595868,3.00419703998233
"NOR","Norway","Europe & Central Asia","High income",2002,7.64935,2,142.1002,0.5937026,51.60022,1.45747886087304,1.28672528415184
"NOR","Norway","Europe & Central Asia","High income",2003,7.410218,1.6,147.7579,0.5970424,51.47961,1.09635781210122,2.48782553461781
"NOR","Norway","Europe & Central Asia","High income",2004,8.523538,1,150.6863,0.7526122,50.39887,4.33015597691212,0.454498502220863
"NOR","Norway","Europe & Central Asia","High income",2005,8.440683,0.69999999,158.1537,1.376299,50.31292,2.96973597025936,1.53213367609249
"NOR","Norway","Europe & Central Asia","High income",2006,7.207124,0.60000002,160.366,1.892195,52.8726,2.84726376691944,2.3293498075755
"NOR","Norway","Europe & Central Asia","High income",2007,7.14616,0.5,184.202,1.242832,53.9669,3.42030119916608,0.712589073634201
"NOR","Norway","Europe & Central Asia","High income",2008,6.057869,0.69999999,200.5509,0.6996576,51.04634,0.822805797014865,3.75393081761005
"NOR","Norway","Europe & Central Asia","High income",2009,6.507341,1.3,193.4463,0.8337851,56.43316,-1.61327151945869,2.19738586853568
"NOR","Norway","Europe & Central Asia","High income",2010,7.570398,1.5198137,195.1586,1.06159,56.4222,1.00493269017117,2.41890639481003
"NOR","Norway","Europe & Central Asia","High income",2011,7.611197,1.6843491,194.4795,0.8757761,55.47549,1.38505117083945,1.2849515880916
"NOR","Norway","Europe & Central Asia","High income",2012,8.035648,1.5121576,192.4441,1.070236,54.96358,2.82395673492459,0.696864111498263
"NOR","Norway","Europe & Central Asia","High income",2013,8.557817,1.3387267,188.1486,0.9530359,56.90012,1.27290177696287,2.12048620353112
"NOR","Norway","Europe & Central Asia","High income",2014,8.873162,1.1308879,185.5648,1.076218,59.39943,2.09521388080101,2.04170286707211
"NOR","Norway","Europe & Central Asia","High income",2015,10.52222,1.0533756,208.4313,1.101524,56.68092,2.04428845501438,2.17113665389527
"NOR","Norway","Europe & Central Asia","High income",2016,11.29774,1.1847304,194.3015,1.143181,63.61093,1.29158732771135,3.55000000000007
"NOR","Norway","Europe & Central Asia","High income",2017,11.44286,1.0004036,195.6016,1.152425,63.5361,2.66964474273466,1.87510059552545
"NOR","Norway","Europe & Central Asia","High income",2018,12.59829,0.74642785,195.8353,1.263504,62.20473,1.1103912365576,2.76483134528797
"NOR","Norway","Europe & Central Asia","High income",2019,12.82647,0.80113169,197.4996,1.583115,64.73318,1.46970781954143,2.16773003305411
"NOR","Norway","Europe & Central Asia","High income",2020,13.04555,0.73607419,184.8973,1.193058,75.95939,-1.36055723261586,1.28658490707996
"NOR","Norway","Europe & Central Asia","High income",2021,12.5704,NA,175.0968,1.230514,69.29677,4.14314688769197,3.48388055266669
"OMN","Oman","Middle East, North Africa, Afghanistan & Pakistan","High income",2000,15.67961,NA,132.0824,1.644141,28.3612,6.19241063695442,NA
"OMN","Oman","Middle East, North Africa, Afghanistan & Pakistan","High income",2001,14.02346,10.6,127.7398,0.132714,31.41548,4.61316649389876,-0.816666666666656
"OMN","Oman","Middle East, North Africa, Afghanistan & Pakistan","High income",2002,16.04527,8.8000002,121.8099,1.548054,31.9346,-0.784165786429256,-0.279578822571373
"OMN","Oman","Middle East, North Africa, Afghanistan & Pakistan","High income",2003,14.56452,12.5,121.0206,-0.9668205,30.39798,-2.19466567976842,0.231328682267143
"OMN","Oman","Middle East, North Africa, Afghanistan & Pakistan","High income",2004,18.05082,11,124.6092,1.910828,27.46608,1.99251510973346,0.624969062631367
"OMN","Oman","Middle East, North Africa, Afghanistan & Pakistan","High income",2005,21.60221,7,114.9346,3.178964,26.66723,2.77944360306151,1.90983553531865
"OMN","Oman","Middle East, North Africa, Afghanistan & Pakistan","High income",2006,20.77575,NA,110.5578,3.506406,27.79545,4.66981481939328,3.54498591605033
"OMN","Oman","Middle East, North Africa, Afghanistan & Pakistan","High income",2007,19.77069,3.2,103.6245,3.221683,34.28512,4.98065467051528,5.8304841809271
"OMN","Oman","Middle East, North Africa, Afghanistan & Pakistan","High income",2008,18.70228,2,119.0747,2.601101,29.48431,8.95005895005896,12.3754091529912
"OMN","Oman","Middle East, North Africa, Afghanistan & Pakistan","High income",2009,17.98044,2.7,119.5244,1.855653,39.05173,5.98196694904402,3.46881023754893
"OMN","Oman","Middle East, North Africa, Afghanistan & Pakistan","High income",2010,17.86692,2.7,119.8304,1.943679,36.40073,2.47199856582773,3.25657959078624
"OMN","Oman","Middle East, North Africa, Afghanistan & Pakistan","High income",2011,15.50242,2.2,120.2524,1.59505,34.19338,2.89460973541192,4.0421886711639
"OMN","Oman","Middle East, North Africa, Afghanistan & Pakistan","High income",2012,15.2999,2.0999999,124.2511,1.692745,33.79435,8.86312225557018,2.94773495257209
"OMN","Oman","Middle East, North Africa, Afghanistan & Pakistan","High income",2013,15.59619,2,121.2071,1.735785,35.59266,5.22770408145942,1.05354820265932
"OMN","Oman","Middle East, North Africa, Afghanistan & Pakistan","High income",2014,14.93049,1.9400001,121.1647,1.557686,38.86876,1.29225229411081,1.01401483924156
"OMN","Oman","Middle East, North Africa, Afghanistan & Pakistan","High income",2015,16.71706,1.8,127.9671,1.683876,52.26893,5.01705799719045,0.0652901330286599
"OMN","Oman","Middle East, North Africa, Afghanistan & Pakistan","High income",2016,17.84947,NA,136.2779,1.52871,56.19124,5.04642394571691,1.10920805807027
"OMN","Oman","Middle East, North Africa, Afghanistan & Pakistan","High income",2017,19.41836,NA,138.4301,1.581622,54.22858,0.304057565922449,1.58909413567799
"OMN","Oman","Middle East, North Africa, Afghanistan & Pakistan","High income",2018,19.60067,NA,132.9001,1.631593,52.66985,1.28710391543288,0.889312370970404
"OMN","Oman","Middle East, North Africa, Afghanistan & Pakistan","High income",2019,19.83832,NA,133.5228,1.509949,56.24214,-1.12863801728058,0.490815362820671
"OMN","Oman","Middle East, North Africa, Afghanistan & Pakistan","High income",2020,19.42753,NA,NA,0.9938882,NA,-3.37972052697999,-0.40640291946585
"OMN","Oman","Middle East, North Africa, Afghanistan & Pakistan","High income",2021,19.64149,NA,NA,1.16987,NA,2.5821749892893,1.68221185876085
"PAK","Pakistan","Middle East, North Africa, Afghanistan & Pakistan","Lower middle income",2000,7.741141,19.5,80.74223,1.339915,24.94313,4.2600880111325,4.36666451291681
"PAK","Pakistan","Middle East, North Africa, Afghanistan & Pakistan","Lower middle income",2001,8.350396,23.4,75.78499,1.63967,26.13966,3.65135017083765,3.14826144590618
"PAK","Pakistan","Middle East, North Africa, Afghanistan & Pakistan","Lower middle income",2002,9.037246,21.799999,67.10594,1.723204,29.22688,2.59481668445784,3.29034472613153
"PAK","Pakistan","Middle East, North Africa, Afghanistan & Pakistan","Lower middle income",2003,9.279836,17,70.74772,1.869498,31.54111,5.40131087314342,2.91413470059479
"PAK","Pakistan","Middle East, North Africa, Afghanistan & Pakistan","Lower middle income",2004,9.993199,11.6,78.29317,2.030953,33.3714,7.83125556961251,7.44462469342739
"PAK","Pakistan","Middle East, North Africa, Afghanistan & Pakistan","Lower middle income",2005,10.11191,8.3000002,76.08358,2.03373,34.34059,7.2765744364722,9.06332737030417
"PAK","Pakistan","Middle East, North Africa, Afghanistan & Pakistan","Lower middle income",2006,11.02719,6.9000001,79.4409,1.607171,33.6855,6.05163767569996,7.92108440058789
"PAK","Pakistan","Middle East, North Africa, Afghanistan & Pakistan","Lower middle income",2007,14.78137,7.5999999,76.63133,0.0003432,36.19509,4.4448143398844,7.59868441050774
"PAK","Pakistan","Middle East, North Africa, Afghanistan & Pakistan","Lower middle income",2008,13.87786,9.1000004,86.92537,-1.837474,32.90426,2.1204410433083,20.2861210929554
"PAK","Pakistan","Middle East, North Africa, Afghanistan & Pakistan","Lower middle income",2009,13.51521,12.2,74.25291,-0.7456819,30.46456,3.47255059567348,13.6477650639761
"PAK","Pakistan","Middle East, North Africa, Afghanistan & Pakistan","Lower middle income",2010,7.439963,14.747543,68.76348,-1.759763,30.9591,1.50171752152883,12.9388705634889
"PAK","Pakistan","Middle East, North Africa, Afghanistan & Pakistan","Lower middle income",2011,9.223564,16.207173,62.6346,0.0314203,28.7898,2.68011685421705,11.9160927116277
"PAK","Pakistan","Middle East, North Africa, Afghanistan & Pakistan","Lower middle income",2012,13.29162,14.470926,54.02969,3.501242,31.17128,3.02758391088629,9.68235186055684
"PAK","Pakistan","Middle East, North Africa, Afghanistan & Pakistan","Lower middle income",2013,11.91086,12.986887,49.73339,1.586902,32.20395,4.36686504978387,7.69215611899565
"PAK","Pakistan","Middle East, North Africa, Afghanistan & Pakistan","Lower middle income",2014,13.11812,12.265792,48.9679,2.273663,31.63031,4.11642817161422,7.18938402847028
"PAK","Pakistan","Middle East, North Africa, Afghanistan & Pakistan","Lower middle income",2015,12.2764,11.358884,48.41241,2.484688,31.61484,4.21794209572506,2.52932817254229
"PAK","Pakistan","Middle East, North Africa, Afghanistan & Pakistan","Lower middle income",2016,11.63105,10.055843,47.93327,2.16556,34.2329,6.57383828511043,3.7651191635658
"PAK","Pakistan","Middle East, North Africa, Afghanistan & Pakistan","Lower middle income",2017,9.721706,8.4294895,50.18073,1.472098,33.87024,4.43262590683975,4.08537368032608
"PAK","Pakistan","Middle East, North Africa, Afghanistan & Pakistan","Lower middle income",2018,9.251515,7.9737147,54.94855,1.141254,34.15339,6.15170261099519,5.07805725868917
"PAK","Pakistan","Middle East, North Africa, Afghanistan & Pakistan","Lower middle income",2019,9.704996,8.5820238,52.16853,1.28798,34.42509,2.49763692943365,10.5780305672025
"PAK","Pakistan","Middle East, North Africa, Afghanistan & Pakistan","Lower middle income",2020,10.05904,9.1857912,46.09781,1.62835,36.9067,-1.27408744338709,9.74011619320125
"PAK","Pakistan","Middle East, North Africa, Afghanistan & Pakistan","Lower middle income",2021,8.854549,NA,48.15987,1.586745,31.95672,6.51388575852702,9.49641577285205
"PAN","Panama","Latin America & Caribbean ","High income",2000,35.92801,1.4,124.3958,1.780737,72.47115,4.20900547865375,1.49896111605778
"PAN","Panama","Latin America & Caribbean ","High income",2001,36.81237,2.8,124.3214,1.363459,76.19547,0.949908149985234,0.307062436028722
"PAN","Panama","Latin America & Caribbean ","High income",2002,39.84031,3.5,107.7772,1.668348,71.73065,2.50884372716125,1.00583090379039
"PAN","Panama","Latin America & Caribbean ","High income",2003,43.7373,2.5,103.419,1.924625,70.46591,5.09686030493801,0.391666666666709
"PAN","Panama","Latin America & Caribbean ","High income",2004,41.28363,1.8,102.5594,1.769361,69.74397,8.17565333965649,0.474723078204362
"PAN","Panama","Latin America & Caribbean ","High income",2005,40.04752,1.8,108.2006,1.617106,69.68243,8.27618334503531,2.85588324760957
"PAN","Panama","Latin America & Caribbean ","High income",2006,37.02732,1.5,99.32719,1.286248,77.62933,9.85723870564752,2.45789346442102
"PAN","Panama","Latin America & Caribbean ","High income",2007,41.25524,1.4,101.6203,1.881242,76.51891,13.1530653782933,4.1686330029888
"PAN","Panama","Latin America & Caribbean ","High income",2008,38.52674,3,102.3803,1.767062,74.71487,10.1974325907958,8.7586831772878
"PAN","Panama","Latin America & Caribbean ","High income",2009,34.15313,3.3,94.32655,1.085653,76.56245,1.61186405976055,2.40905304082201
"PAN","Panama","Latin America & Caribbean ","High income",2010,34.5708,1.0509405,96.20033,1.308442,79.08722,6.07339353106087,3.49128872618809
"PAN","Panama","Latin America & Caribbean ","High income",2011,35.60765,0.85292965,102.3426,1.373065,73.11044,11.9088772249531,5.87580243678763
"PAN","Panama","Latin America & Caribbean ","High income",2012,31.7932,0.69559421,105.983,1.50999,69.96818,9.62729346439019,5.69819959165993
"PAN","Panama","Latin America & Caribbean ","High income",2013,29.70273,0.74627178,109.1847,1.197482,54.64858,6.32435388662846,4.02715991571061
"PAN","Panama","Latin America & Caribbean ","High income",2014,31.2068,0.92792404,111.8993,1.170873,67.56476,4.62581375565551,2.62652699929143
"PAN","Panama","Latin America & Caribbean ","High income",2015,38.63454,1.0088154,119.5161,1.567919,65.14147,5.26691719595516,0.137492058461588
"PAN","Panama","Latin America & Caribbean ","High income",2016,38.68009,1.2559581,123.6593,1.560042,63.96612,4.57196707937275,0.73973402529995
"PAN","Panama","Latin America & Caribbean ","High income",2017,40.26882,1.4209861,127.1737,1.656183,62.49163,5.7440594635578,0.875585918759963
"PAN","Panama","Latin America & Caribbean ","High income",2018,41.44457,1.7427433,128.2453,1.671543,61.71369,3.91824253321265,0.761578359399945
"PAN","Panama","Latin America & Caribbean ","High income",2019,43.10234,1.9552546,129.0403,1.606554,60.74163,3.10295395631086,-0.355083821021246
"PAN","Panama","Latin America & Caribbean ","High income",2020,38.07178,2.0134018,117.9324,0.8832962,81.10844,-17.8211174074602,-1.55027540803761
"PAN","Panama","Latin America & Caribbean ","High income",2021,40.39326,NA,144.937,1.308122,57.36525,16.4669992022652,1.63070337301898
"PNG","Papua New Guinea","East Asia & Pacific","Lower middle income",2000,NA,NA,59.14526,NA,28.96967,-2.49484199260023,15.5958933107535
"PNG","Papua New Guinea","East Asia & Pacific","Lower middle income",2001,NA,NA,55.78531,NA,29.41072,-0.121288605564772,9.29817332783968
"PNG","Papua New Guinea","East Asia & Pacific","Lower middle income",2002,NA,NA,54.07385,NA,27.45148,-0.158900533082658,11.7994470972606
"PNG","Papua New Guinea","East Asia & Pacific","Lower middle income",2003,NA,NA,56.35522,NA,24.00772,2.16410250222083,14.7090779663557
"PNG","Papua New Guinea","East Asia & Pacific","Lower middle income",2004,NA,NA,48.93031,NA,27.70284,2.72117574098235,2.15893131266946
"PNG","Papua New Guinea","East Asia & Pacific","Lower middle income",2005,NA,NA,45.99613,NA,30.56599,6.34479592309654,1.78080439925826
"PNG","Papua New Guinea","East Asia & Pacific","Lower middle income",2006,NA,NA,44.77483,NA,25.51122,5.40994409107307,2.3684623841683
"PNG","Papua New Guinea","East Asia & Pacific","Lower middle income",2007,11.29626,NA,47.17683,NA,29.61249,7.81518922862388,0.91135045567524
"PNG","Papua New Guinea","East Asia & Pacific","Lower middle income",2008,NA,NA,58.7268,NA,29.80778,-0.296457845880582,10.7614182326827
"PNG","Papua New Guinea","East Asia & Pacific","Lower middle income",2009,NA,NA,53.46304,NA,34.27804,6.80042148322096,6.91832532601224
"PNG","Papua New Guinea","East Asia & Pacific","Lower middle income",2010,12.74083,NA,58.02673,NA,30.9522,10.1284540720232,6.01360893567856
"PNG","Papua New Guinea","East Asia & Pacific","Lower middle income",2011,14.01424,NA,53.52903,6.76115,32.90961,1.10754362619616,4.44083401028971
"PNG","Papua New Guinea","East Asia & Pacific","Lower middle income",2012,13.47289,NA,53.64968,5.996799,35.31793,4.65711959686239,4.53720508166972
"PNG","Papua New Guinea","East Asia & Pacific","Lower middle income",2013,NA,NA,59.12489,NA,35.07832,3.82494632800675,4.9603174603175
"PNG","Papua New Guinea","East Asia & Pacific","Lower middle income",2014,NA,NA,59.36504,NA,30.21994,13.5437706216546,5.22211720226841
"PNG","Papua New Guinea","East Asia & Pacific","Lower middle income",2015,NA,NA,56.61583,NA,31.12511,6.57835632304275,5.99595778127107
"PNG","Papua New Guinea","East Asia & Pacific","Lower middle income",2016,NA,NA,54.53124,NA,31.94479,5.48957315278187,6.6737288135593
"PNG","Papua New Guinea","East Asia & Pacific","Lower middle income",2017,NA,NA,52.93565,NA,28.42887,3.53461081750459,5.42204568023834
"PNG","Papua New Guinea","East Asia & Pacific","Lower middle income",2018,NA,NA,59.51093,NA,24.82335,-0.279252284959952,4.37448921453162
"PNG","Papua New Guinea","East Asia & Pacific","Lower middle income",2019,NA,NA,58.96091,NA,24.64322,4.48051456942582,3.92867290939597
"PNG","Papua New Guinea","East Asia & Pacific","Lower middle income",2020,NA,NA,57.68665,NA,27.04981,-3.16743204434815,4.87167398565555
"PRY","Paraguay","Latin America & Caribbean ","Upper middle income",2000,16.63985,NA,122.4219,1.322994,17.75569,-2.31414056819045,8.98215976750022
"PRY","Paraguay","Latin America & Caribbean ","Upper middle income",2001,17.21081,16.5,122.2104,2.025519,17.78658,-0.834054716746095,7.26806028584825
"PRY","Paraguay","Latin America & Caribbean ","Upper middle income",2002,14.43236,19.700001,122.0124,0.589131,15.069,-0.0214043949985694,10.5102420856612
"PRY","Paraguay","Latin America & Caribbean ","Upper middle income",2003,11.83755,20.6,86.59126,0.1404998,14.54072,4.32074548551591,14.2367970499143
"PRY","Paraguay","Latin America & Caribbean ","Upper middle income",2004,14.54432,10.8,84.9353,1.523707,14.36825,4.05741836363771,4.32326492967491
"PRY","Paraguay","Latin America & Caribbean ","Upper middle income",2005,15.60669,6.5,91.62765,2.242325,13.31524,2.13349066459601,6.80738203116377
"PRY","Paraguay","Latin America & Caribbean ","Upper middle income",2006,18.72074,3.3,95.13504,3.416995,12.1886,4.80711719268376,9.58934941129229
"PRY","Paraguay","Latin America & Caribbean ","Upper middle income",2007,17.74362,1.3,101.5027,3.627246,13.42313,5.42162287218235,8.13047417698577
"PRY","Paraguay","Latin America & Caribbean ","Upper middle income",2008,17.76411,1.1,120.5983,4.34215,13.08302,6.4962921197091,10.1547846489023
"PRY","Paraguay","Latin America & Caribbean ","Upper middle income",2009,15.15144,1.6,113.3064,3.063527,18.97449,-0.261137328080281,2.59194673430567
"PRY","Paraguay","Latin America & Caribbean ","Upper middle income",2010,16.17668,1.4394174,132.781,3.38645,19.09616,11.0952312685521,4.65116279069765
"PRY","Paraguay","Latin America & Caribbean ","Upper middle income",2011,15.35038,1.8645353,150.3548,2.956648,19.20656,4.28637120702282,8.2539682539683
"PRY","Paraguay","Latin America & Caribbean ","Upper middle income",2012,16.69643,2.2168881,155.5227,2.913934,20.26001,-0.708043112316886,3.67591897974496
"PRY","Paraguay","Latin America & Caribbean ","Upper middle income",2013,15.55966,2.1314975,156.8468,2.869818,21.88745,8.29307648940471,2.68385738718582
"PRY","Paraguay","Latin America & Caribbean ","Upper middle income",2014,15.52902,1.9904704,164.2863,2.583402,23.18281,5.30123864473624,5.02882767456766
"PRY","Paraguay","Latin America & Caribbean ","Upper middle income",2015,14.70127,2.5937945,173.9123,2.234289,24.91047,2.95715168367079,3.12900274473925
"PRY","Paraguay","Latin America & Caribbean ","Upper middle income",2016,15.5635,2.9414017,165.4823,2.22705,24.9754,4.26802583314583,4.08682280577241
"PRY","Paraguay","Latin America & Caribbean ","Upper middle income",2017,16.24234,2.8115143,149.8095,2.435121,27.02604,4.81007885554041,3.60247741348943
"PRY","Paraguay","Latin America & Caribbean ","Upper middle income",2018,16.14329,2.5120218,158.5248,2.21501,27.70163,3.20425034076639,3.97561015740694
"PRY","Paraguay","Latin America & Caribbean ","Upper middle income",2019,16.9332,2.557864,161.8267,2.411582,28.99692,-0.40185510068001,2.75709727562775
"PRY","Paraguay","Latin America & Caribbean ","Upper middle income",2020,15.72386,2.4100264,139.6064,1.690508,35.83215,-0.819785390971916,1.76751592356698
"PRY","Paraguay","Latin America & Caribbean ","Upper middle income",2021,17.13345,NA,139.2563,1.792976,36.05442,3.99461510731535,4.787983101236
"PER","Peru","Latin America & Caribbean ","Upper middle income",2000,13.93316,NA,99.41924,0.2969714,26.49555,2.69437139806912,3.75733833344474
"PER","Peru","Latin America & Caribbean ","Upper middle income",2001,14.55194,9,89.83225,0.8568433,26.10176,0.617892325624297,1.97709878502053
"PER","Peru","Latin America & Caribbean ","Upper middle income",2002,14.17688,7.5999999,87.31859,1.201994,25.42648,5.45352893818767,0.193135003853722
"PER","Peru","Latin America & Caribbean ","Upper middle income",2003,16.34736,14.8,84.80907,1.699758,23.56557,4.16502313666112,2.25937753363072
"PER","Peru","Latin America & Caribbean ","Upper middle income",2004,17.6529,9.5,82.44398,2.239582,21.72413,4.95820320611745,3.66247320092233
"PER","Peru","Latin America & Caribbean ","Upper middle income",2005,17.05526,6.3000002,80.45625,3.457513,23.69787,6.28506032509601,1.61630193862544
"PER","Peru","Latin America & Caribbean ","Upper middle income",2006,17.45936,4.0999999,75.58862,3.400808,23.14249,7.5288990440594,2.00225801248819
"PER","Peru","Latin America & Caribbean ","Upper middle income",2007,16.03728,2.7,79.81017,3.694168,26.5342,8.5183877690955,1.77998644680372
"PER","Peru","Latin America & Caribbean ","Upper middle income",2008,14.88007,2.2,84.85812,3.518661,30.27376,9.1265683014642,5.78587598206755
"PER","Peru","Latin America & Caribbean ","Upper middle income",2009,17.06632,2.7,83.56039,3.217744,30.17585,1.0958236592427,2.936231535967
"PER","Peru","Latin America & Caribbean ","Upper middle income",2010,16.31833,3.027006,80.37971,3.25634,31.31133,8.33245910749577,1.52832059732901
"PER","Peru","Latin America & Caribbean ","Upper middle income",2011,17.54601,2.8927506,89.07169,3.357308,30.28199,6.32719240161117,3.36931095333853
"PER","Peru","Latin America & Caribbean ","Upper middle income",2012,16.88897,3.2333209,89.45945,3.106501,31.54226,6.13972470560435,3.61121294940163
"PER","Peru","Latin America & Caribbean ","Upper middle income",2013,16.1249,3.5029433,88.6114,2.742901,35.65889,5.85251821084928,2.76789666082002
"PER","Peru","Latin America & Caribbean ","Upper middle income",2014,16.43689,3.953459,94.47797,2.724036,36.0992,2.38215737180541,3.41194579807465
"PER","Peru","Latin America & Caribbean ","Upper middle income",2015,16.02168,3.9254859,108.3578,2.688787,34.36677,3.25224477218451,3.39809194746308
"PER","Peru","Latin America & Caribbean ","Upper middle income",2016,17.77991,4.2923165,98.85793,2.597879,36.60683,3.95331871520767,3.55717663556279
"PER","Peru","Latin America & Caribbean ","Upper middle income",2017,18.69089,4.6950252,108.5641,2.615076,39.06675,2.51883544233135,2.99490045809443
"PER","Peru","Latin America & Caribbean ","Upper middle income",2018,19.55056,3.2710496,113.6733,2.74954,38.62561,3.969351341365,1.50915423024742
"PER","Peru","Latin America & Caribbean ","Upper middle income",2019,20.30264,3.3659945,111.0474,2.9728,40.24722,2.24063176875049,2.25212191358027
"PER","Peru","Latin America & Caribbean ","Upper middle income",2020,14.65761,4.1276086,118.1668,0.5349628,46.66879,-10.9333065010382,2.00241205759292
"PER","Peru","Latin America & Caribbean ","Upper middle income",2021,16.93897,NA,108.3095,1.767953,44.11514,13.4166456126513,4.27166381536798
"PHL","Philippines","East Asia & Pacific","Upper middle income",2000,29.45958,24,72.52813,0.0450245,49.09405,4.38250500083399,3.9771250324928
"PHL","Philippines","East Asia & Pacific","Upper middle income",2001,NA,27.700001,67.6375,NA,47.51242,3.04923134463486,5.34550195567142
"PHL","Philippines","East Asia & Pacific","Upper middle income",2002,38.57995,14.6,62.47876,NA,47.94944,3.71625500158383,2.72277227722765
"PHL","Philippines","East Asia & Pacific","Upper middle income",2003,33.05169,16.1,60.76447,1.981751,45.96351,5.08691113513073,2.28915662650607
"PHL","Philippines","East Asia & Pacific","Upper middle income",2004,21.71867,14.4,60.02346,1.812468,45.0521,6.56922851180626,4.82921083627795
"PHL","Philippines","East Asia & Pacific","Upper middle income",2005,19.98319,10,55.17232,1.84784,43.12402,4.94250511877678,6.51685393258433
"PHL","Philippines","East Asia & Pacific","Upper middle income",2006,20.83649,7.5,49.92857,1.414037,46.24509,5.31641682136939,5.4852320675105
"PHL","Philippines","East Asia & Pacific","Upper middle income",2007,20.39178,5.8000002,50.8831,1.447596,43.27505,6.51929155018938,2.90000000000003
"PHL","Philippines","East Asia & Pacific","Upper middle income",2008,16.8343,4.5999999,55.71119,0.9007076,50.03677,4.34448730509183,8.26044703595725
"PHL","Philippines","East Asia & Pacific","Upper middle income",2009,18.24859,3.5,53.47214,1.378374,52.17052,1.44832306275669,4.21903052064628
"PHL","Philippines","East Asia & Pacific","Upper middle income",2010,19.79657,3.3807434,55.32231,1.707435,51.21353,7.33449996034538,3.78983634797591
"PHL","Philippines","East Asia & Pacific","Upper middle income",2011,21.59678,2.5554577,60.85786,1.673318,50.11267,3.85823282795663,4.7184170471842
"PHL","Philippines","East Asia & Pacific","Upper middle income",2012,23.33885,2.2228948,65.005,1.877404,49.08133,6.89695171050985,3.02696391124796
"PHL","Philippines","East Asia & Pacific","Upper middle income",2013,19.7629,2.4408645,57.6507,1.786678,59.55819,6.75053130142255,2.58268766141795
"PHL","Philippines","East Asia & Pacific","Upper middle income",2014,19.79133,2.0246867,61.87344,1.539896,60.73425,6.34798748260867,3.59782343864211
"PHL","Philippines","East Asia & Pacific","Upper middle income",2015,20.69572,1.8854782,63.76429,1.37281,62.58,6.34830971672761,0.674192536845408
"PHL","Philippines","East Asia & Pacific","Upper middle income",2016,20.51461,1.7158481,65.35923,1.389013,65.58286,7.14945675000752,1.25369880080982
"PHL","Philippines","East Asia & Pacific","Upper middle income",2017,21.11479,1.5793112,68.64158,1.459685,66.43938,6.9309883258402,2.85318772590947
"PHL","Philippines","East Asia & Pacific","Upper middle income",2018,21.54946,1.6736361,73.56164,1.284969,64.657,6.34148557153473,5.30934661627707
"PHL","Philippines","East Asia & Pacific","Upper middle income",2019,22.45145,1.9742842,72.77304,1.634169,65.92215,6.11852566221303,2.39206534422404
"PHL","Philippines","East Asia & Pacific","Upper middle income",2020,22.16999,3.5319585,67.42352,1.146998,77.23312,-9.51829474045297,2.3931623931624
"PHL","Philippines","East Asia & Pacific","Upper middle income",2021,24.13341,NA,64.24193,1.433245,77.73965,5.71473313185116,3.92718022100332
"POL","Poland","Europe & Central Asia","High income",2000,8.514822,15.5,73.76793,1.871777,35.8168,4.65633252988236,9.90017538843065
"POL","Poland","Europe & Central Asia","High income",2001,7.903337,NA,69.88255,0.2749279,38.92134,1.23374464400356,5.4083354556615
"POL","Poland","Europe & Central Asia","High income",2002,6.647076,21.1,74.61229,-0.8577603,36.60146,1.90119437968586,1.90528215048054
"POL","Poland","Europe & Central Asia","High income",2003,1.756137,21.200001,76.76397,-3.215053,36.39048,3.52337117234833,0.682701375787632
"POL","Poland","Europe & Central Asia","High income",2004,10.03055,14.9,77.88933,2.611246,35.79276,5.09079546409544,3.38264681884699
"POL","Poland","Europe & Central Asia","High income",2005,9.571144,11,75.49107,2.282917,38.03833,3.26082274679216,2.18379872390251
"POL","Poland","Europe & Central Asia","High income",2006,9.302369,7.4000001,82.25473,2.481703,40.10894,6.20210710934373,1.28469394366416
"POL","Poland","Europe & Central Asia","High income",2007,8.95806,5.1999998,95.96466,2.203284,40.72193,6.7604478527626,2.4587431238539
"POL","Poland","Europe & Central Asia","High income",2008,7.882286,2.8,110.044,1.67241,44.7491,4.38377069274605,4.16497193524779
"POL","Poland","Europe & Central Asia","High income",2009,7.669761,4.3000002,102.9072,0.7326903,45.7079,2.61512859291683,3.79539242483399
"POL","Poland","Europe & Central Asia","High income",2010,8.923556,4.9124226,102.5258,1.31638,47.4953,3.16892748258036,2.58069370250548
"POL","Poland","Europe & Central Asia","High income",2011,8.706203,4.6628774,104.435,1.391264,49.2543,5.25546256612796,4.23940149625932
"POL","Poland","Europe & Central Asia","High income",2012,10.08323,5.2020398,100.8052,1.713816,49.88469,1.51178167644575,3.56037151702793
"POL","Poland","Europe & Central Asia","High income",2013,9.654583,4.9779123,98.71478,1.443754,52.0508,0.684240607051805,0.991982606332335
"POL","Poland","Europe & Central Asia","High income",2014,9.930735,4.8238192,97.43596,1.383977,53.97361,3.92050862390032,0.0538213132399802
"POL","Poland","Europe & Central Asia","High income",2015,9.74675,4.341512,96.376,1.095616,55.57806,4.43176700264478,-0.874125874125862
"POL","Poland","Europe & Central Asia","High income",2016,9.633597,4.0463587,93.30706,1.355755,58.32004,3.03117767594847,-0.664767331433962
"POL","Poland","Europe & Central Asia","High income",2017,10.03586,3.9442707,92.32576,1.354318,56.81728,5.15245773325907,2.07593553673859
"POL","Poland","Europe & Central Asia","High income",2018,9.395756,3.8535116,90.36519,1.120477,58.13364,6.2458584723942,1.81295156542689
"POL","Poland","Europe & Central Asia","High income",2019,9.372567,3.8005387,87.29882,1.182081,58.05429,4.58045817256199,2.22747880938291
"POL","Poland","Europe & Central Asia","High income",2020,8.105345,3.6990709,78.01118,0.1681715,63.79743,-2.03556882399977,3.37446972618589
"POL","Poland","Europe & Central Asia","High income",2021,7.048028,NA,74.61555,0.735548,62.21244,6.92718266052501,5.05502704719272
"PRT","Portugal","Europe & Central Asia","High income",2000,9.12691,2.2,NA,0.3607094,NA,3.81617714108242,2.85303039287156
"PRT","Portugal","Europe & Central Asia","High income",2001,8.240796,2.2,134.7474,0.5572907,85.24471,1.94367213427915,4.36990330551792
"PRT","Portugal","Europe & Central Asia","High income",2002,7.9696,2.3,148.8981,0.4105632,79.86517,0.770924781247714,3.60034658290915
"PRT","Portugal","Europe & Central Asia","High income",2003,10.18437,2.4000001,150.918,0.7346284,79.86829,-0.930521045062918,3.21899090682895
"PRT","Portugal","Europe & Central Asia","High income",2004,10.44635,2,154.3044,0.451032,78.48576,1.78873552917291,2.365362040973
"PRT","Portugal","Europe & Central Asia","High income",2005,11.76641,1.5,153.3545,0.9030214,81.30846,0.781847569123585,2.27716394887838
"PRT","Portugal","Europe & Central Asia","High income",2006,13.70734,NA,165.1214,1.0216,80.74943,1.62503532956156,3.1076654587105
"PRT","Portugal","Europe & Central Asia","High income",2007,14.70354,2.8,176.3043,1.020084,80.63345,2.50657937751231,2.45396528138746
"PRT","Portugal","Europe & Central Asia","High income",2008,11.30682,3.5999999,172.1136,0.1657064,87.97395,0.319247344434558,2.58850657657956
"PRT","Portugal","Europe & Central Asia","High income",2009,13.13809,4.8000002,190.6473,0.2539822,83.81618,-3.12207827545093,-0.835530021504157
"PRT","Portugal","Europe & Central Asia","High income",2010,11.76088,5.3067802,183.6783,0.1189189,84.67856,1.73762453640036,1.40257289895372
"PRT","Portugal","Europe & Central Asia","High income",2011,9.49471,7.4746922,181.6463,-0.4932689,85.98378,-1.71352745905065,3.6530110043073
"PRT","Portugal","Europe & Central Asia","High income",2012,10.34659,9.7440112,187.1785,-0.9551692,81.67098,-4.05090267621935,2.77333854051576
"PRT","Portugal","Europe & Central Asia","High income",2013,7.895902,10.617044,174.2578,-1.786655,82.06719,-0.984106574148328,0.274416666666663
"PRT","Portugal","Europe & Central Asia","High income",2014,9.327741,11.905709,158.6011,-4.502732,81.75743,0.741391420706506,-0.278153367467428
"PRT","Portugal","Europe & Central Asia","High income",2015,12.36677,17.475879,146.7848,-0.7663435,81.58416,1.58979803702681,0.48793862390472
"PRT","Portugal","Europe & Central Asia","High income",2016,10.70251,17.184418,129.9534,-1.185649,85.53904,2.00414129666575,0.607397074641719
"PRT","Portugal","Europe & Central Asia","High income",2017,16.44999,13.266689,118.2192,0.2386582,86.72462,3.31472008175986,1.36861411643482
"PRT","Portugal","Europe & Central Asia","High income",2018,16.8905,9.4287227,109.2154,0.5092292,88.73611,2.94628343449202,0.993715683468233
"PRT","Portugal","Europe & Central Asia","High income",2019,17.5525,6.182675,98.66707,0.5381562,91.40282,2.74568432648596,0.338178410046124
"PRT","Portugal","Europe & Central Asia","High income",2020,15.55049,4.8588402,92.96712,-0.0366632,108.7847,-8.20463159324387,-0.0124383299576209
"PRT","Portugal","Europe & Central Asia","High income",2021,16.09242,NA,85.19161,0.6034011,114.6179,5.55875672070374,1.26565719069044
"QAT","Qatar","Middle East, North Africa, Afghanistan & Pakistan","High income",2000,23.88985,NA,64.01641,1.405927,41.89416,8.02812548837973,1.65033522434232
"QAT","Qatar","Middle East, North Africa, Afghanistan & Pakistan","High income",2001,24.41618,NA,58.45245,1.827712,59.63916,3.89814748805541,1.47133434804683
"QAT","Qatar","Middle East, North Africa, Afghanistan & Pakistan","High income",2002,24.63111,NA,48.75713,2.119281,58.75834,7.18252331136711,0.239999999999952
"QAT","Qatar","Middle East, North Africa, Afghanistan & Pakistan","High income",2003,26.34837,NA,58.89769,2.331172,50.87524,3.7199194981967,2.26456504389469
"QAT","Qatar","Middle East, North Africa, Afghanistan & Pakistan","High income",2004,31.7427,NA,63.59439,2.655323,45.56818,19.2185032411244,6.79933665008279
"QAT","Qatar","Middle East, North Africa, Afghanistan & Pakistan","High income",2005,36.66051,NA,71.8783,3.947893,46.90926,7.49272803754515,8.81439532334683
"QAT","Qatar","Middle East, North Africa, Afghanistan & Pakistan","High income",2006,27.25695,NA,75.10087,3.33048,47.92824,26.17039955781,11.8358096197431
"QAT","Qatar","Middle East, North Africa, Afghanistan & Pakistan","High income",2007,27.48688,NA,80.82429,3.023098,51.43802,17.9852165615129,13.7581625759964
"QAT","Qatar","Middle East, North Africa, Afghanistan & Pakistan","High income",2008,25.52321,1.2,95.82994,2.728246,42.57495,17.6630346842674,15.0501451570333
"QAT","Qatar","Middle East, North Africa, Afghanistan & Pakistan","High income",2009,25.89667,1.7,87.93535,2.327139,58.83064,11.9575512911227,-4.86327801622565
"QAT","Qatar","Middle East, North Africa, Afghanistan & Pakistan","High income",2010,25.84643,2,78.71335,2.636898,56.78415,16.7315558489187,-2.42525675161714
"QAT","Qatar","Middle East, North Africa, Afghanistan & Pakistan","High income",2011,28.05485,1.7,80.12629,2.73311,49.60734,13.0214050496923,1.13836623529202
"QAT","Qatar","Middle East, North Africa, Afghanistan & Pakistan","High income",2012,26.31853,1.7,67.70665,2.497446,54.83095,4.62623675511804,2.31534853431661
"QAT","Qatar","Middle East, North Africa, Afghanistan & Pakistan","High income",2013,24.51735,1.9,64.7972,2.2719,61.72648,4.43070196521455,3.22197756829293
"QAT","Qatar","Middle East, North Africa, Afghanistan & Pakistan","High income",2014,23.9167,1.7,70.07263,2.190732,65.76927,4.11911527912761,3.34972085659523
"QAT","Qatar","Middle East, North Africa, Afghanistan & Pakistan","High income",2015,22.81017,1.6,81.67395,1.987155,86.6861,4.75334572438737,1.8140772393776
"QAT","Qatar","Middle East, North Africa, Afghanistan & Pakistan","High income",2016,20.25505,NA,90.65733,1.702148,87.92241,3.06419188430156,2.6765917009819
"QAT","Qatar","Middle East, North Africa, Afghanistan & Pakistan","High income",2017,20.11039,NA,79.24535,1.557105,100.9108,-1.49760470227838,0.394878914083005
"QAT","Qatar","Middle East, North Africa, Afghanistan & Pakistan","High income",2018,20.28576,NA,96.93179,1.618213,82.83118,1.23487220191065,0.255815382724408
"QAT","Qatar","Middle East, North Africa, Afghanistan & Pakistan","High income",2019,19.90375,NA,113.7933,1.591197,88.49389,0.688240954592672,-0.666641124861147
"QAT","Qatar","Middle East, North Africa, Afghanistan & Pakistan","High income",2020,18.67844,NA,124.1457,1.235085,111.4977,-3.5576039896784,-2.5403150300476
"QAT","Qatar","Middle East, North Africa, Afghanistan & Pakistan","High income",2021,18.45945,NA,134.9342,1.319923,91.15019,1.62684671918775,2.30446565742003
"ROU","Romania","Europe & Central Asia","High income",2000,18.0642,NA,36.16904,3.577957,19.69979,2.4612634592269,45.6665940440238
"ROU","Romania","Europe & Central Asia","High income",2001,18.4949,NA,44.40699,3.743776,19.48659,5.21813625673708,34.4770123493527
"ROU","Romania","Europe & Central Asia","High income",2002,15.7328,NA,48.67676,2.863802,20.72822,5.70299165043771,22.5398862605386
"ROU","Romania","Europe & Central Asia","High income",2003,13.72491,8.3000002,70.66207,1.425458,19.99975,2.34114732919521,15.2734889936255
"ROU","Romania","Europe & Central Asia","High income",2004,13.005,8.1000004,71.33749,3.249273,22.12294,10.4281130180976,11.8743635936399
"ROU","Romania","Europe & Central Asia","High income",2005,11.17471,1.4,80.35229,1.860234,24.96288,4.6681480508487,9.01491283343835
"ROU","Romania","Europe & Central Asia","High income",2006,10.1074,1.8,93.52132,1.731819,27.80692,8.02881107599163,6.55851412276983
"ROU","Romania","Europe & Central Asia","High income",2007,8.795058,2.5999999,114.3229,1.681561,29.74033,7.23380774362805,4.83732928313989
"ROU","Romania","Europe & Central Asia","High income",2008,9.626679,2.7,130.6293,2.295373,27.49359,9.30746717077338,7.85080255714482
"ROU","Romania","Europe & Central Asia","High income",2009,9.756941,7.9000001,119.7743,1.771981,30.89964,-5.51670615843011,5.58742004264393
"ROU","Romania","Europe & Central Asia","High income",2010,10.20629,11.853863,119.7578,1.001528,32.69135,-3.90581157302972,6.09141668601891
"ROU","Romania","Europe & Central Asia","High income",2011,10.13173,14.327957,121.1445,0.2782217,32.46619,4.49558909946313,5.7892532881588
"ROU","Romania","Europe & Central Asia","High income",2012,8.485225,18.237445,117.357,-1.11114,32.16506,1.90361696799603,3.33492267693442
"ROU","Romania","Europe & Central Asia","High income",2013,9.323071,21.872975,104.5328,-0.4896105,32.5163,0.278771877470234,3.9847123554813
"ROU","Romania","Europe & Central Asia","High income",2014,7.786754,13.937696,93.79823,-1.184095,33.10152,4.11600109267832,1.06830987684298
"ROU","Romania","Europe & Central Asia","High income",2015,10.88855,13.506219,88.91443,1.438508,33.66132,3.1570360543854,-0.594156437495203
"ROU","Romania","Europe & Central Asia","High income",2016,10.84487,9.6215652,82.82039,1.300003,33.96228,2.85993252302089,-1.54479666813897
"ROU","Romania","Europe & Central Asia","High income",2017,11.23704,6.4118941,79.24922,1.794239,33.40521,8.19547826641261,1.3390212110439
"ROU","Romania","Europe & Central Asia","High income",2018,11.30402,4.9565459,78.13582,1.876505,32.92649,5.39452228185675,4.62548443137779
"ROU","Romania","Europe & Central Asia","High income",2019,11.0667,4.0854798,75.1609,1.512836,32.91,3.96028958497598,3.82785432599438
"ROU","Romania","Europe & Central Asia","High income",2020,10.99972,3.8332421,68.89413,1.249976,37.6955,-3.59802546034757,2.63107311184743
"ROU","Romania","Europe & Central Asia","High income",2021,10.34337,NA,67.0829,1.631996,39.62383,5.58735072538869,5.05232876096582
"RUS","Russian Federation","Europe & Central Asia","High income",2000,12.82193,7.6999998,NA,10.46147,NA,10.0000668136515,20.7987606558704
"RUS","Russian Federation","Europe & Central Asia","High income",2001,9.660276,6.1999998,98.22432,1.645767,17.12736,5.10005122572568,21.4770072117159
"RUS","Russian Federation","Europe & Central Asia","High income",2002,10.91969,5.5999999,94.08919,2.72061,19.08868,4.69999190914258,15.7887307914463
"RUS","Russian Federation","Europe & Central Asia","High income",2003,11.169,5,101.0338,1.688532,19.56805,7.29995234528189,13.6632930228666
"RUS","Russian Federation","Europe & Central Asia","High income",2004,9.809004,3.3,111.3278,1.564564,20.33102,7.19994786954857,10.8886157326216
"RUS","Russian Federation","Europe & Central Asia","High income",2005,9.093318,2.5999999,108.5214,4.778236,22.23567,6.39996544799469,12.6853039507349
"RUS","Russian Federation","Europe & Central Asia","High income",2006,8.526892,2.4000001,114.3442,3.541798,25.19093,8.20006825456321,9.66865454789265
"RUS","Russian Federation","Europe & Central Asia","High income",2007,7.920403,2.5,120.1138,3.072836,29.28518,8.49997776916511,9.00729868861079
"RUS","Russian Federation","Europe & Central Asia","High income",2008,7.919699,3.8,140.4487,2.863348,27.54358,5.19996926404957,14.1107677840442
"RUS","Russian Federation","Europe & Central Asia","High income",2009,6.25236,9.5,117.9001,1.552136,35.73817,-7.79999391271275,11.6473295764118
"RUS","Russian Federation","Europe & Central Asia","High income",2010,7.224441,8.2343209,106.7326,0.847328,37.36572,4.49999999920672,6.84939230255025
"RUS","Russian Federation","Europe & Central Asia","High income",2011,7.385437,6.590142,110.5416,1.60116,37.71967,4.30002918604238,8.4404648593257
"RUS","Russian Federation","Europe & Central Asia","High income",2012,6.76555,6.0266464,116.1174,1.784694,37.81632,4.0240861571798,5.07474300799149
"RUS","Russian Federation","Europe & Central Asia","High income",2013,6.807406,6.0006913,116.1437,1.89448,41.34742,1.75542214916291,6.75466833903486
"RUS","Russian Federation","Europe & Central Asia","High income",2014,6.317936,6.7309646,123.0315,1.397622,44.56116,0.736267221403651,7.82016970013845
"RUS","Russian Federation","Europe & Central Asia","High income",2015,5.400071,8.3472324,106.8892,0.5653926,52.33051,-1.9727192264298,15.5343959935701
"RUS","Russian Federation","Europe & Central Asia","High income",2016,6.669628,9.444737,106.5985,1.477472,49.81369,0.193671130698817,7.04243725413707
"RUS","Russian Federation","Europe & Central Asia","High income",2017,7.379331,10.001412,104.4564,1.07016,49.85225,1.82670527549192,3.68333072334495
"RUS","Russian Federation","Europe & Central Asia","High income",2018,7.177286,10.123598,102.6543,2.202713,49.91624,2.80634082046656,2.87831382614981
"RUS","Russian Federation","Europe & Central Asia","High income",2019,7.673623,9.2891021,105.1218,2.463371,50.16679,2.19807571381982,4.47202631837903
"RUS","Russian Federation","Europe & Central Asia","High income",2020,6.899168,8.7605155,102.2596,1.711122,58.6422,-2.65365449695453,3.38219796948068
"RUS","Russian Federation","Europe & Central Asia","High income",2021,6.866006,NA,104.3566,0.2874783,53.92334,5.866491772979,6.69445891957612
"RWA","Rwanda","Sub-Saharan Africa ","Low income",2000,NA,NA,78.59193,NA,13.04186,8.37089593573039,3.89952980284712
"RWA","Rwanda","Sub-Saharan Africa ","Low income",2001,13.45623,74.099998,75.01096,NA,13.52259,8.48456034086699,3.34285506749409
"RWA","Rwanda","Sub-Saharan Africa ","Low income",2002,10.79437,57,71.27401,3.701419,14.59474,13.1920736288433,1.99258542453993
"RWA","Rwanda","Sub-Saharan Africa ","Low income",2003,11.63616,33,70.86633,4.509434,13.45135,2.2023875095978,7.44970014007366
"RWA","Rwanda","Sub-Saharan Africa ","Low income",2004,11.19524,31,72.6344,3.264566,14.56304,7.44766737037035,12.2507102894391
"RWA","Rwanda","Sub-Saharan Africa ","Low income",2005,10.17659,29,77.38924,1.86189,14.2074,9.37789916585375,9.01408918092339
"RWA","Rwanda","Sub-Saharan Africa ","Low income",2006,11.99285,25,91.20049,3.292138,12.64743,9.22707576994632,8.88282654777923
"RWA","Rwanda","Sub-Saharan Africa ","Low income",2007,14.57865,16.9,83.77258,2.230692,14.11015,7.63329819042882,9.08072205873158
"RWA","Rwanda","Sub-Saharan Africa ","Low income",2008,16.11111,12.6,103.5674,3.677221,12.74788,11.161247324054,15.4382138709255
"RWA","Rwanda","Sub-Saharan Africa ","Low income",2009,16.80611,13.1,92.11725,1.852898,11.90645,6.24825750704265,12.9443978401712
"RWA","Rwanda","Sub-Saharan Africa ","Low income",2010,19.62815,7.3323491,87.24824,3.097007,13.00011,7.33465645016436,-0.246128693436934
"RWA","Rwanda","Sub-Saharan Africa ","Low income",2011,21.64436,5.5928051,87.65536,3.090684,14.89601,7.95838869909085,3.0801706924026
"RWA","Rwanda","Sub-Saharan Africa ","Low income",2012,22.81995,5.1062103,103.5353,2.873992,15.00982,8.64150815708138,10.2710182318876
"RWA","Rwanda","Sub-Saharan Africa ","Low income",2013,17.65331,5.9327651,102.0113,0.8217863,15.71323,4.71984856950924,5.92426867984854
"RWA","Rwanda","Sub-Saharan Africa ","Low income",2014,18.74671,5.2237264,103.0253,2.064922,16.87862,5.66845354233575,2.35449052820358
"RWA","Rwanda","Sub-Saharan Africa ","Low income",2015,20.39169,5.9061271,112.248,2.650493,18.47152,8.87036752872743,2.52850284192421
"RWA","Rwanda","Sub-Saharan Africa ","Low income",2016,20.22506,7.6168375,111.8415,2.336445,18.13945,5.65874584202778,7.17434301982009
"RWA","Rwanda","Sub-Saharan Africa ","Low income",2017,18.42664,7.2249359,116.0548,1.796109,17.60125,4.70393439751061,8.27953672260832
"RWA","Rwanda","Sub-Saharan Africa ","Low income",2018,22.24675,5.8113029,108.8573,2.932682,19.5,8.07084254621641,-0.311210160390699
"RWA","Rwanda","Sub-Saharan Africa ","Low income",2019,23.55324,4.3815274,107.2499,4.258003,19.87505,9.28613387454543,3.34787655037648
"RWA","Rwanda","Sub-Saharan Africa ","Low income",2020,21.75867,4.3728554,105.3181,3.55724,23.63611,-2.77710485515125,9.85039902274207
"RWA","Rwanda","Sub-Saharan Africa ","Low income",2021,21.42436,NA,101.9962,3.893489,24.75055,8.41140448646523,-0.391346748300791
"WSM","Samoa","East Asia & Pacific","Upper middle income",2000,NA,NA,88.55052,NA,31.75421,5.09304469244418,0.966782350024729
"WSM","Samoa","East Asia & Pacific","Upper middle income",2001,NA,NA,95.23862,NA,30.42377,7.39012906172989,3.83828463867725
"WSM","Samoa","East Asia & Pacific","Upper middle income",2002,NA,NA,95.39595,NA,31.32129,5.65195919890348,8.0503144654087
"WSM","Samoa","East Asia & Pacific","Upper middle income",2003,NA,NA,90.14658,NA,33.21392,5.21262892634149,0.115830115830107
"WSM","Samoa","East Asia & Pacific","Upper middle income",2004,NA,NA,93.84583,NA,32.57452,3.0872602379675,16.3131507905901
"WSM","Samoa","East Asia & Pacific","Upper middle income",2005,NA,NA,100.7899,NA,33.70101,6.63920361300734,1.85676392572949
"WSM","Samoa","East Asia & Pacific","Upper middle income",2006,NA,NA,107.7695,5.860273,35.85838,2.13212714677351,3.70008680555553
"WSM","Samoa","East Asia & Pacific","Upper middle income",2007,NA,10.8,101.2387,NA,32.11004,0.485982550017255,5.57706393219629
"WSM","Samoa","East Asia & Pacific","Upper middle income",2008,NA,8.8000002,103.3626,NA,33.29485,3.55610467395,11.565906838454
"WSM","Samoa","East Asia & Pacific","Upper middle income",2009,NA,9.6999998,95.15189,NA,38.71093,-0.541677601834593,6.32495336235228
"WSM","Samoa","East Asia & Pacific","Upper middle income",2010,NA,4.7,93.26685,NA,40.83054,6.1247199226125,0.777007268777692
"WSM","Samoa","East Asia & Pacific","Upper middle income",2011,NA,4.8,107.8368,NA,36.86506,3.84907794660396,5.23541591478434
"WSM","Samoa","East Asia & Pacific","Upper middle income",2012,NA,5.2,111.8584,NA,36.86167,-3.73213020890266,2.0490188352116
"WSM","Samoa","East Asia & Pacific","Upper middle income",2013,NA,5.8,105.8804,NA,38.73689,0.107293276488932,0.61008572090503
"WSM","Samoa","East Asia & Pacific","Upper middle income",2014,NA,6.9,104.2413,NA,41.8046,0.659923768782861,-0.40681608842489
"WSM","Samoa","East Asia & Pacific","Upper middle income",2015,NA,5.3,104.043,NA,40.27232,3.8503618166494,0.724470134874729
"WSM","Samoa","East Asia & Pacific","Upper middle income",2016,NA,3.724058,113.3782,NA,41.25375,7.9838628784713,1.30471869303179
"WSM","Samoa","East Asia & Pacific","Upper middle income",2017,NA,5.28,101.3474,NA,47.6862,1.40628239971301,1.74989677484705
"WSM","Samoa","East Asia & Pacific","Upper middle income",2018,NA,3.6041615,98.6543,NA,50.22976,-0.609647103380141,4.19745888663752
"WSM","Samoa","East Asia & Pacific","Upper middle income",2019,NA,3.9524876,100.8885,NA,50.55165,4.45185891688691,0.982326569888117
"WSM","Samoa","East Asia & Pacific","Upper middle income",2020,NA,2.9047599,97.8857,NA,57.58814,-3.10864485863991,-1.56891247740895
"WSM","Samoa","East Asia & Pacific","Upper middle income",2021,NA,NA,97.81008,NA,59.17543,-5.04350589708287,3.13320473174494
"SMR","San Marino","Europe & Central Asia","High income",2004,12.40334,NA,39.67048,NA,152.2239,4.5488441461596,1.43083868527343
"SMR","San Marino","Europe & Central Asia","High income",2005,11.32164,NA,41.49189,1.042165,147.7575,2.42510699001426,1.68548890528347
"SMR","San Marino","Europe & Central Asia","High income",2006,11.14325,NA,73.4668,1.114361,132.9018,3.83008356545962,2.09525935611432
"SMR","San Marino","Europe & Central Asia","High income",2007,12.03913,NA,74.90311,1.192068,117.1631,7.10932260228034,2.49894575725803
"SMR","San Marino","Europe & Central Asia","High income",2008,10.26313,NA,88.85787,1.08349,110.4904,-0.500939261114581,4.29320249287704
"SMR","San Marino","Europe & Central Asia","High income",2009,13.31269,NA,91.95659,1.102488,114.5551,-10.3209565764632,2.19959237046011
"SMR","San Marino","Europe & Central Asia","High income",2010,10.91494,NA,100.0741,-1.556122,104.3794,-5.47368421052632,2.58541815582587
"SMR","San Marino","Europe & Central Asia","High income",2011,12.08994,NA,108.3466,-0.5306088,96.13476,-8.3147735708983,2.89979584300123
"SMR","San Marino","Europe & Central Asia","High income",2012,8.635167,NA,105.9967,-1.63333,101.2741,-7.04453441295546,2.8273322422258
"SMR","San Marino","Europe & Central Asia","High income",2013,8.504087,NA,104.06,-0.1129699,104.9245,-0.78397212543554,1.60439298078082
"SMR","San Marino","Europe & Central Asia","High income",2014,NA,NA,104.4419,NA,113.9441,-0.702370500438988,1.11296303373851
"SMR","San Marino","Europe & Central Asia","High income",2015,9.490186,NA,109.5459,NA,110.2838,2.29150309460655,0.145686073241066
"SMR","San Marino","Europe & Central Asia","High income",2016,9.715286,NA,101.3332,-0.1241769,109.094,2.34441211810459,0.644075340346552
"SMR","San Marino","Europe & Central Asia","High income",2017,11.20281,NA,105.25,0.3560259,104.1676,0.258259899709444,1.01413313194508
"SMR","San Marino","Europe & Central Asia","High income",2018,NA,NA,96.70627,NA,101.8186,1.49390399796074,1.16333522293158
"SMR","San Marino","Europe & Central Asia","High income",2019,NA,NA,92.04726,NA,104.8206,2.06569082920953,0.472651967352852
"SMR","San Marino","Europe & Central Asia","High income",2020,NA,NA,81.77957,NA,120.0022,-6.64791226034481,-0.133368898372915
"SAU","Saudi Arabia","Middle East, North Africa, Afghanistan & Pakistan","High income",2000,14.78122,10.4,150.1757,1.856498,16.13818,4.71813422138024,-1.12499838517645
"SAU","Saudi Arabia","Middle East, North Africa, Afghanistan & Pakistan","High income",2001,15.86522,10.1,143.399,2.119765,18.89168,0.344593196175438,-1.12094804896791
"SAU","Saudi Arabia","Middle East, North Africa, Afghanistan & Pakistan","High income",2002,16.26934,8.8000002,136.9965,2.201871,21.1307,-0.688390130317757,0.247186492339686
"SAU","Saudi Arabia","Middle East, North Africa, Afghanistan & Pakistan","High income",2003,16.81513,5.4000001,136.1835,2.295881,20.73179,8.76873381743964,0.612195358172966
"SAU","Saudi Arabia","Middle East, North Africa, Afghanistan & Pakistan","High income",2004,17.04707,2.8,154.032,2.720697,21.00489,8.63100545880309,0.5155078977673
"SAU","Saudi Arabia","Middle East, North Africa, Afghanistan & Pakistan","High income",2005,20.27435,1.9,197.8927,3.549048,17.89806,5.94489623934835,0.479231671630955
"SAU","Saudi Arabia","Middle East, North Africa, Afghanistan & Pakistan","High income",2006,21.31219,2,195.3953,3.95236,17.2597,3.31348473625901,2.20902314069647
"SAU","Saudi Arabia","Middle East, North Africa, Afghanistan & Pakistan","High income",2007,19.01566,2.0999999,185.2667,2.916721,20.00981,2.21365396372528,4.16782358431579
"SAU","Saudi Arabia","Middle East, North Africa, Afghanistan & Pakistan","High income",2008,17.60366,1.4,214.1478,1.985485,17.59732,6.2379875365458,9.87024816760266
"SAU","Saudi Arabia","Middle East, North Africa, Afghanistan & Pakistan","High income",2009,18.55674,3.3,169.382,1.793749,26.93895,-1.06671711240203,5.0572227614833
"SAU","Saudi Arabia","Middle East, North Africa, Afghanistan & Pakistan","High income",2010,19.66166,2.9681847,146.2603,1.80772,26.77703,5.0395150823517,5.33941733020905
"SAU","Saudi Arabia","Middle East, North Africa, Afghanistan & Pakistan","High income",2011,20.33305,2.2241199,133.8043,2.029068,25.48549,11.758820686671,5.8262163739404
"SAU","Saudi Arabia","Middle East, North Africa, Afghanistan & Pakistan","High income",2012,20.28142,1.6697937,132.9527,2.020993,27.33245,5.76157382270968,2.86627029905053
"SAU","Saudi Arabia","Middle East, North Africa, Afghanistan & Pakistan","High income",2013,20.13049,1.3068388,131.2994,2.03412,30.63141,2.94563789152025,3.51104209799866
"SAU","Saudi Arabia","Middle East, North Africa, Afghanistan & Pakistan","High income",2014,20.10879,1.0803381,126.9252,2.115638,34.89481,4.02467158380668,2.24185348779063
"SAU","Saudi Arabia","Middle East, North Africa, Afghanistan & Pakistan","High income",2015,20.9861,1.2369869,140.4283,2.072059,39.81891,4.65512316652699,1.22269318552328
"SAU","Saudi Arabia","Middle East, North Africa, Afghanistan & Pakistan","High income",2016,21.9313,1.383359,144.0163,1.847714,40.35257,1.70404739202878,2.05347076823965
"SAU","Saudi Arabia","Middle East, North Africa, Afghanistan & Pakistan","High income",2017,23.45901,1.6136491,139.3031,1.985981,38.74525,1.18210705878283,-0.834845735027162
"SAU","Saudi Arabia","Middle East, North Africa, Afghanistan & Pakistan","High income",2018,22.69943,1.9523179,NA,2.183665,NA,3.2269508901591,2.46594308994843
"SAU","Saudi Arabia","Middle East, North Africa, Afghanistan & Pakistan","High income",2019,23.47289,1.8583904,NA,2.053569,NA,1.65158925617395,-1.19298644533328
"SAU","Saudi Arabia","Middle East, North Africa, Afghanistan & Pakistan","High income",2020,21.82094,2.1829055,NA,1.343502,NA,-3.80478901996312,3.37234961012303
"SAU","Saudi Arabia","Middle East, North Africa, Afghanistan & Pakistan","High income",2021,24.37054,NA,NA,1.689419,NA,6.51959698325419,3.06328988941548
"SEN","Senegal","Sub-Saharan Africa ","Lower middle income",2000,14.39449,18.1,101.0692,2.315742,14.35381,3.88721095816793,0.731981981981597
"SEN","Senegal","Sub-Saharan Africa ","Lower middle income",2001,14.93106,17.799999,95.97423,2.348436,14.24837,4.31085146618369,2.97450083919566
"SEN","Senegal","Sub-Saharan Africa ","Lower middle income",2002,15.0049,18.5,88.29114,2.748963,15.8926,0.0686965747419066,2.33730187454299
"SEN","Senegal","Sub-Saharan Africa ","Lower middle income",2003,14.74921,13.3,84.20015,2.950066,18.26589,5.59395094456143,-0.0519970242714495
"SEN","Senegal","Sub-Saharan Africa ","Lower middle income",2004,14.41951,12.6,78.64922,2.840348,20.43123,4.64329393683312,0.514781781023016
"SEN","Senegal","Sub-Saharan Africa ","Lower middle income",2005,14.75033,11.9,91.27079,2.483478,20.08323,4.31023852639633,1.71133325855502
"SEN","Senegal","Sub-Saharan Africa ","Lower middle income",2006,14.96881,16.799999,86.55933,2.67571,20.91139,2.33077098330239,2.11228583877117
"SEN","Senegal","Sub-Saharan Africa ","Lower middle income",2007,14.2821,18.6,83.71924,1.936517,21.84554,2.82711920133374,5.85330428467681
"SEN","Senegal","Sub-Saharan Africa ","Lower middle income",2008,15.3983,17.4,94.57041,1.735804,20.17979,3.70316906391386,7.34720236578406
"SEN","Senegal","Sub-Saharan Africa ","Lower middle income",2009,18.36465,18.700001,86.33007,2.775721,22.70483,2.75210448455053,-2.2480214785534
"SEN","Senegal","Sub-Saharan Africa ","Lower middle income",2010,17.7976,20.2383,83.12641,2.136838,24.71463,3.39088925336209,1.22868119673344
"SEN","Senegal","Sub-Saharan Africa ","Lower middle income",2011,16.5556,16.200001,92.25888,1.844846,25.17761,1.33409107961258,3.40322829786971
"SEN","Senegal","Sub-Saharan Africa ","Lower middle income",2012,15.82616,18.389999,93.05147,1.493291,25.51473,4.00299555090457,1.41822871177854
"SEN","Senegal","Sub-Saharan Africa ","Lower middle income",2013,16.22482,19.1,96.60806,1.761437,26.72422,2.41238527605579,0.710245486695176
"SEN","Senegal","Sub-Saharan Africa ","Lower middle income",2014,11.45501,20.799999,91.89613,-0.0519497,28.52213,6.22407443790986,-1.09025507446895
"SEN","Senegal","Sub-Saharan Africa ","Lower middle income",2015,12.98558,18.799999,87.65439,0.7016658,29.63164,6.36704365066983,0.135211933635165
"SEN","Senegal","Sub-Saharan Africa ","Lower middle income",2016,13.84004,NA,95.34614,1.258524,29.10798,6.35606857208136,0.837284942557434
"SEN","Senegal","Sub-Saharan Africa ","Lower middle income",2017,14.24647,NA,101.1528,1.944157,29.28517,7.40748618589598,1.31815314847789
"SEN","Senegal","Sub-Saharan Africa ","Lower middle income",2018,14.17325,NA,93.24923,1.674491,31.64952,6.20924103388887,0.460985642464188
"SEN","Senegal","Sub-Saharan Africa ","Lower middle income",2019,15.72905,NA,92.21908,1.994426,32.104,4.6136280976221,1.76011151192939
"SEN","Senegal","Sub-Saharan Africa ","Lower middle income",2020,15.87033,NA,85.06997,1.072107,34.25212,1.34207377285524,2.54314685681662
"SEN","Senegal","Sub-Saharan Africa ","Lower middle income",2021,NA,NA,82.59658,NA,34.92543,6.5440010991951,2.18032278088147
"SYC","Seychelles","Sub-Saharan Africa ","High income",2000,NA,NA,19.64924,NA,84.24956,4.25319834931828,6.26876876876878
"SYC","Seychelles","Sub-Saharan Africa ","High income",2001,NA,NA,20.35877,NA,88.44646,-2.27116288552982,5.96962204168156
"SYC","Seychelles","Sub-Saharan Africa ","High income",2002,NA,NA,21.50322,NA,94.26296,1.21283290259314,0.174999999999924
"SYC","Seychelles","Sub-Saharan Africa ","High income",2003,NA,NA,26.05787,NA,100.071,-5.88712848764477,3.30255386407089
"SYC","Seychelles","Sub-Saharan Africa ","High income",2004,NA,NA,29.66072,NA,85.07276,-2.8504539768538,3.85730391367399
"SYC","Seychelles","Sub-Saharan Africa ","High income",2005,NA,NA,30.80552,NA,80.46818,9.0057617374238,0.907187718073944
"SYC","Seychelles","Sub-Saharan Africa ","High income",2006,NA,4.4000001,29.9579,NA,75.99327,9.40612855732827,-0.353465498693756
"SYC","Seychelles","Sub-Saharan Africa ","High income",2007,NA,2.3,41.49903,NA,59.75048,8.87606645570879,5.32060027285142
"SYC","Seychelles","Sub-Saharan Africa ","High income",2008,NA,2,49.85957,NA,60.13996,-2.72594626154864,36.9647582875289
"SYC","Seychelles","Sub-Saharan Africa ","High income",2009,NA,3.8,39.23682,NA,51.16314,-2.47937594726137,31.7544407744178
"SYC","Seychelles","Sub-Saharan Africa ","High income",2010,15.39346,5.4660637,42.73899,NA,57.19847,4.50513204312067,-2.40463875108227
"SYC","Seychelles","Sub-Saharan Africa ","High income",2011,15.82073,8.1227793,42.10329,4.445877,55.29537,9.5097833517957,2.55926772230953
"SYC","Seychelles","Sub-Saharan Africa ","High income",2012,16.37605,9.0088717,45.86314,4.061686,46.76862,3.1106784939243,7.11037062326403
"SYC","Seychelles","Sub-Saharan Africa ","High income",2013,13.62648,9.2214767,39.75175,3.211538,53.59742,1.25373496242949,4.33893848329099
"SYC","Seychelles","Sub-Saharan Africa ","High income",2014,NA,7.98988,39.32658,NA,63.97478,4.0636918123521,1.38583454581263
"SYC","Seychelles","Sub-Saharan Africa ","High income",2015,16.14088,7.5875243,41.31228,4.352823,61.28966,8.9140088750469,4.04194410725617
"SYC","Seychelles","Sub-Saharan Africa ","High income",2016,15.66881,6.7521847,40.58073,4.233529,66.4664,12.1175272453913,-1.01548191697626
"SYC","Seychelles","Sub-Saharan Africa ","High income",2017,15.03939,8.122551,40.83375,3.47244,70.81847,6.95416218794271,2.85679575568437
"SYC","Seychelles","Sub-Saharan Africa ","High income",2018,14.33822,4.4310361,42.31364,3.439552,74.02756,4.93947272254312,3.70291839111568
"SYC","Seychelles","Sub-Saharan Africa ","High income",2019,13.49258,3.4904045,45.13959,2.853671,82.14394,5.5142920737342,1.80709400809982
"SYC","Seychelles","Sub-Saharan Africa ","High income",2020,10.41336,3.265799,41.73017,0.5367852,118.3747,-11.7398608281732,1.20266463987123
"SYC","Seychelles","Sub-Saharan Africa ","High income",2021,NA,NA,34.67099,NA,112.5052,0.552281631207279,9.76909936973542
"SLE","Sierra Leone","Sub-Saharan Africa ","Low income",2000,9.566015,37.900002,22.32099,18.74479,9.104687,6.65273028404766,NA
"SLE","Sierra Leone","Sub-Saharan Africa ","Low income",2001,8.203199,NA,19.92178,11.15061,7.642139,-6.34545563328469,NA
"SLE","Sierra Leone","Sub-Saharan Africa ","Low income",2002,7.864415,11,23.44563,10.62207,8.196959,26.5241350674409,NA
"SLE","Sierra Leone","Sub-Saharan Africa ","Low income",2003,7.747105,7.4000001,35.68196,9.92669,7.873048,9.48363126885343,NA
"SLE","Sierra Leone","Sub-Saharan Africa ","Low income",2004,6.878253,16.5,40.2221,10.57502,8.473548,6.47884588417347,NA
"SLE","Sierra Leone","Sub-Saharan Africa ","Low income",2005,6.946165,26.799999,32.61402,7.510832,9.904053,4.3534998069981,NA
"SLE","Sierra Leone","Sub-Saharan Africa ","Low income",2006,6.430386,26.9,32.01957,5.261104,10.42659,4.28311062264335,NA
"SLE","Sierra Leone","Sub-Saharan Africa ","Low income",2007,5.640816,25.6,35.20686,1.11961,11.49651,3.74975804751641,11.6499744518106
"SLE","Sierra Leone","Sub-Saharan Africa ","Low income",2008,5.478985,17.9,42.73384,1.352531,12.7317,3.68605969932123,8.21112432289608
"SLE","Sierra Leone","Sub-Saharan Africa ","Low income",2009,4.718742,10.6,48.1051,1.010594,14.86448,1.53080323958716,7.46901898540982
"SLE","Sierra Leone","Sub-Saharan Africa ","Low income",2010,5.019616,15.61,47.76306,3.436295,15.99553,6.35566595800495,7.18566275668163
"SLE","Sierra Leone","Sub-Saharan Africa ","Low income",2011,4.752051,15.08,46.96915,3.655703,15.90266,8.10065518714917,6.79138291952621
"SLE","Sierra Leone","Sub-Saharan Africa ","Low income",2012,5.187551,14.74,40.01231,3.53079,15.35821,10.578331663387,6.58776239392585
"SLE","Sierra Leone","Sub-Saharan Africa ","Low income",2013,2.794639,22.42,34.06775,0.0821522,13.83931,14.6633238075229,5.52412877994266
"SLE","Sierra Leone","Sub-Saharan Africa ","Low income",2014,4.296255,33.439999,30.25475,2.260487,16.00868,-7.81501512457241,4.63931171409667
"SLE","Sierra Leone","Sub-Saharan Africa ","Low income",2015,3.957631,31.73,28.14066,3.217592,18.53644,-4.36333262093788,6.68943562498681
"SLE","Sierra Leone","Sub-Saharan Africa ","Low income",2016,2.730522,NA,27.33238,2.194194,19.89653,6.43743652764257,10.8860609413903
"SLE","Sierra Leone","Sub-Saharan Africa ","Low income",2017,4.344736,NA,27.60905,5.563822,18.07655,3.20786087715987,18.2215094003386
"SLE","Sierra Leone","Sub-Saharan Africa ","Low income",2018,4.798911,NA,31.62324,4.857611,17.61351,2.8938564123677,16.0295447693699
"SLE","Sierra Leone","Sub-Saharan Africa ","Low income",2019,6.342023,NA,34.49783,6.700215,17.40051,5.50270937378153,14.8049990906021
"SLE","Sierra Leone","Sub-Saharan Africa ","Low income",2020,NA,NA,26.21218,NA,21.58981,-1.2533490322766,13.4468711101052
"SLE","Sierra Leone","Sub-Saharan Africa ","Low income",2021,NA,NA,28.83796,NA,23.66052,5.8968527047094,11.8739588840234
"SGP","Singapore","East Asia & Pacific","High income",2000,33.07765,3.4000001,99.67045,1.496478,96.36362,9.03831632555163,1.36162392448456
"SGP","Singapore","East Asia & Pacific","High income",2001,16.84131,8,109.4693,0.6395913,105.0688,-1.07086275100448,0.997197956155943
"SGP","Singapore","East Asia & Pacific","High income",2002,9.248308,7.6999998,100.655,1.101344,101.3579,3.92336076702013,-0.391676866585049
"SGP","Singapore","East Asia & Pacific","High income",2003,20.99594,6.6999998,97.94659,0.3712229,106.9787,4.54825542643229,0.507905300237551
"SGP","Singapore","East Asia & Pacific","High income",2004,35.13112,5,96.29768,2.507936,99.40904,9.93998268434957,1.66272719863072
"SGP","Singapore","East Asia & Pacific","High income",2005,38.18454,3.8,92.48829,1.850919,96.46959,7.36632239250758,0.425106276569107
"SGP","Singapore","East Asia & Pacific","High income",2006,35.34369,2.8,80.55973,1.782531,104.6265,9.00676607871758,0.965657519018511
"SGP","Singapore","East Asia & Pacific","High income",2007,32.43557,1.5,82.86234,1.485013,103.0041,9.02151951268893,2.10980166714574
"SGP","Singapore","East Asia & Pacific","High income",2008,32.21789,1.4,85.26715,1.441241,114.7736,1.86348345462035,6.63544058395309
"SGP","Singapore","East Asia & Pacific","High income",2009,35.48017,2,77.93083,1.191884,124.2912,0.127953382778088,0.589142019610516
"SGP","Singapore","East Asia & Pacific","High income",2010,36.93113,1.4063543,81.45232,1.452676,116.4588,14.5197497108994,2.82884527612958
"SGP","Singapore","East Asia & Pacific","High income",2011,33.22896,1.0604556,87.87272,1.191618,119.1537,6.21493416858989,5.25115624639373
"SGP","Singapore","East Asia & Pacific","High income",2012,35.28123,1.0426281,92.78046,1.431416,121.7642,4.43549759378537,4.58084479423094
"SGP","Singapore","East Asia & Pacific","High income",2013,29.91776,0.86694161,102.2344,1.211522,121.3545,4.81763099120676,2.36439793742726
"SGP","Singapore","East Asia & Pacific","High income",2014,30.30799,0.75653286,106.2894,1.104622,120.548,3.93554027709007,1.03316955857629
"SGP","Singapore","East Asia & Pacific","High income",2015,31.09669,0.92406291,106.6203,1.09713,114.8199,2.97679931634806,-0.521975611895763
"SGP","Singapore","East Asia & Pacific","High income",2016,31.47979,1.2225331,104.1535,1.028041,118.8911,3.91095306322606,-0.529809760375464
"SGP","Singapore","East Asia & Pacific","High income",2017,30.39888,1.4002009,106.6472,1.083235,113.417,4.32679370770501,0.576763191179996
"SGP","Singapore","East Asia & Pacific","High income",2018,30.09148,1.3095179,107.4157,1.231242,109.9155,3.18660848474074,0.438784215129623
"SGP","Singapore","East Asia & Pacific","High income",2019,30.40521,1.3064222,105.0424,1.258562,114.2686,1.15877947300108,0.567829988405447
"SGP","Singapore","East Asia & Pacific","High income",2020,28.14932,NA,94.00211,0.7793937,141.1438,-3.61084281729929,-0.172111865925382
"SGP","Singapore","East Asia & Pacific","High income",2021,28.62815,NA,NA,1.011586,NA,10.1410845197192,2.31610315765146
"SVK","Slovak Republic","Europe & Central Asia","High income",2000,22.12504,13.7,89.76377,-0.0196797,55.9695,0.78922447792516,12.0357805974299
"SVK","Slovak Republic","Europe & Central Asia","High income",2001,11.48607,12.3,64.19086,-0.1043072,57.12802,2.92516077248489,7.32962019115532
"SVK","Slovak Republic","Europe & Central Asia","High income",2002,18.1206,7.9000001,70.75642,0.834983,54.68303,4.41725348271514,3.12714222984609
"SVK","Slovak Republic","Europe & Central Asia","High income",2003,19.85779,3.7,56.22308,0.8506033,53.94509,4.85669851591319,8.55414305406653
"SVK","Slovak Republic","Europe & Central Asia","High income",2004,16.85025,2.5999999,56.59176,0.6084674,51.60731,5.38949856996771,7.54850088183423
"SVK","Slovak Republic","Europe & Central Asia","High income",2005,11.36687,5,71.50401,0.8910167,47.94576,6.48493222274386,2.70908494588383
"SVK","Slovak Republic","Europe & Central Asia","High income",2006,12.69812,3.2,72.0346,0.7840589,46.83017,8.92568704770216,4.48333120449615
"SVK","Slovak Republic","Europe & Central Asia","High income",2007,18.69591,2.5,78.93279,1.31335,47.32447,10.8186295074904,2.75672371638135
"SVK","Slovak Republic","Europe & Central Asia","High income",2008,22.98237,2.5,81.03162,0.4608318,50.17479,5.36337721231949,4.59817976325028
"SVK","Slovak Republic","Europe & Central Asia","High income",2009,19.02479,5.3000002,91.91548,-0.0632572,48.81557,-5.50533790972226,1.61510464058236
"SVK","Slovak Republic","Europe & Central Asia","High income",2010,20.42406,5.8363142,96.04597,0.850865,46.30453,6.79058159142423,0.957018132975174
"SVK","Slovak Republic","Europe & Central Asia","High income",2011,22.58274,5.6128703,103.984,0.2550948,44.31807,2.56242473215553,3.91928599146291
"SVK","Slovak Republic","Europe & Central Asia","High income",2012,26.04955,5.2225106,99.43919,1.218792,46.63143,1.56917104702706,3.6061026352289
"SVK","Slovak Republic","Europe & Central Asia","High income",2013,25.41874,5.1393756,98.24396,1.293345,48.79726,0.703323545247201,1.40047368963025
"SVK","Slovak Republic","Europe & Central Asia","High income",2014,25.37936,5.3468933,101.581,1.166104,49.01508,2.70795151449488,-0.0761653295419871
"SVK","Slovak Republic","Europe & Central Asia","High income",2015,25.17801,4.8708718,101.6895,1.348747,51.76406,5.17687909722133,-0.325219777427765
"SVK","Slovak Republic","Europe & Central Asia","High income",2016,24.57373,4.4436613,106.2122,1.610402,53.74394,1.94781841524558,-0.520010196278358
"SVK","Slovak Republic","Europe & Central Asia","High income",2017,23.39309,3.701005,109.4579,1.276792,55.02759,2.87473327453695,1.31194588223247
"SVK","Slovak Republic","Europe & Central Asia","High income",2018,22.45472,3.0775617,112.0951,1.149888,55.32589,4.06211981896483,2.51403712883803
"SVK","Slovak Republic","Europe & Central Asia","High income",2019,21.82637,2.8711831,109.3801,1.045277,57.38645,2.27589910019393,2.6645613342544
"SVK","Slovak Republic","Europe & Central Asia","High income",2020,21.19142,2.5300127,107.3086,0.7383872,62.62526,-2.58551241733207,1.93694126694223
"SVK","Slovak Republic","Europe & Central Asia","High income",2021,18.92566,NA,108.9573,0.8944933,62.70656,5.6558588065555,3.1496062992126
"SVN","Slovenia","Europe & Central Asia","High income",2000,3.912941,6.5,79.97045,1.500528,44.01591,3.49791942086068,8.91174418658757
"SVN","Slovenia","Europe & Central Asia","High income",2001,3.628003,NA,72.57699,0.746388,51.31235,2.82868479430465,8.37966587492208
"SVN","Slovenia","Europe & Central Asia","High income",2002,3.600383,3.9000001,73.02354,1.350048,52.13235,3.28258371393918,7.48077770703761
"SVN","Slovenia","Europe & Central Asia","High income",2003,4.520824,3.7,79.88703,1.416877,50.82677,3.19503117236037,5.54416421752897
"SVN","Slovenia","Europe & Central Asia","High income",2004,4.082457,3,96.43752,1.840326,46.25743,4.54602214352336,3.5929759424951
"SVN","Slovenia","Europe & Central Asia","High income",2005,3.622822,2.5,110.4283,1.197871,47.34724,3.8541277114569,2.45150132316477
"SVN","Slovenia","Europe & Central Asia","High income",2006,3.52584,NA,124.3309,1.352708,48.26414,5.90878130011174,2.45792444195863
"SVN","Slovenia","Europe & Central Asia","High income",2007,3.529753,NA,146.2043,1.45054,48.60236,7.1392312914716,3.657495632841
"SVN","Slovenia","Europe & Central Asia","High income",2008,3.498496,4.1999998,159.7465,0.7262313,47.82625,3.37223866114127,5.64742380573939
"SVN","Slovenia","Europe & Central Asia","High income",2009,3.266948,5.8000002,165.0933,0.3735445,50.31721,-7.59058614046387,0.839262246793805
"SVN","Slovenia","Europe & Central Asia","High income",2010,3.073049,8.2141839,163.9468,-0.2631376,51.87841,1.11213719306735,1.80117022137138
"SVN","Slovenia","Europe & Central Asia","High income",2011,2.739588,11.814021,156.9047,-1.301926,52.16073,0.655438128379743,1.8028517194191
"SVN","Slovenia","Europe & Central Asia","High income",2012,2.405031,15.180077,151.0309,-2.145162,52.4844,-2.91553782040462,2.59741386039003
"SVN","Slovenia","Europe & Central Asia","High income",2013,-0.3259739,13.311325,126.1544,-9.984526,51.79467,-0.823776417691676,1.76920085881897
"SVN","Slovenia","Europe & Central Asia","High income",2014,4.522314,11.731928,101.426,-0.25193,53.73009,2.76283327639742,0.199343826570844
"SVN","Slovenia","Europe & Central Asia","High income",2015,5.031046,9.9621152,91.13252,0.4819306,54.73512,2.39330621338168,-0.525552285820783
"SVN","Slovenia","Europe & Central Asia","High income",2016,5.40246,5.0713769,82.38265,1.063933,56.61009,3.03441486663654,-0.0549995416705683
"SVN","Slovenia","Europe & Central Asia","High income",2017,5.510128,3.2036345,79.48016,1.431911,56.69038,5.17440215579958,1.42910743319306
"SVN","Slovenia","Europe & Central Asia","High income",2018,5.371148,6.0092175,75.89788,1.515039,57.06962,4.37908347331195,1.7386086198818
"SVN","Slovenia","Europe & Central Asia","High income",2019,5.114887,3.3647727,73.3947,1.482869,57.83945,3.50525332381912,1.63052260754335
"SVN","Slovenia","Europe & Central Asia","High income",2020,4.711134,3.017635,64.9587,1.388977,66.75753,-4.08500094942896,-0.05485681576061
"SVN","Slovenia","Europe & Central Asia","High income",2021,4.485082,NA,62.96204,1.231269,65.23056,8.41686457725321,1.91706506089269
"SLB","Solomon Islands","East Asia & Pacific","Lower middle income",2000,NA,NA,53.83293,NA,18.45835,-14.2769995149354,7.88956186986721
"SLB","Solomon Islands","East Asia & Pacific","Lower middle income",2001,NA,NA,50.61823,NA,15.7869,-7.95660550454917,6.92583732057426
"SLB","Solomon Islands","East Asia & Pacific","Lower middle income",2002,NA,NA,53.55621,NA,15.336,-2.7999838935951,10.9296341872692
"SLB","Solomon Islands","East Asia & Pacific","Lower middle income",2003,NA,NA,52.76413,NA,14.23845,6.52346760921694,8.26946349334406
"SLB","Solomon Islands","East Asia & Pacific","Lower middle income",2004,NA,NA,49.10593,NA,14.99423,7.68364102152745,6.98584202682567
"SLB","Solomon Islands","East Asia & Pacific","Lower middle income",2005,NA,NA,55.64254,NA,17.74646,7.35907917681935,7.33066341633299
"SLB","Solomon Islands","East Asia & Pacific","Lower middle income",2006,NA,NA,69.43783,NA,19.98905,4.13726239664898,11.2199870214146
"SLB","Solomon Islands","East Asia & Pacific","Lower middle income",2007,NA,NA,87.43365,NA,21.52212,3.63973499569106,7.66602013484806
"SLB","Solomon Islands","East Asia & Pacific","Lower middle income",2008,NA,NA,105.0338,NA,20.06367,6.22590636247851,17.3200651968774
"SLB","Solomon Islands","East Asia & Pacific","Lower middle income",2009,NA,NA,80.27766,NA,23.29605,2.86486309630651,7.09271716876286
"SLB","Solomon Islands","East Asia & Pacific","Lower middle income",2010,NA,9.3056527,70.13013,NA,22.77866,9.70817235491481,1.05148163321038
"SLB","Solomon Islands","East Asia & Pacific","Lower middle income",2011,NA,5.7530388,58.00693,NA,25.66956,7.43023752099302,7.34270706018
"SLB","Solomon Islands","East Asia & Pacific","Lower middle income",2012,NA,3.5807796,50.18825,NA,28.78656,2.46591837712438,5.91200602491155
"SLB","Solomon Islands","East Asia & Pacific","Lower middle income",2013,NA,7.046023,50.2122,NA,30.92086,5.23744704670068,5.3913638858756
"SLB","Solomon Islands","East Asia & Pacific","Lower middle income",2014,NA,4.6885028,55.61066,NA,30.97565,1.18945509547778,5.16590237925171
"SLB","Solomon Islands","East Asia & Pacific","Lower middle income",2015,NA,4.1344975,56.35437,NA,33.97303,1.67578612030815,-0.57446928635949
"SLB","Solomon Islands","East Asia & Pacific","Lower middle income",2016,NA,3.8466206,55.69419,NA,36.39733,5.55494348257992,0.512485626268792
"SLB","Solomon Islands","East Asia & Pacific","Lower middle income",2017,NA,6.3732571,57.96621,NA,34.82769,3.07546176144591,0.488686760261083
"SLB","Solomon Islands","East Asia & Pacific","Lower middle income",2018,NA,7.1253316,55.82637,NA,35.18642,2.74585244829055,3.46147484973729
"SLB","Solomon Islands","East Asia & Pacific","Lower middle income",2019,NA,10.414261,61.46372,NA,33.05286,1.74925244485951,1.63485544012247
"SLB","Solomon Islands","East Asia & Pacific","Lower middle income",2020,NA,10.785215,59.62223,NA,34.52121,-3.38125925839405,2.96354992076065
"SLB","Solomon Islands","East Asia & Pacific","Lower middle income",2021,NA,NA,59.84401,NA,32.87093,-0.227975292792024,-0.115437894412839
"ZAF","South Africa","Sub-Saharan Africa ","Upper middle income",2000,22.8938,NA,134.1861,1.958312,45.09106,4.20000000067826,5.33895913599828
"ZAF","South Africa","Sub-Saharan Africa ","Upper middle income",2001,18.43819,3.0999999,140.0692,0.9081295,47.67999,2.70000000019104,5.70189483049608
"ZAF","South Africa","Sub-Saharan Africa ","Upper middle income",2002,NA,2.9000001,114.4246,NA,43.80597,3.70037440406668,9.494713780996
"ZAF","South Africa","Sub-Saharan Africa ","Upper middle income",2003,NA,2.4000001,117.751,NA,45.90955,2.94907546754213,5.67942414068799
"ZAF","South Africa","Sub-Saharan Africa ","Upper middle income",2004,11.39129,1.8,124.5179,NA,44.85678,4.55455990721774,-0.692039437857687
"ZAF","South Africa","Sub-Saharan Africa ","Upper middle income",2005,13.23965,1.8,121.2197,1.92843,48.51344,5.27705197295467,2.06285308223427
"ZAF","South Africa","Sub-Saharan Africa ","Upper middle income",2006,13.35563,1.1,124.9412,2.192344,52.67862,5.60380645895889,3.2439076541923
"ZAF","South Africa","Sub-Saharan Africa ","Upper middle income",2007,13.31298,1.4,126.1763,2.028096,55.78071,5.36047405394162,6.17781214809388
"ZAF","South Africa","Sub-Saharan Africa ","Upper middle income",2008,12.21906,3.9000001,120.0944,1.478116,57.92459,3.1910438863288,9.90998456005467
"ZAF","South Africa","Sub-Saharan Africa ","Upper middle income",2009,13.17148,5.9000001,123.6086,1.113081,54.16007,-1.53808913525583,7.23809523809527
"ZAF","South Africa","Sub-Saharan Africa ","Upper middle income",2010,14.02741,5.7921381,119.064,1.279319,53.13908,3.03973288127956,4.06749555950263
"ZAF","South Africa","Sub-Saharan Africa ","Upper middle income",2011,14.67227,4.680856,110.0362,1.473235,55.82035,3.16855627858818,5.0008533879502
"ZAF","South Africa","Sub-Saharan Africa ","Upper middle income",2012,15.86341,4.0428918,113.3408,1.545372,55.24452,2.39623238465745,5.73797139141739
"ZAF","South Africa","Sub-Saharan Africa ","Upper middle income",2013,14.81967,3.6412867,113.3442,1.197472,54.30928,2.48546800826588,5.78016910069176
"ZAF","South Africa","Sub-Saharan Africa ","Upper middle income",2014,14.72688,3.2448467,111.9613,1.398536,55.1356,1.41382645223793,6.13282953059149
"ZAF","South Africa","Sub-Saharan Africa ","Upper middle income",2015,14.85629,3.1216856,110.0896,1.499118,56.78458,1.32186223678229,4.51869094892506
"ZAF","South Africa","Sub-Saharan Africa ","Upper middle income",2016,16.06648,2.8578079,111.8398,1.661708,54.54013,0.664552307858116,6.60290842394872
"ZAF","South Africa","Sub-Saharan Africa ","Upper middle income",2017,17.25503,2.842,110.4655,1.73253,54.39217,1.15794695181735,5.18618655524149
"ZAF","South Africa","Sub-Saharan Africa ","Upper middle income",2018,15.94073,3.7280208,110.4134,1.493847,54.25428,1.55678384721676,4.50987264867388
"ZAF","South Africa","Sub-Saharan Africa ","Upper middle income",2019,15.87728,3.8923904,111.2078,1.513545,54.26377,0.25993557687633,4.10285075461156
"ZAF","South Africa","Sub-Saharan Africa ","Upper middle income",2020,13.42673,5.1802833,98.08038,0.463257,63.21198,-6.1689177146757,3.23238831615113
"ZAF","South Africa","Sub-Saharan Africa ","Upper middle income",2021,15.46206,NA,95.62006,1.289003,60.38076,4.85864865060148,4.61874544887136
"SSD","South Sudan","Sub-Saharan Africa ","Low income",2010,5.395299,14,NA,5.322568,NA,5.49341639529945,1.16962180301108
"SSD","South Sudan","Sub-Saharan Africa ","Low income",2011,NA,12.6,9.221322,NA,4.657083,-4.64031673600859,46.8521757193597
"SSD","South Sudan","Sub-Saharan Africa ","Low income",2012,3.672943,11.8,11.09375,NA,10.7156,-46.0821223743007,45.5258978371706
"SSD","South Sudan","Sub-Saharan Africa ","Low income",2013,4.130285,8.3999996,13.95224,2.681472,9.326174,13.1297311406943,-0.0580909784225664
"SSD","South Sudan","Sub-Saharan Africa ","Low income",2014,NA,7.9000001,13.79236,NA,11.25789,3.37364847715736,1.6742990629552
"SSD","South Sudan","Sub-Saharan Africa ","Low income",2015,NA,5.0999999,7.618937,NA,23.72924,-10.7933646271143,52.7663304192143
"SSD","South Sudan","Sub-Saharan Africa ","Low income",2017,4.289039,NA,10.78143,NA,11.42289,NA,187.851630279442
"SSD","South Sudan","Sub-Saharan Africa ","Low income",2018,6.846589,NA,10.29661,1.426866,9.961302,NA,83.5015294922
"SSD","South Sudan","Sub-Saharan Africa ","Low income",2019,8.104209,NA,15.09574,1.508114,11.02362,NA,87.2413641500032
"ESP","Spain","Europe & Central Asia","High income",2000,19.12008,1.2,NA,0.4232778,NA,5.20064125553942,3.43351563418764
"ESP","Spain","Europe & Central Asia","High income",2001,21.66811,1.2,121.0197,0.9491416,78.44572,3.91908880808811,3.58983413338117
"ESP","Spain","Europe & Central Asia","High income",2002,20.19115,1.1,126.8541,0.7512379,78.29343,2.75545611564098,3.06565685902211
"ESP","Spain","Europe & Central Asia","High income",2003,19.08102,1,137.6688,0.8126796,77.43179,2.9392895953076,3.03888839396661
"ESP","Spain","Europe & Central Asia","High income",2004,18.67418,0.80000001,149.9204,1.288034,77.38252,3.1145314799161,3.03924881090924
"ESP","Spain","Europe & Central Asia","High income",2005,17.20596,0.80000001,166.9451,1.648041,81.45385,3.5512255846125,3.36881409750383
"ESP","Spain","Europe & Central Asia","High income",2006,16.60573,0.69999999,188.8071,1.138164,83.02663,4.04343515605099,3.51557576832123
"ESP","Spain","Europe & Central Asia","High income",2007,15.84539,0.89999998,192.5779,1.163852,87.21052,3.53350013165972,2.7867974580495
"ESP","Spain","Europe & Central Asia","High income",2008,16.24345,2.8,175.1875,0.8827968,97.71708,0.767165748290694,4.0753433595734
"ESP","Spain","Europe & Central Asia","High income",2009,16.9523,4.0999999,173.9204,0.7926207,100.033,-3.76813306940053,-0.287813083535241
"ESP","Spain","Europe & Central Asia","High income",2010,17.04772,4.6683721,176.3892,0.6489621,97.52058,0.0941223116369514,1.79986457728769
"ESP","Spain","Europe & Central Asia","High income",2011,14.76838,6.007281,180.1629,-0.0543833,93.12909,-0.639920636520344,3.19610188833792
"ESP","Spain","Europe & Central Asia","High income",2012,13.64231,7.4839036,163.8961,-1.843031,96.49908,-2.86511368637748,2.44612782366809
"ESP","Spain","Europe & Central Asia","High income",2013,17.31865,9.3807296,152.7175,-0.0714625,95.92856,-1.42732224757626,1.40858109183009
"ESP","Spain","Europe & Central Asia","High income",2014,18.74563,8.4527823,134.1425,0.2933438,97.35835,1.52048593647231,-0.151114837527235
"ESP","Spain","Europe & Central Asia","High income",2015,20.02979,6.1623766,120.5954,0.4345838,98.88009,4.06086672473866,-0.500365709903243
"ESP","Spain","Europe & Central Asia","High income",2016,20.35452,5.6352576,110.0474,0.2282575,101.3264,2.91515598595787,-0.202598000426358
"ESP","Spain","Europe & Central Asia","High income",2017,19.42108,4.4612021,106.7583,-0.1125716,98.48976,2.89604207865007,1.95607633363954
"ESP","Spain","Europe & Central Asia","High income",2018,20.27938,3.686425,99.76326,0.5900389,98.81863,2.39541124478878,1.67498136863799
"ESP","Spain","Europe & Central Asia","High income",2019,20.44179,3.1528272,93.79071,0.5673549,99.93378,1.96117850841711,0.699518994458648
"ESP","Spain","Europe & Central Asia","High income",2020,16.41497,2.8512267,88.32789,-0.0066826,121.6606,-10.9400706350371,-0.322753017299649
"ESP","Spain","Europe & Central Asia","High income",2021,16.91558,NA,80.52996,0.4417025,119.7247,6.68314420473001,3.09313511976402
"LKA","Sri Lanka","South Asia","Upper middle income",2000,NA,NA,86.14383,NA,33.45423,6.00003315828934,6.17627591012045
"LKA","Sri Lanka","South Asia","Upper middle income",2001,NA,NA,81.72504,NA,34.36073,-1.54540813366026,14.15845579912
"LKA","Sri Lanka","South Asia","Upper middle income",2002,NA,NA,82.61411,NA,34.59084,3.96467568513113,9.55103167007251
"LKA","Sri Lanka","South Asia","Upper middle income",2003,NA,NA,83.36768,NA,34.6911,5.9402690780223,6.31463787051174
"LKA","Sri Lanka","South Asia","Upper middle income",2004,NA,NA,84.3464,NA,36.29964,5.44506127885352,7.57592582995856
"LKA","Sri Lanka","South Asia","Upper middle income",2005,NA,NA,88.84569,NA,37.02718,6.24174804376447,11.6396860971118
"LKA","Sri Lanka","South Asia","Upper middle income",2006,NA,NA,93.34291,NA,36.39467,7.66829190107919,10.0201836057035
"LKA","Sri Lanka","South Asia","Upper middle income",2007,NA,NA,94.68611,NA,35.12005,6.79682611892866,15.8421114924843
"LKA","Sri Lanka","South Asia","Upper middle income",2008,NA,NA,92.53619,NA,31.00961,5.95008814473897,22.5644955300126
"LKA","Sri Lanka","South Asia","Upper middle income",2009,NA,NA,73.57159,NA,33.59277,3.53891205317842,3.46496322106074
"LKA","Sri Lanka","South Asia","Upper middle income",2010,NA,NA,79.53033,NA,29.2322,8.01596737040464,6.2176488930462
"LKA","Sri Lanka","South Asia","Upper middle income",2011,35.03069,3.8157681,89.15164,NA,31.15155,8.66948301160571,6.7167684358854
"LKA","Sri Lanka","South Asia","Upper middle income",2012,36.1428,3.6275833,87.99238,2.746494,30.66165,8.6321813769906,7.54291373239437
"LKA","Sri Lanka","South Asia","Upper middle income",2013,36.00288,5.5750579,80.31147,2.294637,32.87316,4.0517463303875,6.90845034828452
"LKA","Sri Lanka","South Asia","Upper middle income",2014,36.22636,4.2342145,77.71974,2.390653,34.22791,6.37797889684965,3.1790022823606
"LKA","Sri Lanka","South Asia","Upper middle income",2015,35.51081,3.2407703,82.52576,1.96334,38.15165,4.20595547501601,3.76836783062096
"LKA","Sri Lanka","South Asia","Upper middle income",2016,36.23138,2.633811,87.30153,1.999307,51.7959,5.05362488993089,3.9588884659307
"LKA","Sri Lanka","South Asia","Upper middle income",2017,38.6281,2.4984326,85.40453,2.03299,55.30343,6.46068127080994,7.70413767850602
"LKA","Sri Lanka","South Asia","Upper middle income",2018,35.95676,3.4204198,86.68635,1.663162,57.69923,2.31008425504933,2.135037737132
"LKA","Sri Lanka","South Asia","Upper middle income",2019,37.86711,4.699183,83.19814,1.431659,59.70695,-0.220483886824823,3.52839358231811
"LKA","Sri Lanka","South Asia","Upper middle income",2020,34.32776,4.928275,NA,1.127966,NA,-4.62451503712715,6.15394508391738
"LKA","Sri Lanka","South Asia","Upper middle income",2021,35.08618,NA,NA,1.355117,NA,4.2074764950026,7.01478071238195
"KNA","St. Kitts and Nevis","Latin America & Caribbean ","High income",2000,NA,NA,64.00018,NA,93.5341,10.042808415173,2.14885532743696
"KNA","St. Kitts and Nevis","Latin America & Caribbean ","High income",2001,NA,NA,60.20179,NA,90.71878,5.25344983010886,2.30344748349255
"KNA","St. Kitts and Nevis","Latin America & Caribbean ","High income",2002,NA,NA,55.63927,NA,91.31032,1.36771507253633,2.04109102620208
"KNA","St. Kitts and Nevis","Latin America & Caribbean ","High income",2003,NA,NA,53.3123,NA,101.7372,-3.93339486032939,2.23543664374553
"KNA","St. Kitts and Nevis","Latin America & Caribbean ","High income",2004,NA,NA,49.38987,NA,110.7301,3.99634666125431,2.31455462238093
"KNA","St. Kitts and Nevis","Latin America & Caribbean ","High income",2005,NA,NA,49.76457,NA,109.4348,9.73282070298016,3.37781903988238
"KNA","St. Kitts and Nevis","Latin America & Caribbean ","High income",2006,NA,NA,48.53084,NA,106.5262,3.15038119968223,8.48748575845879
"KNA","St. Kitts and Nevis","Latin America & Caribbean ","High income",2007,NA,NA,49.31303,NA,111.004,0.600602326543751,4.48088608614726
"KNA","St. Kitts and Nevis","Latin America & Caribbean ","High income",2008,NA,NA,56.23281,NA,97.95312,11.3170358267109,5.30029675072584
"KNA","St. Kitts and Nevis","Latin America & Caribbean ","High income",2009,NA,NA,57.15884,NA,102.9495,-3.40474015376245,2.05793709041836
"KNA","St. Kitts and Nevis","Latin America & Caribbean ","High income",2010,NA,NA,55.72212,NA,108.066,-0.0541942065330545,0.850878649795844
"KNA","St. Kitts and Nevis","Latin America & Caribbean ","High income",2011,NA,NA,52.74137,NA,110.792,1.61660730423688,5.8351651957086
"KNA","St. Kitts and Nevis","Latin America & Caribbean ","High income",2012,NA,NA,46.93951,NA,125.8332,-0.737636737448398,0.816089281562459
"KNA","St. Kitts and Nevis","Latin America & Caribbean ","High income",2013,NA,NA,42.1218,NA,131.2993,5.72728087234704,1.10698554000129
"KNA","St. Kitts and Nevis","Latin America & Caribbean ","High income",2014,NA,NA,39.26889,NA,133.0678,7.57696602328922,0.247865392364942
"KNA","St. Kitts and Nevis","Latin America & Caribbean ","High income",2015,NA,NA,38.80796,NA,138.662,0.694135527876625,-2.30187563045616
"KNA","St. Kitts and Nevis","Latin America & Caribbean ","High income",2016,NA,NA,39.28156,NA,130.7492,3.93270319273282,-0.687037123294039
"KNA","St. Kitts and Nevis","Latin America & Caribbean ","High income",2017,NA,NA,40.74432,NA,120.5187,0.220941147299996,0.694916711613604
"KNA","St. Kitts and Nevis","Latin America & Caribbean ","High income",2018,NA,NA,42.68628,NA,114.9804,2.00352549800972,-1.03712214131572
"KNA","St. Kitts and Nevis","Latin America & Caribbean ","High income",2019,NA,NA,51.71984,NA,89.21587,2.93824658056356,-0.329562063663977
"KNA","St. Kitts and Nevis","Latin America & Caribbean ","High income",2020,NA,NA,57.54937,NA,96.30829,-15.3018891740649,-1.16724501769353
"KNA","St. Kitts and Nevis","Latin America & Caribbean ","High income",2021,NA,NA,56.69366,NA,105.7825,0.367606879216311,1.195688870384
"LCA","St. Lucia","Latin America & Caribbean ","Upper middle income",2000,NA,NA,105.6315,NA,55.70667,0.0487485535201131,3.7107860871361
"LCA","St. Lucia","Latin America & Caribbean ","Upper middle income",2001,NA,NA,104.6624,NA,61.12601,-3.40806396189404,5.30722081028547
"LCA","St. Lucia","Latin America & Caribbean ","Upper middle income",2002,NA,NA,104.0904,NA,61.41666,0.416450493043214,-0.255536626916508
"LCA","St. Lucia","Latin America & Caribbean ","Upper middle income",2003,NA,NA,90.60602,NA,62.02315,4.26461148738223,1.03425372426221
"LCA","St. Lucia","Latin America & Caribbean ","Upper middle income",2004,NA,NA,92.45699,NA,61.98253,7.2674088699471,1.46036814425245
"LCA","St. Lucia","Latin America & Caribbean ","Upper middle income",2005,NA,NA,95.26395,NA,65.64204,-0.410304726290235,3.89827370759476
"LCA","St. Lucia","Latin America & Caribbean ","Upper middle income",2006,NA,NA,101.0614,NA,69.46356,6.19525729141048,2.39562082529168
"LCA","St. Lucia","Latin America & Caribbean ","Upper middle income",2007,NA,NA,122.016,NA,70.36425,1.69161857433913,2.82310373736929
"LCA","St. Lucia","Latin America & Caribbean ","Upper middle income",2008,NA,NA,126.6838,NA,69.826,4.94932194028057,5.54954769383937
"LCA","St. Lucia","Latin America & Caribbean ","Upper middle income",2009,7.186433,NA,125.9259,NA,73.94965,-2.82889954830628,-0.156936087168669
"LCA","St. Lucia","Latin America & Caribbean ","Upper middle income",2010,5.875018,NA,127.415,0.1372245,71.3699,0.330018546071486,3.25034409180129
"LCA","St. Lucia","Latin America & Caribbean ","Upper middle income",2011,5.518075,NA,127.1097,0.0113131,68.31075,4.32694280532142,2.76940794144093
"LCA","St. Lucia","Latin America & Caribbean ","Upper middle income",2012,2.21522,NA,131.7313,-3.826218,70.72877,-0.108756148262358,4.17763587102515
"LCA","St. Lucia","Latin America & Caribbean ","Upper middle income",2013,3.341492,NA,127.6135,-0.0503525,69.78232,-1.81877603735991,1.46856511035428
"LCA","St. Lucia","Latin America & Caribbean ","Upper middle income",2014,NA,NA,115.7205,NA,68.90906,1.32809022110105,3.51695551369241
"LCA","St. Lucia","Latin America & Caribbean ","Upper middle income",2015,NA,NA,101.0801,NA,69.87021,0.101917836412952,-0.983600952696996
"LCA","St. Lucia","Latin America & Caribbean ","Upper middle income",2016,-0.0174934,NA,93.72079,NA,68.95238,3.42787214525211,-3.07821765676927
"LCA","St. Lucia","Latin America & Caribbean ","Upper middle income",2017,3.837077,NA,89.29541,1.07208,65.88207,3.37982617272246,0.104262078958441
"LCA","St. Lucia","Latin America & Caribbean ","Upper middle income",2018,4.902126,NA,83.21442,1.951671,66.75471,2.88677902171601,1.93561893150602
"LCA","St. Lucia","Latin America & Caribbean ","Upper middle income",2019,NA,NA,89.23133,NA,60.02044,-1.0293678947917,0.539087559191757
"LCA","St. Lucia","Latin America & Caribbean ","Upper middle income",2020,NA,NA,107.2469,NA,67.42893,-22.9005138634176,-1.75580833517594
"LCA","St. Lucia","Latin America & Caribbean ","Upper middle income",2021,NA,NA,93.13651,NA,71.61509,11.1466993240856,2.41070312174393
"VCT","St. Vincent and the Grenadines","Latin America & Caribbean ","Upper middle income",2000,NA,NA,74.16563,NA,69.09248,1.63903190394467,0.167679637488279
"VCT","St. Vincent and the Grenadines","Latin America & Caribbean ","Upper middle income",2001,NA,NA,71.92522,NA,67.47196,1.74823102028898,0.9008584858665
"VCT","St. Vincent and the Grenadines","Latin America & Caribbean ","Upper middle income",2002,NA,NA,71.98001,NA,66.8161,5.34212707436718,1.85550399046655
"VCT","St. Vincent and the Grenadines","Latin America & Caribbean ","Upper middle income",2003,NA,NA,70.95703,NA,65.35877,6.69133665352797,0.205981708824254
"VCT","St. Vincent and the Grenadines","Latin America & Caribbean ","Upper middle income",2004,NA,NA,68.72803,NA,63.02828,4.11469880444737,2.96003946719286
"VCT","St. Vincent and the Grenadines","Latin America & Caribbean ","Upper middle income",2005,NA,NA,70.23302,NA,61.67108,2.48855733938132,3.7334291646702
"VCT","St. Vincent and the Grenadines","Latin America & Caribbean ","Upper middle income",2006,NA,NA,76.8063,NA,58.08283,6.99692626758825,2.74067516070673
"VCT","St. Vincent and the Grenadines","Latin America & Caribbean ","Upper middle income",2007,NA,NA,82.03933,NA,56.39761,3.3229685982929,7.23614701584807
"VCT","St. Vincent and the Grenadines","Latin America & Caribbean ","Upper middle income",2008,NA,NA,80.25758,NA,57.82081,0.404640808638888,10.0662418245849
"VCT","St. Vincent and the Grenadines","Latin America & Caribbean ","Upper middle income",2009,NA,8.3999996,82.4044,NA,58.91925,-1.3781936056056,0.421539125687215
"VCT","St. Vincent and the Grenadines","Latin America & Caribbean ","Upper middle income",2010,NA,8.6099997,80.70972,NA,60.72334,-4.47046793507802,0.747109026311474
"VCT","St. Vincent and the Grenadines","Latin America & Caribbean ","Upper middle income",2011,NA,7.6900001,79.8356,NA,62.87326,-0.60627665148327,3.1860311155246
"VCT","St. Vincent and the Grenadines","Latin America & Caribbean ","Upper middle income",2012,NA,7.4499998,79.53277,NA,64.74902,1.16911218376478,2.59844414147101
"VCT","St. Vincent and the Grenadines","Latin America & Caribbean ","Upper middle income",2013,NA,8.3000002,75.50419,NA,71.74602,2.4624841721544,0.805127804267928
"VCT","St. Vincent and the Grenadines","Latin America & Caribbean ","Upper middle income",2014,NA,9.9799995,69.35603,NA,72.08109,1.1457271877622,0.193858560794015
"VCT","St. Vincent and the Grenadines","Latin America & Caribbean ","Upper middle income",2015,NA,9.5900002,68.61075,NA,67.20311,2.78509791763551,-1.73361194953959
"VCT","St. Vincent and the Grenadines","Latin America & Caribbean ","Upper middle income",2016,NA,NA,68.90011,NA,68.01118,4.1496810046981,-0.149641647633284
"VCT","St. Vincent and the Grenadines","Latin America & Caribbean ","Upper middle income",2017,NA,NA,68.566,NA,67.97394,1.54810173239956,2.15333648840511
"VCT","St. Vincent and the Grenadines","Latin America & Caribbean ","Upper middle income",2018,NA,NA,67.93564,NA,66.76728,3.1756114423991,2.32414485367921
"VCT","St. Vincent and the Grenadines","Latin America & Caribbean ","Upper middle income",2019,NA,NA,65.86747,NA,68.43717,0.668428481084234,0.91306972532459
"VCT","St. Vincent and the Grenadines","Latin America & Caribbean ","Upper middle income",2020,NA,NA,74.63895,NA,63.84364,-4.26892434422649,-0.628131309354654
"VCT","St. Vincent and the Grenadines","Latin America & Caribbean ","Upper middle income",2021,NA,NA,66.85308,NA,69.0576,2.09340124465459,1.57272932500558
"SDN","Sudan","Sub-Saharan Africa ","Low income",2000,10.18421,NA,37.45096,NA,5.651955,6.34586743997545,7.12125897172291
"SDN","Sudan","Sub-Saharan Africa ","Low income",2001,20.20341,NA,37.86249,0.8681527,6.569615,6.50036053396883,1.93529572095333
"SDN","Sudan","Sub-Saharan Africa ","Low income",2002,18.18204,NA,49.84126,2.219922,7.496175,6.0064715363132,22.2247241495905
"SDN","Sudan","Sub-Saharan Africa ","Low income",2003,19.92222,NA,59.94139,0.1260329,8.370276,6.28880816146516,6.48943208673338
"SDN","Sudan","Sub-Saharan Africa ","Low income",2004,20.27178,NA,66.2869,2.941793,9.245529,5.14088851762675,9.65754628605945
"SDN","Sudan","Sub-Saharan Africa ","Low income",2005,16.12254,NA,70.25147,1.520875,11.12232,5.64351551343631,8.50585075933117
"SDN","Sudan","Sub-Saharan Africa ","Low income",2006,NA,NA,85.20473,NA,12.32537,6.5314117467792,7.19912990114709
"SDN","Sudan","Sub-Saharan Africa ","Low income",2007,24.49557,NA,85.60318,NA,11.46322,5.73527423664484,14.7542770780084
"SDN","Sudan","Sub-Saharan Africa ","Low income",2008,22.48441,NA,81.16624,1.054203,11.55625,3.84674473121058,14.2971224481434
"SDN","Sudan","Sub-Saharan Africa ","Low income",2009,23.6712,NA,78.02605,1.741307,14.81362,-2.76770436599138,11.256758706301
"SDN","Sudan","Sub-Saharan Africa ","Low income",2010,31.93995,NA,72.57423,1.18548,14.47162,3.85824195230107,12.9776663898014
"SDN","Sudan","Sub-Saharan Africa ","Low income",2011,37.3532,NA,70.58909,1.230306,13.16337,-3.21353209253371,18.0966171221351
"SDN","Sudan","Sub-Saharan Africa ","Low income",2012,27.5923,NA,68.84532,0.8155987,17.34662,-17.0046884048945,35.5590574147024
"SDN","Sudan","Sub-Saharan Africa ","Low income",2013,NA,NA,75.36839,NA,13.95515,1.95514463302422,36.5223449139154
"SDN","Sudan","Sub-Saharan Africa ","Low income",2014,NA,NA,67.54581,NA,12.06682,4.66137954229873,36.9066427863595
"SDN","Sudan","Sub-Saharan Africa ","Low income",2015,NA,NA,65.97219,NA,12.45472,1.91017689052751,16.9095706050977
"SDN","Sudan","Sub-Saharan Africa ","Low income",2016,NA,NA,66.79436,NA,10.57828,3.46764218409288,17.750253831196
"SDN","Sudan","Sub-Saharan Africa ","Low income",2017,NA,NA,52.46112,NA,15.99229,0.70925628476644,32.3516260968437
"SDN","Sudan","Sub-Saharan Africa ","Low income",2018,NA,NA,40.72574,NA,22.19519,-2.6809305497999,63.2925073455888
"SDN","Sudan","Sub-Saharan Africa ","Low income",2019,NA,NA,49.70423,NA,17.78997,-2.17825104530091,50.9940515002965
"SDN","Sudan","Sub-Saharan Africa ","Low income",2020,NA,NA,46.69117,NA,13.28573,-3.62980082410752,163.257782355458
"SDN","Sudan","Sub-Saharan Africa ","Low income",2021,NA,NA,43.42303,NA,15.24505,-1.8685204827207,359.093040778999
"SUR","Suriname","Latin America & Caribbean ","Upper middle income",2000,NA,NA,34.30297,NA,21.74197,2.09999886750489,59.401686545079
"SUR","Suriname","Latin America & Caribbean ","Upper middle income",2001,NA,NA,41.51568,NA,19.48651,4.20000042083539,38.5862878872611
"SUR","Suriname","Latin America & Caribbean ","Upper middle income",2002,NA,NA,41.17361,NA,37.98639,2.80000068850687,15.5273989185702
"SUR","Suriname","Latin America & Caribbean ","Upper middle income",2003,NA,NA,45.46106,NA,37.59084,6.29999943314137,23.0022321778219
"SUR","Suriname","Latin America & Caribbean ","Upper middle income",2004,NA,NA,45.36116,NA,41.04235,8.50000018479413,9.98632511974878
"SUR","Suriname","Latin America & Caribbean ","Upper middle income",2005,NA,NA,51.43185,NA,37.29694,4.50000021086888,9.89800489561465
"SUR","Suriname","Latin America & Caribbean ","Upper middle income",2006,NA,NA,52.88661,NA,31.46791,5.79354358463304,11.2813043273975
"SUR","Suriname","Latin America & Caribbean ","Upper middle income",2007,NA,NA,54.28286,NA,36.61975,5.11148777773458,6.42627934470524
"SUR","Suriname","Latin America & Caribbean ","Upper middle income",2008,10.77302,NA,65.68782,NA,34.01239,4.14340681165626,14.6671427437912
"SUR","Suriname","Latin America & Caribbean ","Upper middle income",2009,10.09169,NA,60.70631,2.0634,40.02556,3.01369898266211,-0.133636646714877
"SUR","Suriname","Latin America & Caribbean ","Upper middle income",2010,10.59429,NA,61.61591,2.130817,38.80744,5.16882515225814,6.94108221639996
"SUR","Suriname","Latin America & Caribbean ","Upper middle income",2011,10.88271,NA,59.52662,2.194509,39.59096,5.84936767173009,17.7117796414558
"SUR","Suriname","Latin America & Caribbean ","Upper middle income",2012,10.7328,NA,57.27562,2.17699,42.11042,2.69034974668847,5.00686319367273
"SUR","Suriname","Latin America & Caribbean ","Upper middle income",2013,10.90247,NA,58.24888,2.037662,47.62726,2.9334416518612,1.92343604108305
"SUR","Suriname","Latin America & Caribbean ","Upper middle income",2014,11.82271,NA,60.26817,2.088801,49.21285,0.255503031645475,3.38341272749477
"SUR","Suriname","Latin America & Caribbean ","Upper middle income",2015,11.31005,NA,61.84474,1.228796,54.43287,-3.41304268067621,6.89390359168238
"SUR","Suriname","Latin America & Caribbean ","Upper middle income",2016,4.516824,NA,50.25623,-0.7275851,72.1725,-4.91166050905851,55.4123879763196
"SUR","Suriname","Latin America & Caribbean ","Upper middle income",2017,6.575426,NA,46.97914,0.7138874,60.11749,1.56603782534897,21.9969430173304
"SUR","Suriname","Latin America & Caribbean ","Upper middle income",2018,6.982873,NA,41.15559,0.1939084,58.86087,4.94827108468886,NA
"SUR","Suriname","Latin America & Caribbean ","Upper middle income",2019,8.664505,NA,40.28871,0.5203874,57.61822,1.16758977233877,NA
"SUR","Suriname","Latin America & Caribbean ","Upper middle income",2020,NA,NA,31.97274,NA,76.29976,-15.9751917148622,34.889784309078
"SUR","Suriname","Latin America & Caribbean ","Upper middle income",2021,NA,NA,25.86229,NA,75.83771,-2.43538583612838,59.1196626251977
"SWE","Sweden","Europe & Central Asia","High income",2000,19.96354,1.6,NA,0.8869803,NA,4.63112136551369,0.899143734041715
"SWE","Sweden","Europe & Central Asia","High income",2001,23.43921,1.5,NA,1.14799,40.05959,1.36080642694121,2.40595834145436
"SWE","Sweden","Europe & Central Asia","High income",2002,19.42993,1.4,231.705,0.5648558,40.22418,2.27772867861897,2.15848213589266
"SWE","Sweden","Europe & Central Asia","High income",2003,21.62207,1.9,232.7375,0.6979935,40.37173,1.88102769675844,1.92565534892383
"SWE","Sweden","Europe & Central Asia","High income",2004,26.80951,1.1,240.996,1.657123,39.53205,4.17958419343711,0.373659828721824
"SWE","Sweden","Europe & Central Asia","High income",2005,21.44518,0.80000001,236.058,0.7304879,43.16893,2.79313782840156,0.453170852576138
"SWE","Sweden","Europe & Central Asia","High income",2006,22.562,0.80000001,232.7292,0.8953693,45.71938,4.67607488877992,1.36021468627693
"SWE","Sweden","Europe & Central Asia","High income",2007,21.66599,0.1,237.0051,0.9841897,48.25503,3.22486814096095,2.21216883436733
"SWE","Sweden","Europe & Central Asia","High income",2008,19.26848,0.5,230.4691,0.5604791,52.00923,-0.923113250067971,3.43704910602875
"SWE","Sweden","Europe & Central Asia","High income",2009,25.72554,0.80000001,221.2708,0.7770257,56.00745,-4.25561384207619,-0.494460544378051
"SWE","Sweden","Europe & Central Asia","High income",2010,26.79791,0.78356326,215.6272,0.5136226,56.81977,5.75076477579255,1.15798802715626
"SWE","Sweden","Europe & Central Asia","High income",2011,26.37774,0.65405494,211.3209,0.7038354,58.67601,3.16388567406926,2.9611507382214
"SWE","Sweden","Europe & Central Asia","High income",2012,27.67975,0.70006165,212.9109,0.6345029,60.1669,-0.414397702454409,0.888377506923735
"SWE","Sweden","Europe & Central Asia","High income",2013,32.0802,0.61438779,208.3217,1.111379,62.59923,1.13766671801426,-0.044292970148682
"SWE","Sweden","Europe & Central Asia","High income",2014,30.10648,1.2383675,202.9023,0.8008524,63.7555,2.29577238758284,-0.179638494114635
"SWE","Sweden","Europe & Central Asia","High income",2015,35.28246,1.1651058,197.1648,1.016591,64.22375,4.38824673608589,-0.0467847449832812
"SWE","Sweden","Europe & Central Asia","High income",2016,35.88554,1.0645907,189.576,1.051101,67.7914,2.13117914731151,0.984269244577992
"SWE","Sweden","Europe & Central Asia","High income",2017,36.46971,1.1197808,185.0858,1.114257,70.92802,1.88282184966646,1.79449904665599
"SWE","Sweden","Europe & Central Asia","High income",2018,37.74024,0.49490867,186.057,1.003132,70.87621,1.7702553546772,1.95353530127028
"SWE","Sweden","Europe & Central Asia","High income",2019,37.49242,0.5813252,180.1896,0.985442,72.74699,2.60823012869524,1.78415097403835
"SWE","Sweden","Europe & Central Asia","High income",2020,38.10057,0.51336145,159.3732,0.8713207,86.43284,-1.93379704032216,0.497367318853572
"SWE","Sweden","Europe & Central Asia","High income",2021,39.34783,NA,155.2466,0.9451997,87.40426,5.2258643028773,2.16319736447143
"CHE","Switzerland","Europe & Central Asia","High income",2000,12.61913,4.0999999,135.9242,1.078233,104.1365,3.63321673470911,1.55852919679008
"CHE","Switzerland","Europe & Central Asia","High income",2001,11.10549,2.3,129.9805,0.6796429,104.904,1.59219781357001,0.989020329832545
"CHE","Switzerland","Europe & Central Asia","High income",2002,11.19246,1.8,122.6931,0.7426013,111.7591,0.380410134195273,0.642711506543278
"CHE","Switzerland","Europe & Central Asia","High income",2003,10.91394,1.3,116.8381,0.7115324,120.2548,-0.284222357857615,0.63827293088719
"CHE","Switzerland","Europe & Central Asia","High income",2004,11.84315,0.89999998,118.1318,0.9705809,120.3186,2.58692895529093,0.802908730955226
"CHE","Switzerland","Europe & Central Asia","High income",2005,11.49009,0.5,117.4833,1.030832,123.9135,2.95208487460334,1.17195420333703
"CHE","Switzerland","Europe & Central Asia","High income",2006,9.547383,0.30000001,122.0873,0.7325031,122.4061,4.13432251467916,1.05950928324805
"CHE","Switzerland","Europe & Central Asia","High income",2007,7.804866,0.30000001,128.4957,0.1132707,118.8577,3.98319384807056,0.732350603122236
"CHE","Switzerland","Europe & Central Asia","High income",2008,5.110291,0.89999998,124.3882,-1.672963,116.635,2.53159615417233,2.42604117060157
"CHE","Switzerland","Europe & Central Asia","High income",2009,10.6101,1.1,119.9767,-0.1935792,128.3671,-1.93490944903913,-0.480481936423305
"CHE","Switzerland","Europe & Central Asia","High income",2010,11.69864,0.92178363,116.3042,0.279196,131.3447,3.26063082122047,0.688238707219975
"CHE","Switzerland","Europe & Central Asia","High income",2011,12.65542,0.84205815,111.0507,0.43942,139.5582,1.40766067483813,0.2313492076509
"CHE","Switzerland","Europe & Central Asia","High income",2012,11.64402,0.79455582,107.0949,-0.2463782,150.2304,1.12413575027705,-0.692552018105163
"CHE","Switzerland","Europe & Central Asia","High income",2013,15.6484,0.77605231,101.5951,0.3778249,160.0031,1.83612392927999,-0.217323155115673
"CHE","Switzerland","Europe & Central Asia","High income",2014,14.9826,0.72426368,99.80132,0.4340575,163.6755,2.54342347675991,-0.0132025387515946
"CHE","Switzerland","Europe & Central Asia","High income",2015,15.62121,0.74951998,100.3258,0.1178115,164.3278,1.45450336491099,-1.14390867228178
"CHE","Switzerland","Europe & Central Asia","High income",2016,16.85371,0.74172382,100.6609,0.1085642,167.3852,1.91159094214852,-0.434618664285815
"CHE","Switzerland","Europe & Central Asia","High income",2017,19.02053,0.63926588,NA,0.3800547,NA,1.42034612231261,0.533787839825876
"CHE","Switzerland","Europe & Central Asia","High income",2018,19.26855,0.66197385,NA,0.3509237,NA,3.32743256101493,0.936335464113572
"CHE","Switzerland","Europe & Central Asia","High income",2019,16.18968,0.64549257,NA,-0.1996117,NA,1.11532187197474,0.362886179940674
"CHE","Switzerland","Europe & Central Asia","High income",2020,16.76671,0.74881232,NA,0.4488419,NA,-2.2552579425106,-0.725874933313403
"CHE","Switzerland","Europe & Central Asia","High income",2021,15.33865,NA,NA,0.09728,NA,6.17622836050151,0.581814168489856
"SYR","Syrian Arab Republic","Middle East, North Africa, Afghanistan & Pakistan","Low income",2000,NA,NA,22.10658,NA,36.5898,0.675642589410501,-3.84615384615379
"SYR","Syrian Arab Republic","Middle East, North Africa, Afghanistan & Pakistan","Low income",2001,NA,NA,17.33944,NA,44.8473,3.79340343988601,2.99999999999995
"SYR","Syrian Arab Republic","Middle East, North Africa, Afghanistan & Pakistan","Low income",2002,NA,NA,15.1182,NA,49.41786,7.85855098148016,-0.130505282417402
"SYR","Syrian Arab Republic","Middle East, North Africa, Afghanistan & Pakistan","Low income",2003,NA,NA,18.36825,NA,55.0094,0.590781711933914,5.79682944905841
"SYR","Syrian Arab Republic","Middle East, North Africa, Afghanistan & Pakistan","Low income",2004,3.594837,NA,23.46395,NA,49.6699,6.9025333036284,4.43314136719839
"SYR","Syrian Arab Republic","Middle East, North Africa, Afghanistan & Pakistan","Low income",2005,0.0244457,NA,31.9518,-2.593942,46.20901,6.21550444795768,7.24034939348535
"SYR","Syrian Arab Republic","Middle East, North Africa, Afghanistan & Pakistan","Low income",2006,2.703934,NA,33.50892,0.7629676,43.8648,5.04600280095076,10.0241105377571
"SYR","Syrian Arab Republic","Middle East, North Africa, Afghanistan & Pakistan","Low income",2007,4.162296,NA,34.0802,3.171482,44.26313,5.6747382107833,3.90770950443607
"SYR","Syrian Arab Republic","Middle East, North Africa, Afghanistan & Pakistan","Low income",2008,2.82036,NA,34.15448,2.667271,47.97145,4.47662154277957,15.7453252219709
"SYR","Syrian Arab Republic","Middle East, North Africa, Afghanistan & Pakistan","Low income",2009,2.211791,NA,38.22586,0.3497433,51.37203,5.91229460524147,2.92089711805367
"SYR","Syrian Arab Republic","Middle East, North Africa, Afghanistan & Pakistan","Low income",2010,2.798519,NA,42.10732,0.5837817,52.89407,5.19150915015936,4.3974138315007
"SYR","Syrian Arab Republic","Middle East, North Africa, Afghanistan & Pakistan","Low income",2011,3.023136,NA,55.40791,0.6175377,37.43602,2.8502205980333,4.7531638888563
"SYR","Syrian Arab Republic","Middle East, North Africa, Afghanistan & Pakistan","Low income",2012,2.849408,NA,NA,-0.47226,NA,-26.338904668983,36.7022953364139
"SYR","Syrian Arab Republic","Middle East, North Africa, Afghanistan & Pakistan","Low income",2013,3.063167,NA,NA,0.8821931,NA,-26.3002577493205,40.0318378290723
"SYR","Syrian Arab Republic","Middle East, North Africa, Afghanistan & Pakistan","Low income",2014,3.344634,NA,NA,1.791475,NA,-10.3103412087823,10.9271141804297
"SYR","Syrian Arab Republic","Middle East, North Africa, Afghanistan & Pakistan","Low income",2015,6.838799,NA,NA,6.91144,NA,-4.17969204561759,38.4611429599733
"SYR","Syrian Arab Republic","Middle East, North Africa, Afghanistan & Pakistan","Low income",2016,5.753487,NA,NA,5.438093,NA,-6.40568496867387,47.7051615298923
"SYR","Syrian Arab Republic","Middle East, North Africa, Afghanistan & Pakistan","Low income",2017,3.419148,NA,NA,-0.6090161,NA,-0.723346297115341,18.0752696281771
"SYR","Syrian Arab Republic","Middle East, North Africa, Afghanistan & Pakistan","Low income",2018,3.113435,NA,NA,0.9633842,NA,1.39323324059961,0.940983843906769
"SYR","Syrian Arab Republic","Middle East, North Africa, Afghanistan & Pakistan","Low income",2019,2.623254,NA,NA,0.3428568,NA,1.22072818348491,13.4175653228571
"TJK","Tajikistan","Europe & Central Asia","Lower middle income",2001,NA,NA,419.7646,NA,3.409331,9.58083617842951,38.59188944886
"TJK","Tajikistan","Europe & Central Asia","Lower middle income",2002,NA,NA,335.2697,NA,4.067633,10.8000037591665,12.2499847845885
"TJK","Tajikistan","Europe & Central Asia","Lower middle income",2003,NA,NA,237.9617,NA,4.625326,10.9999990780572,16.3034912049491
"TJK","Tajikistan","Europe & Central Asia","Lower middle income",2004,NA,NA,368.1266,NA,4.157948,10.2999989410117,7.14196508692253
"TJK","Tajikistan","Europe & Central Asia","Lower middle income",2005,14.2572,NA,287.5804,NA,5.370189,6.69999851655409,7.09193244083773
"TJK","Tajikistan","Europe & Central Asia","Lower middle income",2006,10.89438,11.3,198.2203,4.390666,7.568792,7.00000321108996,10.0108651886461
"TJK","Tajikistan","Europe & Central Asia","Lower middle income",2007,9.718557,4.8000002,171.8111,3.49661,16.43079,7.80000011872161,13.1491247062982
"TJK","Tajikistan","Europe & Central Asia","Lower middle income",2008,14.394,5.4000001,144.9075,2.22391,9.224115,7.89999827154939,20.4705219109964
"TJK","Tajikistan","Europe & Central Asia","Lower middle income",2009,12.27741,9.6000004,127.6945,-0.552978,9.60546,3.90000114826496,6.44823481066697
"TJK","Tajikistan","Europe & Central Asia","Lower middle income",2010,11.49546,7.4443007,122.0932,2.702537,9.91958,6.49999908585235,6.44531440780658
"TJK","Tajikistan","Europe & Central Asia","Lower middle income",2011,8.646214,7.1948301,132.7106,-0.2774305,10.72114,7.40000059956711,12.4315490430406
"TJK","Tajikistan","Europe & Central Asia","Lower middle income",2012,9.731053,9.4640399,118.9992,-0.8347173,10.19074,7.49999946321525,5.83116601031462
"TJK","Tajikistan","Europe & Central Asia","Lower middle income",2013,15.77714,13.183476,156.577,2.711331,10.6903,7.39999974700379,5.00964645344951
"TJK","Tajikistan","Europe & Central Asia","Lower middle income",2014,NA,20.38939,182.3001,NA,10.90125,6.70000069016253,6.10442765129667
"TJK","Tajikistan","Europe & Central Asia","Lower middle income",2015,11.55853,19.056508,168.7874,-18.00342,12.44749,6.01930331771186,5.7145594964971
"TJK","Tajikistan","Europe & Central Asia","Lower middle income",2016,18.21367,NA,137.5179,-0.1523981,12.86443,6.89999999999999,6.00458082322139
"TJK","Tajikistan","Europe & Central Asia","Lower middle income",2017,21.07333,NA,111.3734,1.67464,11.22773,7.10000041864309,NA
"TJK","Tajikistan","Europe & Central Asia","Lower middle income",2018,20.97309,NA,117.8426,2.036505,9.685406,7.5999988895536,NA
"TJK","Tajikistan","Europe & Central Asia","Lower middle income",2019,18.69821,NA,127.1072,5.71936,8.618558,7.40000016310556,NA
"TJK","Tajikistan","Europe & Central Asia","Lower middle income",2020,13.97075,NA,125.3085,3.821114,9.60218,4.40000111553493,NA
"TJK","Tajikistan","Europe & Central Asia","Lower middle income",2021,15.34032,NA,136.5273,4.183241,7.129695,9.39999955037523,NA
"TZA","Tanzania","Sub-Saharan Africa ","Lower middle income",2000,NA,NA,33.15123,NA,9.389697,4.52078463603256,5.92396109637479
"TZA","Tanzania","Sub-Saharan Africa ","Lower middle income",2001,NA,NA,30.84982,NA,12.1948,6.07080828734129,5.14746800222618
"TZA","Tanzania","Sub-Saharan Africa ","Lower middle income",2002,NA,NA,34.45507,NA,13.37982,7.09319498355502,5.31783366118203
"TZA","Tanzania","Sub-Saharan Africa ","Lower middle income",2003,NA,NA,41.01112,NA,13.90392,6.67278983053497,5.30356621509782
"TZA","Tanzania","Sub-Saharan Africa ","Lower middle income",2004,12.42297,NA,48.7995,NA,13.46477,7.50381465859829,4.73580143949058
"TZA","Tanzania","Sub-Saharan Africa ","Lower middle income",2005,14.07889,NA,45.99372,4.298167,16.14256,7.47631925974784,5.03457009267163
"TZA","Tanzania","Sub-Saharan Africa ","Lower middle income",2006,15.31999,NA,52.79081,4.222495,17.66335,6.53222138847813,7.25097262082546
"TZA","Tanzania","Sub-Saharan Africa ","Lower middle income",2007,17.86872,NA,59.70886,5.202423,18.59592,6.76853520293716,7.02551436974771
"TZA","Tanzania","Sub-Saharan Africa ","Lower middle income",2008,16.26044,NA,64.81807,3.812607,17.9753,5.68641685905224,10.2783937621135
"TZA","Tanzania","Sub-Saharan Africa ","Lower middle income",2009,16.35318,NA,58.77398,2.854199,18.72569,5.26910524873463,12.1422278742988
"TZA","Tanzania","Sub-Saharan Africa ","Lower middle income",2010,15.84764,7.8437612,56.80062,1.875144,20.25419,6.33652342666889,6.20015595647403
"TZA","Tanzania","Sub-Saharan Africa ","Lower middle income",2011,14.57891,5.3963723,61.4966,2.335692,19.85279,7.67215543486064,12.6909694699162
"TZA","Tanzania","Sub-Saharan Africa ","Lower middle income",2012,15.53863,6.4018855,65.50211,2.528874,19.43319,4.50015356010131,16.0010938506338
"TZA","Tanzania","Sub-Saharan Africa ","Lower middle income",2013,18.02408,5.1151449,68.25444,2.423171,18.25625,6.78158560065316,7.87072364573959
"TZA","Tanzania","Sub-Saharan Africa ","Lower middle income",2014,18.89168,6.5839847,71.89759,3.019882,18.39624,6.73246186832483,6.13161432988012
"TZA","Tanzania","Sub-Saharan Africa ","Lower middle income",2015,19.10769,8.5825027,75.18581,2.471408,19.24841,6.16062877406682,5.58816952959298
"TZA","Tanzania","Sub-Saharan Africa ","Lower middle income",2016,20.63968,9.6080995,80.78309,2.306485,16.78514,6.86711619644551,5.17476629301493
"TZA","Tanzania","Sub-Saharan Africa ","Lower middle income",2017,19.81609,11.523562,77.78439,1.429544,16.69519,6.72726996832438,5.31871605228931
"TZA","Tanzania","Sub-Saharan Africa ","Lower middle income",2018,19.07788,9.9300908,79.27361,1.338301,15.93474,5.50267599384966,3.49445848856181
"TZA","Tanzania","Sub-Saharan Africa ","Lower middle income",2019,19.88124,9.6137167,80.4073,2.088642,15.59524,5.79999999996723,3.46428057999021
"TZA","Tanzania","Sub-Saharan Africa ","Lower middle income",2020,20.59105,8.6967719,81.195,2.302178,15.53157,1.99196460647855,3.29029062798325
"TZA","Tanzania","Sub-Saharan Africa ","Lower middle income",2021,22.17841,NA,NA,3.465083,NA,4.32138429480482,3.69091958802199
"THA","Thailand","East Asia & Pacific","Upper middle income",2000,3.143433,17.700001,101.5638,-0.0472501,103.5033,4.45524704335014,1.59196917460972
"THA","Thailand","East Asia & Pacific","Upper middle income",2001,4.043257,11.5,90.13352,1.442405,103.2677,3.44424900968372,1.62690887314091
"THA","Thailand","East Asia & Pacific","Upper middle income",2002,3.565939,16.5,98.17746,0.2434212,98.66769,6.14903605210036,0.697308976625449
"THA","Thailand","East Asia & Pacific","Upper middle income",2003,4.699732,13.5,91.57521,0.7686155,102.7948,7.18924330340971,1.80434994635718
"THA","Thailand","East Asia & Pacific","Upper middle income",2004,5.329023,11.9,97.04553,1.336133,98.03866,6.28934214285795,2.75914926231082
"THA","Thailand","East Asia & Pacific","Upper middle income",2005,5.793645,9.1000004,99.19436,1.515316,94.5902,4.18763842884337,4.54036919634536
"THA","Thailand","East Asia & Pacific","Upper middle income",2006,5.38625,8.1000004,96.8334,0.9991991,91.81309,4.96781089246107,4.63747436011764
"THA","Thailand","East Asia & Pacific","Upper middle income",2007,5.429559,7.9000001,99.58391,0.485974,86.58662,5.43515169050809,2.24154095286802
"THA","Thailand","East Asia & Pacific","Upper middle income",2008,5.936309,5.6999998,99.43614,1.287762,88.19774,1.72569884866334,5.46848949649846
"THA","Thailand","East Asia & Pacific","Upper middle income",2009,6.326543,5.1999998,96.37173,1.336714,93.74232,-0.690618232300579,-0.845716092316721
"THA","Thailand","East Asia & Pacific","Upper middle income",2010,6.658918,3.8878578,99.51671,1.63509,91.12341,7.51339053261624,3.24758842443725
"THA","Thailand","East Asia & Pacific","Upper middle income",2011,6.819876,2.9326185,104.7779,1.507887,96.80398,0.840132083053334,3.81191694558332
"THA","Thailand","East Asia & Pacific","Upper middle income",2012,6.889478,2.4301868,97.66475,1.628304,108.9162,7.24279620249642,3.00948610403357
"THA","Thailand","East Asia & Pacific","Upper middle income",2013,7.276725,2.3038271,97.99899,1.66626,113.7968,2.68749556320556,2.18617704418967
"THA","Thailand","East Asia & Pacific","Upper middle income",2014,7.410934,2.305233,98.48225,1.666613,115.7512,0.984468863619426,1.89455652481545
"THA","Thailand","East Asia & Pacific","Upper middle income",2015,7.614891,2.6828309,98.87464,1.322198,117.1749,3.13404724911635,-0.898143410569433
"THA","Thailand","East Asia & Pacific","Upper middle income",2016,7.903003,2.9856961,99.11687,1.3817,114.7548,3.43515771692182,0.186235191075453
"THA","Thailand","East Asia & Pacific","Upper middle income",2017,8.129345,3.0708021,98.73158,1.29883,113.5236,4.1776810321001,0.664415139830893
"THA","Thailand","East Asia & Pacific","Upper middle income",2018,8.163969,3.0839449,99.26152,1.345722,112.9723,4.22287028746071,1.06683487370758
"THA","Thailand","East Asia & Pacific","Upper middle income",2019,8.738443,3.1302718,98.09275,1.738929,113.4294,2.11455779628278,0.705524801910317
"THA","Thailand","East Asia & Pacific","Upper middle income",2020,8.126854,3.23,93.07825,0.8434397,134.9653,-6.09306312966953,-0.846087518861799
"THA","Thailand","East Asia & Pacific","Upper middle income",2021,7.883829,NA,93.50975,0.9001147,135.6318,1.55858232076893,1.23104516549814
"TGO","Togo","Sub-Saharan Africa ","Lower middle income",2000,NA,NA,99.88834,NA,13.94531,-0.783479610048047,1.86260595463067
"TGO","Togo","Sub-Saharan Africa ","Lower middle income",2001,NA,NA,90.83683,NA,13.92634,0.823438752111855,3.91959133653146
"TGO","Togo","Sub-Saharan Africa ","Lower middle income",2002,NA,NA,75.75948,NA,14.23217,3.82662257675142,3.05981857535884
"TGO","Togo","Sub-Saharan Africa ","Lower middle income",2003,NA,NA,79.91505,0.5060041,17.00159,6.72017142336034,-0.930000884072214
"TGO","Togo","Sub-Saharan Africa ","Lower middle income",2004,NA,NA,75.26057,NA,19.40887,-0.978665332738743,0.393078681031669
"TGO","Togo","Sub-Saharan Africa ","Lower middle income",2005,13.71756,NA,78.43288,NA,20.67434,-4.66629938413338,6.78292893028314
"TGO","Togo","Sub-Saharan Africa ","Lower middle income",2006,13.50718,NA,69.55885,2.803349,22.9591,2.65013209943473,2.22897779414027
"TGO","Togo","Sub-Saharan Africa ","Lower middle income",2007,11.95165,NA,79.17473,2.867325,25.246,-1.1751368996605,0.945673271705214
"TGO","Togo","Sub-Saharan Africa ","Lower middle income",2008,13.51075,NA,61.29627,3.450121,26.73791,4.03561315398862,8.69482814363902
"TGO","Togo","Sub-Saharan Africa ","Lower middle income",2009,11.0217,NA,62.93702,1.424101,29.46365,5.45381096920332,3.71360592035809
"TGO","Togo","Sub-Saharan Africa ","Lower middle income",2010,11.42257,NA,68.27826,1.791291,30.941,5.85433399076879,1.44594517430864
"TGO","Togo","Sub-Saharan Africa ","Lower middle income",2011,11.58256,NA,81.02219,2.754019,34.19684,5.82325622135289,3.5635147290396
"TGO","Togo","Sub-Saharan Africa ","Lower middle income",2012,9.926262,NA,82.31121,2.250945,36.96392,6.30271426865185,2.57718174055848
"TGO","Togo","Sub-Saharan Africa ","Lower middle income",2013,10.73865,NA,87.28167,1.178153,37.04668,5.82425069283059,1.82539475909162
"TGO","Togo","Sub-Saharan Africa ","Lower middle income",2014,NA,NA,81.7767,0.2421593,41.25766,5.63323739145223,0.19087507624975
"TGO","Togo","Sub-Saharan Africa ","Lower middle income",2015,5.290282,NA,83.8332,-3.094649,42.73921,5.4680413807304,2.58500390801595
"TGO","Togo","Sub-Saharan Africa ","Lower middle income",2016,10.8687,NA,93.25464,3.212624,32.75859,4.21490387414525,1.28544847051417
"TGO","Togo","Sub-Saharan Africa ","Lower middle income",2017,8.087381,NA,87.26469,1.010703,33.83873,4.00791259566937,-0.981889868943119
"TGO","Togo","Sub-Saharan Africa ","Lower middle income",2018,8.886737,NA,79.38955,0.4247908,34.52346,4.79518333086139,0.927755426457183
"TGO","Togo","Sub-Saharan Africa ","Lower middle income",2019,9.571691,NA,78.4753,1.991562,33.96513,4.91949260488683,0.674652770077525
"TGO","Togo","Sub-Saharan Africa ","Lower middle income",2020,NA,NA,70.13568,NA,37.80123,2.15900131150536,1.69928463299399
"TGO","Togo","Sub-Saharan Africa ","Lower middle income",2021,NA,NA,65.38594,NA,40.61759,5.13562929064506,4.1862150652352
"TON","Tonga","East Asia & Pacific","Upper middle income",2000,NA,NA,120.6405,NA,33.57934,3.75409745006452,6.32763551411153
"TON","Tonga","East Asia & Pacific","Upper middle income",2001,NA,NA,115.1041,NA,36.42807,1.49248125545273,8.29028318850332
"TON","Tonga","East Asia & Pacific","Upper middle income",2002,NA,NA,125.3343,NA,35.15942,4.4292235994526,10.3590607918507
"TON","Tonga","East Asia & Pacific","Upper middle income",2003,NA,NA,123.9463,NA,36.01442,0.0518054450729011,11.6386219580734
"TON","Tonga","East Asia & Pacific","Upper middle income",2004,NA,NA,105.838,NA,38.35993,-1.96794740326561,10.9734053679554
"TON","Tonga","East Asia & Pacific","Upper middle income",2005,NA,NA,121.024,NA,43.67176,-0.657650703495165,8.66569221131751
"TON","Tonga","East Asia & Pacific","Upper middle income",2006,NA,NA,121.2664,NA,39.78605,-2.16566342680382,6.14911606456568
"TON","Tonga","East Asia & Pacific","Upper middle income",2007,NA,NA,123.361,NA,44.65928,-2.46430779100223,5.8422487490138
"TON","Tonga","East Asia & Pacific","Upper middle income",2008,NA,NA,128.2166,NA,40.78145,4.86284132376997,10.4469875128223
"TON","Tonga","East Asia & Pacific","Upper middle income",2009,NA,NA,117.2939,NA,40.93316,-5.12917819150532,1.42685972070539
"TON","Tonga","East Asia & Pacific","Upper middle income",2010,NA,0,100.0262,NA,39.91676,0.824396914081831,3.53491239189831
"TON","Tonga","East Asia & Pacific","Upper middle income",2011,NA,0,90.73573,NA,36.34166,6.70369746238768,6.27075302995692
"TON","Tonga","East Asia & Pacific","Upper middle income",2012,NA,14.37318,78.29652,NA,39.07693,0.919761024923076,1.14753853706055
"TON","Tonga","East Asia & Pacific","Upper middle income",2013,NA,10.605719,75.18222,NA,40.78899,0.393922530137331,0.77562932236742
"TON","Tonga","East Asia & Pacific","Upper middle income",2014,NA,10.478136,73.0395,NA,43.07555,1.99053769890816,2.51087633253696
"TON","Tonga","East Asia & Pacific","Upper middle income",2015,NA,7.7122054,72.44704,NA,46.79543,1.11374402398066,-1.05399831971283
"TON","Tonga","East Asia & Pacific","Upper middle income",2016,NA,4.2969169,76.77242,NA,48.49086,6.59869879417958,2.57815515245081
"TON","Tonga","East Asia & Pacific","Upper middle income",2017,NA,3.6832709,78.3833,NA,48.27801,3.20231976224244,7.51706283551116
"TON","Tonga","East Asia & Pacific","Upper middle income",2018,NA,3.5831115,79.54276,NA,49.58755,0.527828083180253,5.03209691984883
"TON","Tonga","East Asia & Pacific","Upper middle income",2019,NA,3.2197609,81.16733,NA,46.06188,-0.285210784299821,1.17954334821801
"TON","Tonga","East Asia & Pacific","Upper middle income",2020,NA,3.6535513,71.52746,NA,54.26947,1.80618715298932,-0.349737696727419
"TTO","Trinidad and Tobago","Latin America & Caribbean ","High income",2000,17.23018,NA,75.60953,2.852354,42.10254,6.90135959072803,3.55541319666877
"TTO","Trinidad and Tobago","Latin America & Caribbean ","High income",2001,16.54813,NA,72.74756,2.848247,42.28934,4.16852398185424,5.536653263223
"TTO","Trinidad and Tobago","Latin America & Caribbean ","High income",2002,16.00654,NA,72.28037,3.15964,43.36959,7.93670968715332,4.1500586166472
"TTO","Trinidad and Tobago","Latin America & Caribbean ","High income",2003,16.24704,NA,75.87425,2.71989,33.47007,14.4409895389734,3.8111062439687
"TTO","Trinidad and Tobago","Latin America & Caribbean ","High income",2004,17.55207,NA,78.64252,3.50938,33.31993,7.95005151069972,3.72154938995965
"TTO","Trinidad and Tobago","Latin America & Caribbean ","High income",2005,16.48818,NA,78.54308,3.198022,35.18206,6.20893787954175,6.87453459583516
"TTO","Trinidad and Tobago","Latin America & Caribbean ","High income",2006,12.79648,NA,79.22536,2.314878,37.09148,13.2080586051735,8.32960351465347
"TTO","Trinidad and Tobago","Latin America & Caribbean ","High income",2007,12.84879,NA,84.22311,2.402271,34.51436,4.75420970092722,7.89438834757299
"TTO","Trinidad and Tobago","Latin America & Caribbean ","High income",2008,12.61009,NA,79.71968,2.349373,31.49738,3.39173707807387,12.0303445477177
"TTO","Trinidad and Tobago","Latin America & Caribbean ","High income",2009,21.7171,NA,58.70017,1.880193,59.14153,-4.3917292474614,6.97808725251547
"TTO","Trinidad and Tobago","Latin America & Caribbean ","High income",2010,24.07717,6.090557,60.50464,1.542515,50.32195,3.32322471027371,10.5492003179988
"TTO","Trinidad and Tobago","Latin America & Caribbean ","High income",2011,21.00059,6.1862277,62.52479,0.757888,44.37785,-0.294354409043763,5.1071328926456
"TTO","Trinidad and Tobago","Latin America & Caribbean ","High income",2012,15.58006,5.3242329,56.94143,1.165974,49.85661,6.71074625448722,9.26028137068292
"TTO","Trinidad and Tobago","Latin America & Caribbean ","High income",2013,13.2947,4.1839651,56.57233,0.7562925,49.23837,3.36819291689019,5.19981740465611
"TTO","Trinidad and Tobago","Latin America & Caribbean ","High income",2014,NA,4.060297,55.59111,NA,53.07526,3.67086851032413,5.68441814595659
"TTO","Trinidad and Tobago","Latin America & Caribbean ","High income",2015,25.53329,3.4092237,58.35656,2.568038,59.40196,-0.406283288730492,4.66121598098264
"TTO","Trinidad and Tobago","Latin America & Caribbean ","High income",2016,23.41025,3.1250053,59.03764,2.833362,65.43884,-7.53636305379372,3.07066742464024
"TTO","Trinidad and Tobago","Latin America & Caribbean ","High income",2017,17.37579,2.8722176,63.45664,1.513191,60.61622,-4.87274946918724,1.88038440183532
"TTO","Trinidad and Tobago","Latin America & Caribbean ","High income",2018,NA,3.04,63.83011,NA,60.97414,-0.945449700943314,1.01856930188822
"TTO","Trinidad and Tobago","Latin America & Caribbean ","High income",2019,23.68393,2.9038701,63.43612,NA,64.08949,0.467734528855885,1.00054293027237
"TTO","Trinidad and Tobago","Latin America & Caribbean ","High income",2020,18.65594,3.1975737,59.92276,-0.6039844,75.56866,-8.78879817831519,0.598986330824643
"TTO","Trinidad and Tobago","Latin America & Caribbean ","High income",2021,21.36008,NA,59.93314,1.636274,76.92672,-0.716740625909793,2.05922746915458
"TUN","Tunisia","Middle East, North Africa, Afghanistan & Pakistan","Lower middle income",2000,38.50254,21.6,129.3393,1.53259,41.28507,4.7099729138049,2.96230794738605
"TUN","Tunisia","Middle East, North Africa, Afghanistan & Pakistan","Lower middle income",2001,36.49537,21,129.3197,1.451007,42.43946,3.79627166202512,1.98333333333337
"TUN","Tunisia","Middle East, North Africa, Afghanistan & Pakistan","Lower middle income",2002,34.85358,21.4,130.13,0.8912537,42.75777,1.32255714828946,2.72103284850455
"TUN","Tunisia","Middle East, North Africa, Afghanistan & Pakistan","Lower middle income",2003,34.77785,24.200001,129.5556,0.8596322,42.53461,4.70239953285241,2.71259247474352
"TUN","Tunisia","Middle East, North Africa, Afghanistan & Pakistan","Lower middle income",2004,32.60271,23.6,128.2391,0.5968251,43.10186,6.23579072222647,3.63228004956625
"TUN","Tunisia","Middle East, North Africa, Afghanistan & Pakistan","Lower middle income",2005,32.81495,20.9,126.6068,0.6363249,43.85413,3.4865455430439,2.01778641357144
"TUN","Tunisia","Middle East, North Africa, Afghanistan & Pakistan","Lower middle income",2006,30.46297,NA,121.9709,0.1636918,44.86751,5.24409983246916,3.22525337438917
"TUN","Tunisia","Middle East, North Africa, Afghanistan & Pakistan","Lower middle income",2007,33.10794,NA,118.0872,0.4797936,46.69416,6.70952097453554,2.96694432477349
"TUN","Tunisia","Middle East, North Africa, Afghanistan & Pakistan","Lower middle income",2008,32.30201,NA,117.768,1.203153,48.60355,4.23778147502819,4.34502807623045
"TUN","Tunisia","Middle East, North Africa, Afghanistan & Pakistan","Lower middle income",2009,33.06602,13.2,114.9091,1.24414,51.57341,3.04345012371552,3.66490330642919
"TUN","Tunisia","Middle East, North Africa, Afghanistan & Pakistan","Lower middle income",2010,32.24989,13,121.9384,0.657261,51.36544,2.97113275066512,3.33897963601069
"TUN","Tunisia","Middle East, North Africa, Afghanistan & Pakistan","Lower middle income",2011,30.2056,11.3,131.2571,0.6003479,52.76927,-2.04663389535644,3.24002842009531
"TUN","Tunisia","Middle East, North Africa, Afghanistan & Pakistan","Lower middle income",2012,27.04214,12.8,127.9783,0.7495098,53.86591,4.21667711535632,4.6118443220664
"TUN","Tunisia","Middle East, North Africa, Afghanistan & Pakistan","Lower middle income",2013,27.52403,14.5,129.8794,-0.0915099,53.45898,2.42993096446429,5.31623531326689
"TUN","Tunisia","Middle East, North Africa, Afghanistan & Pakistan","Lower middle income",2014,31.44749,13.8,131.6279,1.303898,53.31404,3.09032803070775,4.62555099534031
"TUN","Tunisia","Middle East, North Africa, Afghanistan & Pakistan","Lower middle income",2015,31.16502,14.5,134.1027,1.377174,52.81844,0.967834205635981,4.437371273215
"TUN","Tunisia","Middle East, North Africa, Afghanistan & Pakistan","Lower middle income",2016,32.3149,NA,135.4359,1.50257,53.91339,1.117231963992,3.62939937384381
"TUN","Tunisia","Middle East, North Africa, Afghanistan & Pakistan","Lower middle income",2017,32.75764,NA,138.9999,1.648154,55.58889,2.25261437620587,5.30884839565844
"TUN","Tunisia","Middle East, North Africa, Afghanistan & Pakistan","Lower middle income",2018,32.28979,NA,141.0164,1.53819,45.14317,2.60696965356362,7.30759176031652
"TUN","Tunisia","Middle East, North Africa, Afghanistan & Pakistan","Lower middle income",2019,34.97545,NA,130.4422,1.884186,45.53676,1.55009304966742,6.72007532863799
"TUN","Tunisia","Middle East, North Africa, Afghanistan & Pakistan","Lower middle income",2020,34.96373,NA,130.5811,1.41743,52.96856,-8.97512622934723,5.63415115897625
"TUN","Tunisia","Middle East, North Africa, Afghanistan & Pakistan","Lower middle income",2021,38.68149,NA,126.1185,1.616476,51.4492,4.73603648206102,5.706350208307
"TUR","Turkiye","Europe & Central Asia","Upper middle income",2000,12.70103,9.1999998,54.57791,0.2754815,31.60902,NA,NA
"TUR","Turkiye","Europe & Central Asia","Upper middle income",2001,0.8713531,29.299999,35.89462,-4.742966,41.55004,NA,NA
"TUR","Turkiye","Europe & Central Asia","Upper middle income",2002,7.164623,12.7,38.34509,0.6064167,36.65332,NA,NA
"TUR","Turkiye","Europe & Central Asia","Upper middle income",2003,12.08088,11.5,44.09108,2.722593,31.77662,NA,NA
"TUR","Turkiye","Europe & Central Asia","Upper middle income",2004,16.81053,6.5,53.41785,4.422028,31.02407,NA,NA
"TUR","Turkiye","Europe & Central Asia","Upper middle income",2006,10.89203,3.9000001,66.29401,NA,37.29372,NA,NA
"TUR","Turkiye","Europe & Central Asia","Upper middle income",2007,12.57381,3.3,72.057,3.816872,38.88065,NA,NA
"TUR","Turkiye","Europe & Central Asia","Upper middle income",2008,10.63072,3.4000001,71.58112,2.174752,43.16295,NA,NA
"TUR","Turkiye","Europe & Central Asia","Upper middle income",2009,12.64946,5,71.53942,3.163578,48.2723,NA,NA
"TUR","Turkiye","Europe & Central Asia","Upper middle income",2010,12.76875,3.4895916,84.95583,2.971366,48.96656,NA,NA
"TUR","Turkiye","Europe & Central Asia","Upper middle income",2011,10.97805,2.5763221,99.56016,2.033822,46.36352,NA,NA
"TUR","Turkiye","Europe & Central Asia","Upper middle income",2012,12.54728,2.7433676,108.1045,2.440948,45.07828,NA,NA
"TUR","Turkiye","Europe & Central Asia","Upper middle income",2013,10.55661,2.636271,120.1597,1.825457,47.20433,NA,NA
"TUR","Turkiye","Europe & Central Asia","Upper middle income",2014,11.04237,2.7418313,128.2813,1.743824,46.48883,NA,NA
"TUR","Turkiye","Europe & Central Asia","Upper middle income",2015,10.39792,2.9877233,132.3298,1.383261,47.30321,NA,NA
"TUR","Turkiye","Europe & Central Asia","Upper middle income",2016,10.64479,3.1096837,130.7938,1.760166,49.91357,NA,NA
"TUR","Turkiye","Europe & Central Asia","Upper middle income",2017,10.83999,2.8427137,135.2124,2.029908,48.76577,NA,NA
"TUR","Turkiye","Europe & Central Asia","Upper middle income",2018,10.53031,3.686909,128.9872,1.578418,48.97559,NA,NA
"TUR","Turkiye","Europe & Central Asia","Upper middle income",2019,10.12361,5.0229493,113.4739,1.209666,54.48996,NA,NA
"TUR","Turkiye","Europe & Central Asia","Upper middle income",2020,9.152713,3.8900924,112.3092,1.233626,63.14733,NA,NA
"TUR","Turkiye","Europe & Central Asia","Upper middle income",2021,7.293731,NA,96.99043,1.104225,68.56544,NA,NA
"UGA","Uganda","Sub-Saharan Africa ","Low income",2000,10.50185,9.8000002,46.33103,6.658578,12.24715,3.141907338187,3.39202158512998
"UGA","Uganda","Sub-Saharan Africa ","Low income",2001,12.17215,6.5,53.97012,6.36698,12.27034,5.18366112490236,1.86512524084773
"UGA","Uganda","Sub-Saharan Africa ","Low income",2002,7.896344,3,52.29764,2.767814,14.72784,8.73268576440127,-0.287508511765196
"UGA","Uganda","Sub-Saharan Africa ","Low income",2003,8.568043,7.1999998,54.54044,4.761963,15.16428,6.47325867166543,8.68047651566884
"UGA","Uganda","Sub-Saharan Africa ","Low income",2004,9.551626,2.2,56.82603,5.91632,13.39696,6.80723334361883,3.72128743978228
"UGA","Uganda","Sub-Saharan Africa ","Low income",2005,9.959654,2.3,56.86569,4.811722,14.89805,6.33256511623156,8.44872642299532
"UGA","Uganda","Sub-Saharan Africa ","Low income",2006,10.55228,2.9000001,66.2514,4.551115,15.04926,10.7847443857453,7.31067613561864
"UGA","Uganda","Sub-Saharan Africa ","Low income",2007,11.02806,4.0999999,62.91766,4.705686,16.05008,8.41242596551071,6.1385108328505
"UGA","Uganda","Sub-Saharan Africa ","Low income",2008,12.84626,2.2,74.53191,4.256546,25.88237,8.70875190154499,12.0508555482886
"UGA","Uganda","Sub-Saharan Africa ","Low income",2009,14.14878,4.1999998,72.74811,4.500492,13.14057,6.80151734860395,13.0172561889185
"UGA","Uganda","Sub-Saharan Africa ","Low income",2010,12.08893,1.8615819,71.50514,3.440175,14.11487,5.63761163749757,3.97655288478168
"UGA","Uganda","Sub-Saharan Africa ","Low income",2011,14.04612,2.0321277,86.11301,5.14466,14.15859,9.3916554927176,16.5643496174515
"UGA","Uganda","Sub-Saharan Africa ","Low income",2012,15.23922,4.0558491,82.7077,5.236378,13.25512,3.83745560605229,12.6790377224659
"UGA","Uganda","Sub-Saharan Africa ","Low income",2013,14.00582,5.7568891,79.97277,3.463804,19.11358,3.58690582623025,4.90520875694557
"UGA","Uganda","Sub-Saharan Africa ","Low income",2014,14.16196,4.0105966,80.16142,3.589123,13.2747,5.10630732539796,3.07570668958641
"UGA","Uganda","Sub-Saharan Africa ","Low income",2015,13.19216,5.1269555,83.23788,1.760705,14.82608,5.18785986002466,5.58968606251725
"UGA","Uganda","Sub-Saharan Africa ","Low income",2016,15.14695,10.401311,80.0009,2.944807,15.05768,4.78100029254482,5.70637504616212
"UGA","Uganda","Sub-Saharan Africa ","Low income",2017,16.19445,5.5057768,75.05976,3.867494,15.71801,3.13140551723596,5.20971705914209
"UGA","Uganda","Sub-Saharan Africa ","Low income",2018,15.02385,3.3356999,77.89778,3.231996,15.52333,6.30392378262997,2.61601190952274
"UGA","Uganda","Sub-Saharan Africa ","Low income",2019,16.70738,4.7499796,74.85426,4.178675,16.32868,6.43874503276439,2.867588034469
"UGA","Uganda","Sub-Saharan Africa ","Low income",2020,15.13282,5.2158675,69.14388,2.894962,19.27315,2.95130642218098,3.31332289544502
"UGA","Uganda","Sub-Saharan Africa ","Low income",2021,16.67534,NA,71.44595,2.891589,18.62589,3.53658034070898,2.20457204757414
"UKR","Ukraine","Europe & Central Asia","Upper middle income",2000,6.197718,29.6,100.4152,2.996753,10.65367,5.90000000024899,28.2030972388552
"UKR","Ukraine","Europe & Central Asia","Upper middle income",2001,5.109946,25.1,103.8997,1.569948,12.57665,8.80000000367222,11.9588085390459
"UKR","Ukraine","Europe & Central Asia","Upper middle income",2002,6.359012,21.9,105.6211,1.795589,16.72333,5.33964720719075,0.75742084639286
"UKR","Ukraine","Europe & Central Asia","Upper middle income",2003,7.001287,28.299999,106.8902,3.961869,22.97049,9.51660986436364,5.17967781908315
"UKR","Ukraine","Europe & Central Asia","Upper middle income",2004,7.968503,30,104.5227,2.501873,24.08906,11.7953525281136,9.04806786050888
"UKR","Ukraine","Europe & Central Asia","Upper middle income",2005,6.298033,5.5999999,106.9626,2.773669,30.1353,3.07123039245209,13.5695764909248
"UKR","Ukraine","Europe & Central Asia","Upper middle income",2006,6.480596,4,130.9302,2.16878,33.85255,7.57142076322967,9.05252491133248
"UKR","Ukraine","Europe & Central Asia","Upper middle income",2007,4.713316,3,149.7998,1.92788,38.66658,8.21584445165715,12.8387796190181
"UKR","Ukraine","Europe & Central Asia","Upper middle income",2008,4.952098,3.9000001,195.9553,0.1449374,37.42885,2.24349159628288,25.226461707384
"UKR","Ukraine","Europe & Central Asia","Upper middle income",2009,2.690421,13.7,205.3811,-6.009567,35.7784,-15.1364679101502,15.8811924594476
"UKR","Ukraine","Europe & Central Asia","Upper middle income",2010,4.660158,15.266512,163.708,2.550784,38.21911,4.09200436668087,9.37293105078978
"UKR","Ukraine","Europe & Central Asia","Upper middle income",2011,4.781734,14.732288,150.7053,0.8752306,37.52813,5.44528081048476,7.95572466274652
"UKR","Ukraine","Europe & Central Asia","Upper middle income",2012,5.752451,16.54233,133.427,0.2519143,40.32356,0.152314967200653,0.568727971803862
"UKR","Ukraine","Europe & Central Asia","Upper middle income",2013,5.549157,12.886139,128.9213,-0.0457463,45.52443,0.045439094492707,-0.238948626045407
"UKR","Ukraine","Europe & Central Asia","Upper middle income",2014,4.335921,18.984423,141.4071,-4.58692,42.30396,-10.0788949840953,12.0718562874251
"UKR","Ukraine","Europe & Central Asia","Upper middle income",2015,4.351729,28.034771,131.5769,-3.878636,35.7411,-9.7729872128676,48.6998646434424
"UKR","Ukraine","Europe & Central Asia","Upper middle income",2016,3.860387,30.46827,116.8972,-23.80089,33.01936,2.44098194492067,13.9127101997797
"UKR","Ukraine","Europe & Central Asia","Upper middle income",2017,4.761672,54.541296,106.0041,-0.1966628,29.36485,2.35997228099491,14.4383227488749
"UKR","Ukraine","Europe & Central Asia","Upper middle income",2018,6.016317,52.847577,108.5126,2.142818,25.5581,3.48836234022659,10.9518559353178
"UKR","Ukraine","Europe & Central Asia","Upper middle income",2019,8.60972,48.358511,86.36517,6.529688,26.41914,3.19950386354134,7.88671745611133
"UKR","Ukraine","Europe & Central Asia","Upper middle income",2020,6.299481,41.004096,66.21861,3.465246,31.75714,-3.75281793983162,2.73249209419427
"UKR","Ukraine","Europe & Central Asia","Upper middle income",2021,5.184459,NA,64.54092,1.535595,27.26308,3.44562065945944,9.36313917695223
"ARE","United Arab Emirates","Middle East, North Africa, Afghanistan & Pakistan","High income",2000,26.48033,12.7,102.4591,2.061894,30.52151,10.852837927302,NA
"ARE","United Arab Emirates","Middle East, North Africa, Afghanistan & Pakistan","High income",2001,26.90384,15.7,89.4735,2.068791,38.45635,1.39892161061073,NA
"ARE","United Arab Emirates","Middle East, North Africa, Afghanistan & Pakistan","High income",2002,28.31122,15.3,90.03389,2.151511,40.09621,2.43337487237925,NA
"ARE","United Arab Emirates","Middle East, North Africa, Afghanistan & Pakistan","High income",2003,28.55331,14.3,88.39922,2.209093,40.90881,8.80057809996346,NA
"ARE","United Arab Emirates","Middle East, North Africa, Afghanistan & Pakistan","High income",2004,26.93648,12.5,88.00617,2.621273,42.85033,9.56652626277928,NA
"ARE","United Arab Emirates","Middle East, North Africa, Afghanistan & Pakistan","High income",2005,31.36517,8.3000002,94.68163,4.01323,46.21346,4.85513657996815,NA
"ARE","United Arab Emirates","Middle East, North Africa, Afghanistan & Pakistan","High income",2006,25.10307,6.4000001,102.1918,2.853529,46.27269,9.83727922860218,NA
"ARE","United Arab Emirates","Middle East, North Africa, Afghanistan & Pakistan","High income",2007,21.20276,2.5999999,98.32833,2.332421,56.98498,3.18441281459761,NA
"ARE","United Arab Emirates","Middle East, North Africa, Afghanistan & Pakistan","High income",2008,20.03789,2.3,121.9345,1.735422,55.01067,3.19181235452885,12.2504202448139
"ARE","United Arab Emirates","Middle East, North Africa, Afghanistan & Pakistan","High income",2009,24.00933,4.3000002,111.8132,1.272995,75.54089,-5.2429219073683,1.5618131744907
"ARE","United Arab Emirates","Middle East, North Africa, Afghanistan & Pakistan","High income",2010,24.87537,5.266989,105.9107,1.458149,70.26874,1.60285004336325,0.877983288285867
"ARE","United Arab Emirates","Middle East, North Africa, Afghanistan & Pakistan","High income",2011,25.3222,6.0862958,104.4563,1.590302,60.89104,6.73651167897515,0.87734659568512
"ARE","United Arab Emirates","Middle East, North Africa, Afghanistan & Pakistan","High income",2012,25.89978,7.1296518,101.9314,1.696425,59.37129,4.68325642918792,0.662268900269009
"ARE","United Arab Emirates","Middle East, North Africa, Afghanistan & Pakistan","High income",2013,25.6896,6.655646,85.45444,1.748959,70.24332,4.9184505919085,1.1011183637571
"ARE","United Arab Emirates","Middle East, North Africa, Afghanistan & Pakistan","High income",2014,25.85413,5.63672,88.62537,1.990173,73.08919,4.63291785879667,2.34626865671643
"ARE","United Arab Emirates","Middle East, North Africa, Afghanistan & Pakistan","High income",2015,26.12293,5.0270812,90.65662,1.8945,87.2219,7.08766622657654,4.06996608361593
"ARE","United Arab Emirates","Middle East, North Africa, Afghanistan & Pakistan","High income",2016,25.03958,5.0718334,94.60624,1.692456,88.67218,5.65790147196586,1.61748808904198
"ARE","United Arab Emirates","Middle East, North Africa, Afghanistan & Pakistan","High income",2017,26.54524,5.2952865,91.70524,1.551853,85.29311,-1.06137114472548,1.96682557818842
"ARE","United Arab Emirates","Middle East, North Africa, Afghanistan & Pakistan","High income",2018,25.3181,5.6104365,93.08253,1.621305,79.80027,1.53720634021511,3.06863379251997
"ARE","United Arab Emirates","Middle East, North Africa, Afghanistan & Pakistan","High income",2019,24.59051,6.457488,86.86516,1.67346,87.08417,1.27129120536284,-1.93108114782173
"ARE","United Arab Emirates","Middle East, North Africa, Afghanistan & Pakistan","High income",2020,22.13758,8.1549577,81.56601,0.7209771,104.9666,-8.69343363776639,-2.07940317940944
"ARE","United Arab Emirates","Middle East, North Africa, Afghanistan & Pakistan","High income",2021,22.2884,NA,NA,1.221979,NA,4.55280140106356,0.179935336174431
"GBR","United Kingdom","Europe & Central Asia","High income",2000,15.59074,2.5,NA,1.485493,NA,4.52438074810904,1.18295624210408
"GBR","United Kingdom","Europe & Central Asia","High income",2001,18.72355,2.5999999,NA,0.7332152,NA,2.39102229602824,1.53234960272418
"GBR","United Kingdom","Europe & Central Asia","High income",2002,19.94547,2.5999999,NA,0.9976718,NA,1.70902736258567,1.52040245947455
"GBR","United Kingdom","Europe & Central Asia","High income",2003,23.70205,2.5,NA,1.220246,NA,3.21851612669614,1.37650038542013
"GBR","United Kingdom","Europe & Central Asia","High income",2004,15.49068,1.9,NA,2.433141,NA,2.32601853325993,1.39039756680422
"GBR","United Kingdom","Europe & Central Asia","High income",2005,8.990466,1,NA,0.8020872,NA,2.7906547174688,2.0891364902507
"GBR","United Kingdom","Europe & Central Asia","High income",2006,7.801951,0.89999998,NA,0.655071,NA,2.18982132415704,2.4556616643929
"GBR","United Kingdom","Europe & Central Asia","High income",2007,9.072216,0.89999998,NA,0.8767121,NA,2.93091133582351,2.38656150773327
"GBR","United Kingdom","Europe & Central Asia","High income",2008,5.055129,1.6,NA,0.0484726,NA,-0.0494116727402769,3.52140856342539
"GBR","United Kingdom","Europe & Central Asia","High income",2009,6.465278,3.5,NA,-0.0516197,NA,-4.58740819226323,1.96173173560109
"GBR","United Kingdom","Europe & Central Asia","High income",2010,8.494985,3.9548338,NA,-0.0149475,NA,2.26054460931586,2.49265472467065
"GBR","United Kingdom","Europe & Central Asia","High income",2011,9.097598,3.9618682,NA,0.0584502,NA,0.851437739020326,3.8561124468282
"GBR","United Kingdom","Europe & Central Asia","High income",2012,8.717099,3.586284,NA,-0.2491959,NA,1.52826034721852,2.5732347965453
"GBR","United Kingdom","Europe & Central Asia","High income",2013,9.626945,3.1117417,NA,0.1872195,NA,1.71846961308464,2.29166666666659
"GBR","United Kingdom","Europe & Central Asia","High income",2014,11.64929,1.6543925,NA,0.250515,NA,3.16017351468152,1.45112016293279
"GBR","United Kingdom","Europe & Central Asia","High income",2015,18.29168,1.0145085,NA,0.5916712,NA,2.14040560033371,0.36804684232536
"GBR","United Kingdom","Europe & Central Asia","High income",2016,17.51455,0.94016128,NA,0.5013404,NA,2.20652020635357,1.0084173681141
"GBR","United Kingdom","Europe & Central Asia","High income",2017,15.88067,0.73465975,NA,0.6145649,NA,3.02322219840339,2.55775577557747
"GBR","United Kingdom","Europe & Central Asia","High income",2018,18.69784,1.0726275,NA,0.5426834,NA,1.55133095078786,2.29283990345938
"GBR","United Kingdom","Europe & Central Asia","High income",2019,18.37656,1.079504,NA,0.6154628,NA,1.25629899760824,1.73810460086513
"GBR","United Kingdom","Europe & Central Asia","High income",2020,17.62722,1.2156648,NA,0.3526097,NA,-10.047896637362,0.989486703772491
"GBR","United Kingdom","Europe & Central Asia","High income",2021,18.10662,NA,NA,0.7740927,NA,8.5431118453255,2.51837109614213
"USA","United States","North America","High income",2000,27.01785,1.1,77.544,1.781979,63.15723,4.07758575997799,3.37685727149929
"USA","United States","North America","High income",2001,28.67167,1.3,76.3257,1.693953,65.73482,0.955538337599847,2.82617111885407
"USA","United States","North America","High income",2002,29.47479,1.4,75.83255,1.912576,66.39241,1.70044733078285,1.58603162650601
"USA","United States","North America","High income",2003,29.41065,1.1,77.9679,2.051275,66.0372,2.79560596378604,2.27009497336115
"USA","United States","North America","High income",2004,31.80992,0.80000001,81.6397,1.895303,65.40208,3.84777169267127,2.67723669309172
"USA","United States","North America","High income",2005,31.72631,0.69999999,83.22308,1.910496,66.50285,3.48354993710312,3.3927468454955
"USA","United States","North America","High income",2006,31.84203,0.80000001,82.89767,1.858615,68.97102,2.78453963674239,3.22594410070404
"USA","United States","North America","High income",2007,30.54118,1.4,80.17538,1.268739,74.33477,2.0038583039496,2.85267248150138
"USA","United States","North America","High income",2008,26.37435,3,75.99315,0.1191502,78.63197,0.113587247501258,3.839100296651
"USA","United States","North America","High income",2009,30.93594,5,63.8285,0.220404,84.44508,-2.5765002366652,-0.355546266299747
"USA","United States","North America","High income",2010,33.21235,4.3877431,66.47291,0.9455028,78.63602,2.69519258673525,1.6400434423899
"USA","United States","North America","High income",2011,33.65604,3.7815045,63.01146,1.217208,80.34418,1.56440685205419,3.156841568622
"USA","United States","North America","High income",2012,33.74696,3.3172916,61.5783,1.395731,81.03249,2.28911339009767,2.06933726526067
"USA","United States","North America","High income",2013,33.92561,2.4523912,60.5169,1.519746,81.28259,2.11783009443471,1.46483265562717
"USA","United States","North America","High income",2014,34.10872,1.8507118,60.7163,1.473613,81.90596,2.52381981757846,1.62222297740817
"USA","United States","North America","High income",2015,34.13966,1.4734265,62.77115,1.561052,81.38542,2.94555045227337,0.118627135552451
"USA","United States","North America","High income",2016,33.66898,1.3205222,63.8359,1.56042,82.06911,1.81945147909089,1.26158320570536
"USA","United States","North America","High income",2017,33.62495,1.1268242,63.97555,1.58326,82.21514,2.45762230126449,2.13011000365961
"USA","United States","North America","High income",2018,34.68312,0.91316153,64.47144,1.755742,80.99707,2.96650506701943,2.44258329692817
"USA","United States","North America","High income",2019,35.16919,0.85525196,61.73064,1.697266,84.52532,2.58382533052225,1.81221007526021
"USA","United States","North America","High income",2020,30.29941,1.0653691,53.913,0.8944033,101.2169,-2.081375977796,1.23358439630629
"USA","United States","North America","High income",2021,31.06195,NA,NA,1.594521,NA,6.15202247867526,4.69785886363742
"URY","Uruguay","Latin America & Caribbean ","High income",2000,5.768299,NA,110.6482,0.7935379,40.59597,-1.92993063549235,4.76382472733251
"URY","Uruguay","Latin America & Caribbean ","High income",2001,3.76918,12.4,118.6707,-2.541483,45.29408,-3.84412995940374,4.3593406521727
"URY","Uruguay","Latin America & Caribbean ","High income",2002,1.137606,33.900002,125.8966,-14.41519,55.88591,-7.73200721540044,13.9724725913515
"URY","Uruguay","Latin America & Caribbean ","High income",2003,1.811674,14.3,87.1414,-1.967822,49.41892,0.805283915893824,19.3797301743995
"URY","Uruguay","Latin America & Caribbean ","High income",2004,4.119046,4.6999998,55.76031,0.8903844,43.20634,5.00416035564457,9.15760507540997
"URY","Uruguay","Latin America & Caribbean ","High income",2005,4.385618,5.5999999,56.55702,1.284172,39.58766,7.4601321302473,4.6992773903564
"URY","Uruguay","Latin America & Caribbean ","High income",2006,5.306827,3.7,59.32038,1.503169,40.24382,4.09857735445401,6.39764974385131
"URY","Uruguay","Latin America & Caribbean ","High income",2007,6.735029,1.1,65.32417,2.969373,35.74839,6.54151084504817,8.11464561179313
"URY","Uruguay","Latin America & Caribbean ","High income",2008,5.297704,1,67.59003,1.477301,41.11196,7.17614466455107,7.87707374730888
"URY","Uruguay","Latin America & Caribbean ","High income",2009,5.847657,3.8,58.14999,0.4836814,35.22158,4.24349419462426,7.06221874388574
"URY","Uruguay","Latin America & Caribbean ","High income",2010,6.150074,2.422809,58.4791,1.208597,38.05361,7.8034096507169,6.69870886978132
"URY","Uruguay","Latin America & Caribbean ","High income",2011,6.238244,1.4910544,58.6604,1.499745,39.26524,5.16213302463606,8.0928320630299
"URY","Uruguay","Latin America & Caribbean ","High income",2012,6.347547,1.3254759,61.82499,1.846979,37.89176,3.53817872056869,8.09776580573602
"URY","Uruguay","Latin America & Caribbean ","High income",2013,6.102961,1.2769421,64.37521,1.909133,40.3282,4.63753862902416,8.57513504005397
"URY","Uruguay","Latin America & Caribbean ","High income",2014,5.608903,1.2778221,63.08318,1.190617,42.80597,3.23879122952364,8.87735333229828
"URY","Uruguay","Latin America & Caribbean ","High income",2015,5.536208,1.598175,61.58505,1.630205,48.83353,0.370741257681345,8.66626987079328
"URY","Uruguay","Latin America & Caribbean ","High income",2016,6.04098,2.3158618,61.21766,0.4279579,42.07471,1.68979822971775,9.6394134763508
"URY","Uruguay","Latin America & Caribbean ","High income",2017,7.863129,2.371681,60.54502,1.847949,39.93914,1.74037649141989,6.2180938256186
"URY","Uruguay","Latin America & Caribbean ","High income",2018,7.47792,2.2553221,61.1474,2.083186,41.26407,0.164777608846705,7.60653360377047
"URY","Uruguay","Latin America & Caribbean ","High income",2019,7.862775,1.9542612,58.09344,3.641882,44.20905,0.928351027546341,7.88198870879619
"URY","Uruguay","Latin America & Caribbean ","High income",2020,6.931973,1.6326289,52.0555,2.638276,53.42582,-7.35732706897301,9.75640636078194
"URY","Uruguay","Latin America & Caribbean ","High income",2021,6.076103,NA,49.74969,2.023697,54.91127,5.84427325018082,7.74791402314762
"UZB","Uzbekistan","Europe & Central Asia","Lower middle income",2006,7.952955,3,NA,1.811436,NA,7.45141847621767,NA
"UZB","Uzbekistan","Europe & Central Asia","Lower middle income",2007,8.732517,2.8,NA,2.173755,NA,9.47300530544537,NA
"UZB","Uzbekistan","Europe & Central Asia","Lower middle income",2008,10.64192,3,NA,1.621144,NA,9.02916101784781,NA
"UZB","Uzbekistan","Europe & Central Asia","Lower middle income",2009,9.738481,1.2,NA,1.155138,NA,8.05093332733964,NA
"UZB","Uzbekistan","Europe & Central Asia","Lower middle income",2010,7.955146,0.96513105,NA,1.272528,NA,7.5971679610016,NA
"UZB","Uzbekistan","Europe & Central Asia","Lower middle income",2011,7.150289,0.70919016,NA,1.289327,NA,8.12793681625645,13.7797446476602
"UZB","Uzbekistan","Europe & Central Asia","Lower middle income",2012,7.533541,3.0532835,NA,1.26123,NA,7.35682138899483,13.2088026688373
"UZB","Uzbekistan","Europe & Central Asia","Lower middle income",2013,7.400607,2.8167003,70.5641,1.51194,13.24539,7.9217749261021,11.8414333622049
"UZB","Uzbekistan","Europe & Central Asia","Lower middle income",2014,7.107892,2.0968703,81.99473,1.662477,12.20138,7.71373911707978,9.28309356162695
"UZB","Uzbekistan","Europe & Central Asia","Lower middle income",2015,8.791997,1.4624146,78.31734,2.278896,12.95085,7.94477659311639,8.75188196737508
"UZB","Uzbekistan","Europe & Central Asia","Lower middle income",2016,7.46652,0.74408668,83.23778,1.937941,13.88938,6.71108022628,8.130886695236
"UZB","Uzbekistan","Europe & Central Asia","Lower middle income",2017,10.16162,1.1978075,99.70266,1.507675,15.89904,4.70027401956061,13.8757425441635
"UZB","Uzbekistan","Europe & Central Asia","Lower middle income",2018,9.80123,1.2787164,169.8754,1.345029,14.11151,5.72368380757618,17.5241796514055
"UZB","Uzbekistan","Europe & Central Asia","Lower middle income",2019,13.91469,1.4978135,233.0248,2.613812,12.27462,6.79331098484522,14.5257359560687
"UZB","Uzbekistan","Europe & Central Asia","Lower middle income",2020,11.46811,2.0606532,261.8811,1.731635,13.42755,1.62162281640448,12.8677297362606
"UZB","Uzbekistan","Europe & Central Asia","Lower middle income",2021,11.21105,NA,236.9643,0.8078788,15.11033,8.20448512353877,10.8492397508122
"VUT","Vanuatu","East Asia & Pacific","Lower middle income",2000,NA,NA,36.41263,NA,84.76577,5.92480905652918,2.53768844221106
"VUT","Vanuatu","East Asia & Pacific","Lower middle income",2001,NA,NA,36.57409,NA,89.69379,-3.39758248938266,3.57755452095074
"VUT","Vanuatu","East Asia & Pacific","Lower middle income",2002,NA,NA,40.08451,NA,90.53247,-5.19831875936025,1.96356754199195
"VUT","Vanuatu","East Asia & Pacific","Lower middle income",2003,NA,NA,44.63023,NA,84.89291,4.28833511695457,3.01624129930394
"VUT","Vanuatu","East Asia & Pacific","Lower middle income",2004,NA,NA,44.73901,NA,87.39024,3.98739280216959,1.41891891891893
"VUT","Vanuatu","East Asia & Pacific","Lower middle income",2005,NA,NA,46.51255,NA,92.40704,5.30532647259227,1.19920053297801
"VUT","Vanuatu","East Asia & Pacific","Lower middle income",2006,NA,NA,47.99777,NA,87.22124,8.46069747205426,2.04081632653062
"VUT","Vanuatu","East Asia & Pacific","Lower middle income",2007,NA,NA,46.33609,NA,93.26512,2.87589228775376,3.93548387096774
"VUT","Vanuatu","East Asia & Pacific","Lower middle income",2008,NA,NA,58.39364,NA,93.74101,5.60099182147225,4.84171322160149
"VUT","Vanuatu","East Asia & Pacific","Lower middle income",2009,NA,NA,72.65591,NA,88.88995,3.03730354099639,4.29706572955357
"VUT","Vanuatu","East Asia & Pacific","Lower middle income",2010,NA,4.7715054,84.03156,NA,80.00288,1.25886720329254,2.76269469477348
"VUT","Vanuatu","East Asia & Pacific","Lower middle income",2011,NA,7.8201597,90.72915,NA,76.04958,3.13980290023437,0.8737931047811
"VUT","Vanuatu","East Asia & Pacific","Lower middle income",2012,NA,7.8267853,97.71692,NA,75.11938,1.01004768692017,1.34740362877658
"VUT","Vanuatu","East Asia & Pacific","Lower middle income",2013,NA,14.104395,106.5374,NA,67.95453,0.463390415135436,1.45893371757921
"VUT","Vanuatu","East Asia & Pacific","Lower middle income",2014,NA,10.726512,107.033,NA,70.50652,3.10512947273315,0.798863838097023
"VUT","Vanuatu","East Asia & Pacific","Lower middle income",2015,NA,12.26699,97.88293,NA,73.78693,3.50101268962098,2.48326875660439
"VUT","Vanuatu","East Asia & Pacific","Lower middle income",2016,NA,10.809888,89.89488,NA,76.52023,3.61980830670927,0.842069084035061
"VUT","Vanuatu","East Asia & Pacific","Lower middle income",2017,NA,15.045226,86.16225,NA,74.64506,4.22332192519966,3.08452624403546
"VUT","Vanuatu","East Asia & Pacific","Lower middle income",2018,NA,16.06174,76.87561,NA,79.75867,2.51532789491979,2.33096379566866
"VUT","Vanuatu","East Asia & Pacific","Lower middle income",2019,NA,NA,72.2346,NA,79.90283,3.27677257380314,2.76252019386111
"VUT","Vanuatu","East Asia & Pacific","Lower middle income",2020,NA,NA,74.80014,NA,82.59239,-5.72530282073851,5.32935073101715
"VUT","Vanuatu","East Asia & Pacific","Lower middle income",2021,NA,NA,68.93034,NA,85.37364,-1.16332488626091,2.34328358208953
"VEN","Venezuela, RB","Latin America & Caribbean ","Lower middle income",2000,9.530333,6.5999999,68.97849,2.644197,15.1987,3.53535353535352,NA
"VEN","Venezuela, RB","Latin America & Caribbean ","Lower middle income",2001,10.23075,7,73.1292,2.604117,15.85058,3.41463414634147,NA
"VEN","Venezuela, RB","Latin America & Caribbean ","Lower middle income",2002,11.85472,9.1999998,68.27597,3.654064,14.13378,-8.72641509433961,NA
"VEN","Venezuela, RB","Latin America & Caribbean ","Lower middle income",2003,12.27649,7.6999998,45.96368,5.392047,18.6308,-7.75193798449614,NA
"VEN","Venezuela, RB","Latin America & Caribbean ","Lower middle income",2004,19.08624,2.8,62.5942,5.81166,17.16413,18.2072829131653,NA
"VEN","Venezuela, RB","Latin America & Caribbean ","Lower middle income",2005,14.89476,1.1,66.9817,3.166127,19.00837,10.1895734597156,NA
"VEN","Venezuela, RB","Latin America & Caribbean ","Lower middle income",2006,11.15049,1.1,61.22146,3.088136,26.89721,9.89247311827957,NA
"VEN","Venezuela, RB","Latin America & Caribbean ","Lower middle income",2007,9.606821,1.2,83.34348,2.912282,27.2992,8.80626223091976,NA
"VEN","Venezuela, RB","Latin America & Caribbean ","Lower middle income",2008,8.613565,1.9,82.63172,1.979876,25.23132,5.21582733812949,NA
"VEN","Venezuela, RB","Latin America & Caribbean ","Lower middle income",2009,8.922382,3,75.42164,1.91839,30.42598,-3.07692307692308,27.080941446613
"VEN","Venezuela, RB","Latin America & Caribbean ","Lower middle income",2010,6.856344,3.4000001,67.8187,1.482847,27.40515,-1.5873015873016,28.1874647092039
"VEN","Venezuela, RB","Latin America & Caribbean ","Lower middle income",2011,8.048985,1.4,63.55275,3.399656,32.03321,4.12186379928315,26.0902123160959
"VEN","Venezuela, RB","Latin America & Caribbean ","Lower middle income",2012,8.208526,0.89999998,64.89389,4.228714,38.72137,5.67986230636832,21.0689956331876
"VEN","Venezuela, RB","Latin America & Caribbean ","Lower middle income",2013,7.061074,0.69999999,61.24901,3.393942,48.54738,1.30293159609121,40.6394275161589
"VEN","Venezuela, RB","Latin America & Caribbean ","Lower middle income",2014,7.323114,0.83999997,63.24107,4.337959,62.48232,-3.85852090032154,62.1686499794829
"VNM","Viet Nam","East Asia & Pacific","Upper middle income",2000,9.61418,NA,401.5368,0.6423091,8.781015,NA,NA
"VNM","Viet Nam","East Asia & Pacific","Upper middle income",2001,9.488538,NA,410.304,0.0218805,9.575936,NA,NA
"VNM","Viet Nam","East Asia & Pacific","Upper middle income",2002,12.06384,NA,452.505,-0.1244457,9.531546,NA,NA
"VNM","Viet Nam","East Asia & Pacific","Upper middle income",2003,6.682008,NA,446.62,0.4151714,10.83077,NA,NA
"VNM","Viet Nam","East Asia & Pacific","Upper middle income",2004,7.659948,NA,472.5384,0.7927223,12.42703,NA,NA
"VNM","Viet Nam","East Asia & Pacific","Upper middle income",2005,13.31219,NA,498.6934,1.19778,12.12504,NA,NA
"VNM","Viet Nam","East Asia & Pacific","Upper middle income",2006,16.47378,NA,520.0959,2.17241,12.58538,NA,NA
"VNM","Viet Nam","East Asia & Pacific","Upper middle income",2007,17.72817,NA,498.4789,2.102787,17.17224,NA,NA
"VNM","Viet Nam","East Asia & Pacific","Upper middle income",2008,21.53539,2.2,682.038,1.574811,12.12778,NA,NA
"VNM","Viet Nam","East Asia & Pacific","Upper middle income",2009,18.39039,1.8,687.5303,2.170439,15.02696,NA,NA
"VNM","Viet Nam","East Asia & Pacific","Upper middle income",2010,17.77522,2.0925994,862.5997,1.820559,13.31032,NA,NA
"VNM","Viet Nam","East Asia & Pacific","Upper middle income",2011,16.77148,2.7920938,898.0479,1.828624,11.33554,NA,NA
"VNM","Viet Nam","East Asia & Pacific","Upper middle income",2012,15.61944,3.4379102,800.7696,1.267068,11.83477,NA,NA
"VNM","Viet Nam","East Asia & Pacific","Upper middle income",2013,15.32516,3.1070726,719.0488,0.8832543,13.47994,NA,NA
"VNM","Viet Nam","East Asia & Pacific","Upper middle income",2014,14.67904,2.935108,687.4731,0.8805404,14.58294,NA,NA
"VNM","Viet Nam","East Asia & Pacific","Upper middle income",2015,13.85397,2.3384992,681.4246,0.7747375,16.42635,NA,NA
"VNM","Viet Nam","East Asia & Pacific","Upper middle income",2016,12.81347,2.28,680.9561,0.825811,18.20969,NA,NA
"VNM","Viet Nam","East Asia & Pacific","Upper middle income",2017,12.60946,1.8249812,672.4113,0.9368042,19.41355,NA,NA
"VNM","Viet Nam","East Asia & Pacific","Upper middle income",2018,13.25171,1.8042137,696.2264,1.159681,19.13357,NA,NA
"VNM","Viet Nam","East Asia & Pacific","Upper middle income",2019,13.02772,1.5011269,677.2358,1.353424,20.36424,NA,NA
"VNM","Viet Nam","East Asia & Pacific","Upper middle income",2020,13.61867,NA,595.5128,1.361127,24.80127,NA,NA
"VNM","Viet Nam","East Asia & Pacific","Upper middle income",2021,14.66488,NA,535.7143,1.816965,23.33721,NA,NA
"ZMB","Zambia","Sub-Saharan Africa ","Lower middle income",2000,8.061995,NA,NA,0.9436736,NA,3.89732294341896,26.0304117888121
"ZMB","Zambia","Sub-Saharan Africa ","Lower middle income",2001,9.222421,NA,NA,0.9447247,NA,5.31686827418419,21.3937821792546
"ZMB","Zambia","Sub-Saharan Africa ","Lower middle income",2002,8.180285,NA,NA,1.462458,NA,4.50601428032604,22.2333446430947
"ZMB","Zambia","Sub-Saharan Africa ","Lower middle income",2003,7.177088,NA,NA,0.705995,NA,6.94497398221223,21.4015783901995
"ZMB","Zambia","Sub-Saharan Africa ","Lower middle income",2004,7.46811,NA,NA,1.715091,NA,7.03239511515218,17.9677891087286
"ZMB","Zambia","Sub-Saharan Africa ","Lower middle income",2005,9.613562,NA,NA,4.059307,NA,7.23559900655543,18.324439701174
"ZMB","Zambia","Sub-Saharan Africa ","Lower middle income",2006,8.829235,NA,NA,2.741436,NA,7.90369444480079,9.01957247226486
"ZMB","Zambia","Sub-Saharan Africa ","Lower middle income",2007,8.934963,NA,NA,3.17698,NA,8.35243624447406,10.6573496000153
"ZMB","Zambia","Sub-Saharan Africa ","Lower middle income",2008,8.747104,NA,NA,3.103447,NA,7.77389581542363,12.4455793463192
"ZMB","Zambia","Sub-Saharan Africa ","Lower middle income",2009,8.51375,NA,63.12637,1.62386,15.76751,9.2203484058663,13.3952546325895
"ZMB","Zambia","Sub-Saharan Africa ","Lower middle income",2010,7.509999,14.823594,56.76683,2.701086,16.11508,10.2982233241213,8.50176133365265
"ZMB","Zambia","Sub-Saharan Africa ","Lower middle income",2011,8.927444,10.376193,60.10277,3.111301,16.65804,5.56925219263019,6.4293968107234
"ZMB","Zambia","Sub-Saharan Africa ","Lower middle income",2012,10.19427,8.1053913,69.12149,3.495119,17.26424,7.59738104901994,6.57589970757698
"ZMB","Zambia","Sub-Saharan Africa ","Lower middle income",2013,11.85641,6.9583623,63.88838,3.533805,18.22199,5.05753695047252,6.97767605490307
"ZMB","Zambia","Sub-Saharan Africa ","Lower middle income",2014,12.87714,6.1043178,72.41872,3.577065,18.40766,4.69328316376705,7.80687553566333
"ZMB","Zambia","Sub-Saharan Africa ","Lower middle income",2015,10.26718,7.2792101,67.61201,2.652864,23.18788,2.92037511217961,10.1105928909618
"ZMB","Zambia","Sub-Saharan Africa ","Lower middle income",2016,10.32383,9.6649441,65.55407,2.840513,18.39616,3.75510031678988,17.8697300795268
"ZMB","Zambia","Sub-Saharan Africa ","Lower middle income",2017,11.92899,11.983703,56.71699,5.150186,19.64479,3.52586277149926,6.57731154205644
"ZMB","Zambia","Sub-Saharan Africa ","Lower middle income",2018,8.958558,10.951198,56.73787,2.243162,20.511,4.03449389667165,7.4945719272852
"ZMB","Zambia","Sub-Saharan Africa ","Lower middle income",2019,9.179658,8.9072779,58.62796,2.726294,21.3152,1.44130602603785,9.15031644316296
"ZMB","Zambia","Sub-Saharan Africa ","Lower middle income",2020,6.457372,11.630566,43.39663,1.329611,26.49758,-2.78505506545167,15.7330604721369
"ZMB","Zambia","Sub-Saharan Africa ","Lower middle income",2021,8.85603,NA,38.22525,4.281144,23.16045,6.23492204726448,22.0207676245777
"ZWE","Zimbabwe","Sub-Saharan Africa ","Lower middle income",2000,6.425017,NA,89.72077,NA,0.6097381,-3.05911780575599,NA
"ZWE","Zimbabwe","Sub-Saharan Africa ","Lower middle income",2001,6.537839,NA,65.18024,18.59157,1.380627,1.43951727721958,NA
"ZWE","Zimbabwe","Sub-Saharan Africa ","Lower middle income",2009,4.992606,NA,48.69184,NA,14.27616,13.2720546167979,NA
"ZWE","Zimbabwe","Sub-Saharan Africa ","Lower middle income",2010,4.590675,NA,74.61155,3.293908,18.00103,19.6754077019323,3.02267002518892
"ZWE","Zimbabwe","Sub-Saharan Africa ","Lower middle income",2011,5.008511,NA,93.14187,3.748241,20.27485,14.1939156801139,3.4661297281749
"ZWE","Zimbabwe","Sub-Saharan Africa ","Lower middle income",2012,5.439702,NA,93.83687,3.976133,21.40109,16.6654290410337,3.72532666110646
"ZWE","Zimbabwe","Sub-Saharan Africa ","Lower middle income",2013,5.302338,NA,93.88337,1.802568,19.93279,1.98948554025198,1.63495041543822
"ZWE","Zimbabwe","Sub-Saharan Africa ","Lower middle income",2014,5.057956,NA,87.87177,0.9297059,21.83512,2.37698561663417,-0.19778481012661
"ZWE","Zimbabwe","Sub-Saharan Africa ","Lower middle income",2015,5.497109,NA,76.89993,2.480262,23.46486,1.77985356392176,-2.43096842383404
"ZWE","Zimbabwe","Sub-Saharan Africa ","Lower middle income",2016,5.268896,NA,63.53494,2.402031,26.78586,0.75579405855224,-1.54366960054161
"ZWE","Zimbabwe","Sub-Saharan Africa ","Lower middle income",2017,5.127896,NA,50.0543,3.316798,33.47981,4.73441117758482,0.893962316050027
"ZWE","Zimbabwe","Sub-Saharan Africa ","Lower middle income",2018,5.264899,NA,42.80411,4.416162,40.10917,5.00992154297603,10.6188658669575
"ZWE","Zimbabwe","Sub-Saharan Africa ","Lower middle income",2019,7.479496,NA,33.4776,9.32647,20.65183,-6.33244976028571,255.304990757856
"ZWE","Zimbabwe","Sub-Saharan Africa ","Lower middle income",2020,7.084079,NA,36.80099,2.3174,17.86878,-7.81695060188729,557.201817362051
"ZWE","Zimbabwe","Sub-Saharan Africa ","Lower middle income",2021,8.08499,NA,47.23602,5.231296,15.8677,8.46801676808001,98.5461050920624
