country_code,country_name,region,income_group,year,bank_zscore,capital_to_assets,npl_ratio,roa,liquid_to_deposits,gdp_growth,inflation
AFG,Afghanistan,"Middle East, North Africa, Afghanistan & Pakistan",Low income,2006,48.99729,,52.90562,,9.212831,5.357403247,6.78459655
AFG,Afghanistan,"Middle East, North Africa, Afghanistan & Pakistan",Low income,2007,31.96604,,59.41396,-0.5466172,13.07231,13.82631955,8.680570785
AFG,Afghanistan,"Middle East, North Africa, Afghanistan & Pakistan",Low income,2008,19.94573,,60.26807,2.759812,15.5035,3.92498382,26.41866415
AFG,Afghanistan,"Middle East, North Africa, Afghanistan & Pakistan",Low income,2009,26.69275,,56.99373,1.604902,18.70725,21.39052839,-6.811161089
AFG,Afghanistan,"Middle East, North Africa, Afghanistan & Pakistan",Low income,2010,24.95099,,61.68562,0.7986935,19.14611,14.36244147,2.178537524
AFG,Afghanistan,"Middle East, North Africa, Afghanistan & Pakistan",Low income,2011,18.97911,,26.11724,-0.6150525,19.30889,0.426354777,11.80418581
AFG,Afghanistan,"Middle East, North Africa, Afghanistan & Pakistan",Low income,2012,18.89366,,23.00067,0.5845387,18.08667,12.75228709,6.441212809
AFG,Afghanistan,"Middle East, North Africa, Afghanistan & Pakistan",Low income,2013,18.98689,,23.64046,0.8105913,17.72008,5.600744659,7.385771784
AFG,Afghanistan,"Middle East, North Africa, Afghanistan & Pakistan",Low income,2014,16.59461,,21.57651,0.6056923,17.20384,2.724543362,4.673996035
AFG,Afghanistan,"Middle East, North Africa, Afghanistan & Pakistan",Low income,2015,16.86543,,22.07197,-0.0389673,17.11684,1.451314661,-0.661709165
AFG,Afghanistan,"Middle East, North Africa, Afghanistan & Pakistan",Low income,2016,19.55651,,19.90955,1.934542,18.96479,2.260314203,4.383891955
AFG,Afghanistan,"Middle East, North Africa, Afghanistan & Pakistan",Low income,2017,17.73415,,19.45025,0.8817809,19.07627,2.647003203,4.975951506
AFG,Afghanistan,"Middle East, North Africa, Afghanistan & Pakistan",Low income,2018,17.00372,,18.22994,0.9029136,18.88173,1.189228129,0.626149149
AFG,Afghanistan,"Middle East, North Africa, Afghanistan & Pakistan",Low income,2019,19.31851,,18.7596,1.147511,16.91687,3.911603416,2.302372515
AFG,Afghanistan,"Middle East, North Africa, Afghanistan & Pakistan",Low income,2020,17.68296,,16.8307,0.4028356,17.64849,-2.351100672,5.601887915
AFG,Afghanistan,"Middle East, North Africa, Afghanistan & Pakistan",Low income,2021,24.91561,,,1.374979,,-20.73883937,5.133203408
ALB,Albania,Europe & Central Asia,Upper middle income,2000,22.70429,,10.66688,2.284344,45.66356,7.462858718,0.050018136
ALB,Albania,Europe & Central Asia,Upper middle income,2001,16.82156,,12.73816,1.197692,48.68773,8.86373066,3.10758827
ALB,Albania,Europe & Central Asia,Upper middle income,2002,18.19811,,14.25826,0.9770987,45.41947,4.628395874,7.770525834
ALB,Albania,Europe & Central Asia,Upper middle income,2003,15.49718,4.5999999,16.30019,1.478971,46.96875,5.33326426,0.484002612
ALB,Albania,Europe & Central Asia,Upper middle income,2004,13.55628,4.1999998,19.45933,1.178828,49.49909,5.266261739,2.280019169
ALB,Albania,Europe & Central Asia,Upper middle income,2005,15.71617,2.3,29.11831,2.06583,52.80478,5.130821931,2.366581957
ALB,Albania,Europe & Central Asia,Upper middle income,2006,14.01966,3.0999999,38.70012,1.644573,57.65782,6.01898124,2.370728319
ALB,Albania,Europe & Central Asia,Upper middle income,2007,15.56857,3.4000001,47.93907,2.028957,62.41558,6.500092612,2.932682482
ALB,Albania,Europe & Central Asia,Upper middle income,2008,19.17594,6.5999999,61.61376,1.675837,57.3421,6.907062307,3.320870904
ALB,Albania,Europe & Central Asia,Upper middle income,2009,20.24039,10.5,63.52218,1.174448,57.90776,2.690751524,2.266922095
ALB,Albania,Europe & Central Asia,Upper middle income,2010,21.02804,13.96298,59.0051,1.193203,63.32483,2.973154427,3.627100915
ALB,Albania,Europe & Central Asia,Upper middle income,2011,22.15,18.769339,58.43037,1.020097,67.28407,2.463516839,3.428071301
ALB,Albania,Europe & Central Asia,Upper middle income,2012,22.32134,22.493897,55.74315,0.6402801,69.8149,0.98412988,2.031592684
ALB,Albania,Europe & Central Asia,Upper middle income,2013,22.08734,23.492778,53.83069,0.6055239,70.35517,1.707228318,1.937620802
ALB,Albania,Europe & Central Asia,Upper middle income,2014,22.15308,22.802734,53.40128,0.8724337,70.04085,2.240226954,1.625865044
ALB,Albania,Europe & Central Asia,Upper middle income,2015,22.14953,18.168574,51.55516,0.1909479,68.59187,2.227704075,1.896174026
ALB,Albania,Europe & Central Asia,Upper middle income,2016,23.78067,18.269952,50.37444,0.7378542,68.64949,3.908935514,1.275431684
ALB,Albania,Europe & Central Asia,Upper middle income,2017,21.7047,13.232533,50.60535,0.9419345,64.34592,3.283175933,1.986661332
ALB,Albania,Europe & Central Asia,Upper middle income,2018,19.98183,11.084582,50.5542,0.6793432,60.41314,3.671419281,2.028059631
ALB,Albania,Europe & Central Asia,Upper middle income,2019,20.55072,8.368958,51.63216,1.206444,60.71103,2.062577902,1.41109079
ALB,Albania,Europe & Central Asia,Upper middle income,2020,20.24314,8.1138999,51.95975,1.183779,67.65973,-3.313756369,1.620886617
ALB,Albania,Europe & Central Asia,Upper middle income,2021,19.05608,,51.59088,1.346364,64.32858,8.969576191,2.041471631
DZA,Algeria,"Middle East, North Africa, Afghanistan & Pakistan",Upper middle income,2000,8.788944,,22.75307,0.2338498,26.14624,3.800000002,0.339163189
DZA,Algeria,"Middle East, North Africa, Afghanistan & Pakistan",Upper middle income,2001,9.36163,,19.65014,0.1651564,40.59793,2.999999999,4.225988349
DZA,Algeria,"Middle East, North Africa, Afghanistan & Pakistan",Upper middle income,2002,10.52907,,26.79668,0.5617591,45.39818,5.4,1.418301923
DZA,Algeria,"Middle East, North Africa, Afghanistan & Pakistan",Upper middle income,2003,10.32534,,24.74938,0.2830099,45.21692,6.500000001,4.268953958
DZA,Algeria,"Middle East, North Africa, Afghanistan & Pakistan",Upper middle income,2004,9.639084,,25.88542,0.3764642,42.39005,4.5,3.961800303
DZA,Algeria,"Middle East, North Africa, Afghanistan & Pakistan",Upper middle income,2005,8.529184,,31.35398,0.2648911,37.78471,5.4,1.382446567
DZA,Algeria,"Middle East, North Africa, Afghanistan & Pakistan",Upper middle income,2006,9.497072,,29.5643,1.159484,40.9648,2.899999999,2.311499185
DZA,Algeria,"Middle East, North Africa, Afghanistan & Pakistan",Upper middle income,2007,10.02454,,27.94635,1.005523,46.19802,3.100000001,3.678995747
DZA,Algeria,"Middle East, North Africa, Afghanistan & Pakistan",Upper middle income,2008,12.6932,,28.57536,1.423582,44.71291,2.499999999,4.858590628
DZA,Algeria,"Middle East, North Africa, Afghanistan & Pakistan",Upper middle income,2009,17.72422,21.1,33.38467,1.897979,48.66047,1.2,5.737060361
DZA,Algeria,"Middle East, North Africa, Afghanistan & Pakistan",Upper middle income,2010,19.23774,18.31,33.76478,1.968981,44.98983,4.800000001,3.911061955
DZA,Algeria,"Middle East, North Africa, Afghanistan & Pakistan",Upper middle income,2011,19.90931,14.398306,31.80456,2.077532,43.06861,2.999999999,4.524211505
DZA,Algeria,"Middle East, North Africa, Afghanistan & Pakistan",Upper middle income,2012,20.49009,11.726381,33.94255,1.931919,41.27208,2.4,8.891450911
DZA,Algeria,"Middle East, North Africa, Afghanistan & Pakistan",Upper middle income,2013,20.54717,10.563971,37.96037,1.669976,43.42392,2.600000001,3.25423911
DZA,Algeria,"Middle East, North Africa, Afghanistan & Pakistan",Upper middle income,2014,18.82034,9.9349605,37.06756,1.540271,49.44395,4.099999999,2.916926921
DZA,Algeria,"Middle East, North Africa, Afghanistan & Pakistan",Upper middle income,2015,19.96733,9.7673454,43.47479,1.548883,49.87261,3.200000001,4.784447007
DZA,Algeria,"Middle East, North Africa, Afghanistan & Pakistan",Upper middle income,2016,22.13776,12.089159,49.1687,1.743414,46.48419,3.9,6.397694803
DZA,Algeria,"Middle East, North Africa, Afghanistan & Pakistan",Upper middle income,2017,23.12142,12.958502,49.99484,1.86164,48.7765,1.499999999,5.59111591
DZA,Algeria,"Middle East, North Africa, Afghanistan & Pakistan",Upper middle income,2018,24.28966,12.697401,50.18056,2.340024,49.58972,1.400000001,4.269990205
DZA,Algeria,"Middle East, North Africa, Afghanistan & Pakistan",Upper middle income,2019,22.43565,,53.70742,1.383977,48.01913,0.899999999,1.951768211
DZA,Algeria,"Middle East, North Africa, Afghanistan & Pakistan",Upper middle income,2020,24.82232,,55.02512,1.352315,53.93711,-4.999999999,2.415130941
DZA,Algeria,"Middle East, North Africa, Afghanistan & Pakistan",Upper middle income,2021,,,48.48491,,51.51547,3.799999999,7.226063074
AGO,Angola,Sub-Saharan Africa,Lower middle income,2000,,,14.1069,,13.94027,3.054624235,324.9968716
AGO,Angola,Sub-Saharan Africa,Lower middle income,2001,10.62636,,21.43877,,16.8162,4.205998557,152.5610225
AGO,Angola,Sub-Saharan Africa,Lower middle income,2002,7.43558,,26.58673,2.224722,12.91612,13.66568876,108.8974361
AGO,Angola,Sub-Saharan Africa,Lower middle income,2003,9.720601,,36.8115,3.892583,10.70298,3.487312401,98.22414366
AGO,Angola,Sub-Saharan Africa,Lower middle income,2004,9.461455,,43.97969,3.980285,9.946123,11.41986339,43.54210675
AGO,Angola,Sub-Saharan Africa,Lower middle income,2005,8.902429,,40.96426,3.443457,10.2368,14.15477753,22.95351385
AGO,Angola,Sub-Saharan Africa,Lower middle income,2006,8.971141,,49.77911,3.553683,12.89404,11.84181788,13.30521018
AGO,Angola,Sub-Saharan Africa,Lower middle income,2007,9.101395,,62.48415,3.804001,15.2673,13.00268895,12.25149745
AGO,Angola,Sub-Saharan Africa,Lower middle income,2008,8.391402,,61.46616,4.144489,19.40754,10.78663605,12.47582913
AGO,Angola,Sub-Saharan Africa,Lower middle income,2009,9.826188,,59.33615,3.930423,38.22892,1.995589098,13.73028393
AGO,Angola,Sub-Saharan Africa,Lower middle income,2010,10.50042,,65.94779,3.812508,31.10098,5.293665728,14.46965649
AGO,Angola,Sub-Saharan Africa,Lower middle income,2011,10.48486,,62.65359,3.214974,31.37027,3.593869602,13.48246792
AGO,Angola,Sub-Saharan Africa,Lower middle income,2012,9.03674,,72.17168,2.068325,29.04334,8.503122839,10.27790492
AGO,Angola,Sub-Saharan Africa,Lower middle income,2013,9.455144,,69.30701,1.917671,31.07033,4.883061297,8.777814293
AGO,Angola,Sub-Saharan Africa,Lower middle income,2014,8.564436,,59.79449,2.042946,33.2584,4.655723563,7.280387304
AGO,Angola,Sub-Saharan Africa,Lower middle income,2015,8.2767,,62.92494,1.894062,38.15775,0.763177711,9.355972155
AGO,Angola,Sub-Saharan Africa,Lower middle income,2016,8.226519,,54.26311,1.608387,36.74832,-0.233076955,30.69441508
AGO,Angola,Sub-Saharan Africa,Lower middle income,2017,8.975831,,52.88972,1.458728,30.10038,-0.164688657,29.8444799
AGO,Angola,Sub-Saharan Africa,Lower middle income,2018,12.03643,,47.44531,3.690685,29.15427,-0.506697544,19.62893797
AGO,Angola,Sub-Saharan Africa,Lower middle income,2019,15.27698,,44.14502,-0.6927311,31.76875,-1.055234145,17.08095414
AGO,Angola,Sub-Saharan Africa,Lower middle income,2020,8.44287,,32.0437,-2.183868,36.41713,-5.273491283,22.27153925
AGO,Angola,Sub-Saharan Africa,Lower middle income,2021,15.54836,,37.19412,4.195392,22.58882,1.090583699,25.75429488
ATG,Antigua and Barbuda,Latin America & Caribbean,High income,2000,18.29223,,78.0063,0.2221633,75.15763,6.203552126,0.771779797
ATG,Antigua and Barbuda,Latin America & Caribbean,High income,2001,19.29978,,76.18534,0.8356125,81.90885,-4.548109771,1.402796636
ATG,Antigua and Barbuda,Latin America & Caribbean,High income,2002,19.61845,,78.37007,1.568055,84.5531,1.027234861,2.407658013
ATG,Antigua and Barbuda,Latin America & Caribbean,High income,2003,20.54313,,69.31627,1.453966,93.06409,6.076636664,1.993530552
ATG,Antigua and Barbuda,Latin America & Caribbean,High income,2004,24.69852,,66.27628,1.865525,91.63269,5.767103383,2.030077579
ATG,Antigua and Barbuda,Latin America & Caribbean,High income,2005,20.38857,,67.21742,1.261931,89.71767,6.473689418,2.098751967
ATG,Antigua and Barbuda,Latin America & Caribbean,High income,2006,17.88858,,72.719,1.224645,88.23092,12.70814749,1.787785374
ATG,Antigua and Barbuda,Latin America & Caribbean,High income,2007,14.74231,,73.72945,0.8328347,87.38882,9.315182723,1.416052594
ATG,Antigua and Barbuda,Latin America & Caribbean,High income,2008,,,77.20529,,86.3748,-0.014006598,5.333806398
ATG,Antigua and Barbuda,Latin America & Caribbean,High income,2009,,,85.97227,,86.38249,-11.96287947,-0.550159996
ATG,Antigua and Barbuda,Latin America & Caribbean,High income,2010,,,85.14003,,92.88503,-7.840506837,3.370025402
ATG,Antigua and Barbuda,Latin America & Caribbean,High income,2011,,,80.25674,,95.47834,-1.958742622,3.456749672
ATG,Antigua and Barbuda,Latin America & Caribbean,High income,2012,,,75.49197,,93.22255,3.373142739,3.376880443
ATG,Antigua and Barbuda,Latin America & Caribbean,High income,2013,,,71.95895,,95.54,-0.60098233,1.059497824
ATG,Antigua and Barbuda,Latin America & Caribbean,High income,2014,,,67.73779,,91.25778,2.198291887,1.089441574
ATG,Antigua and Barbuda,Latin America & Caribbean,High income,2015,,,57.95764,,90.23624,1.421619976,0.968993459
ATG,Antigua and Barbuda,Latin America & Caribbean,High income,2016,,,58.9736,,82.66156,4.120367544,-0.489437796
ATG,Antigua and Barbuda,Latin America & Caribbean,High income,2017,,,53.24872,,86.84058,2.71272658,2.43248789
ATG,Antigua and Barbuda,Latin America & Caribbean,High income,2018,,,50.62948,,85.12023,6.712004872,1.207157934
ATG,Antigua and Barbuda,Latin America & Caribbean,High income,2019,,,53.34319,,80.45354,3.172221937,1.431355982
ATG,Antigua and Barbuda,Latin America & Caribbean,High income,2020,,,61.86497,,89.53429,-18.86877652,0.625989707
ATG,Antigua and Barbuda,Latin America & Caribbean,High income,2021,,,52.02621,,95.10706,8.172863112,2.062996385
ARG,Argentina,Latin America & Caribbean,Upper middle income,2000,4.915412,16,84.47463,0.768433,27.4253,-0.788998939,
ARG,Argentina,Latin America & Caribbean,Upper middle income,2001,6.02341,13.1,84.8335,0.263538,23.75952,-4.408839683,
ARG,Argentina,Latin America & Caribbean,Upper middle income,2002,5.348983,18.1,66.67413,-6.572157,22.67097,-10.89448483,
ARG,Argentina,Latin America & Caribbean,Upper middle income,2003,3.198451,17.700001,46.14908,-3.446643,23.01494,8.837040796,
ARG,Argentina,Latin America & Caribbean,Upper middle income,2004,4.843886,10.7,44.5161,-0.4588111,21.34349,9.029573301,
ARG,Argentina,Latin America & Caribbean,Upper middle income,2005,5.822709,5.1999998,49.25088,0.8764148,21.15076,8.85165992,
ARG,Argentina,Latin America & Caribbean,Upper middle income,2006,6.632442,3.4000001,56.16525,1.721297,20.53297,8.0471515,
ARG,Argentina,Latin America & Caribbean,Upper middle income,2007,6.463908,2.7,61.86273,1.671448,20.38741,9.007650875,
ARG,Argentina,Latin America & Caribbean,Upper middle income,2008,6.305019,3.0999999,69.34873,1.925313,17.04823,4.057233103,
ARG,Argentina,Latin America & Caribbean,Upper middle income,2009,7.069361,3.5,65.1235,3.435282,18.42547,-5.918525076,
ARG,Argentina,Latin America & Caribbean,Upper middle income,2010,7.177739,2.1170229,66.57224,3.479692,18.47964,10.12539816,
ARG,Argentina,Latin America & Caribbean,Upper middle income,2011,7.025817,1.3955984,77.87972,4.06475,17.38624,6.003951693,
ARG,Argentina,Latin America & Caribbean,Upper middle income,2012,7.497633,1.7345487,76.76775,4.314581,19.13465,-1.026420454,
ARG,Argentina,Latin America & Caribbean,Upper middle income,2013,7.65534,1.7325824,78.1691,4.30008,19.42729,2.405323781,
ARG,Argentina,Latin America & Caribbean,Upper middle income,2014,8.4206,1.9900644,71.42828,5.371531,18.85372,-2.512615321,
ARG,Argentina,Latin America & Caribbean,Upper middle income,2015,8.448619,1.7368418,68.71815,4.09419,20.49133,2.731159828,
ARG,Argentina,Latin America & Caribbean,Upper middle income,2016,7.426713,1.8366055,60.38981,5.021817,21.89971,-2.080327844,
ARG,Argentina,Latin America & Caribbean,Upper middle income,2017,7.50613,1.8303637,70.41665,3.741078,21.84118,2.818502978,
ARG,Argentina,Latin America & Caribbean,Upper middle income,2018,7.21939,3.1085722,,3.491434,,-2.617396463,34.27722371
ARG,Argentina,Latin America & Caribbean,Upper middle income,2019,9.317062,5.7484931,,5.21243,,-2.000861003,53.54830435
ARG,Argentina,Latin America & Caribbean,Upper middle income,2020,9.249464,3.8612578,,3.489372,,-9.900484814,42.01509474
ARG,Argentina,Latin America & Caribbean,Upper middle income,2021,9.083421,,,2.050645,,10.44181199,48.40937863
ARM,Armenia,Europe & Central Asia,Upper middle income,2000,9.300473,17.5,111.3099,0.6590719,8.920513,5.900000003,-0.790883769
ARM,Armenia,Europe & Central Asia,Upper middle income,2001,10.76747,,95.06638,0.6536459,7.90273,9.599999999,3.145904647
ARM,Armenia,Europe & Central Asia,Upper middle income,2002,15.34415,9.8999996,74.49761,2.839615,9.026091,13.2,1.060049293
ARM,Armenia,Europe & Central Asia,Upper middle income,2003,13.69358,5.4000001,64.90103,2.829343,8.686297,14,4.721553366
ARM,Armenia,Europe & Central Asia,Upper middle income,2004,17.28432,2.0999999,70.1206,4.317928,9.783193,10.5,6.961261359
ARM,Armenia,Europe & Central Asia,Upper middle income,2005,21.59167,1.9,80.75019,3.808463,9.830217,13.9,0.638928002
ARM,Armenia,Europe & Central Asia,Upper middle income,2006,22.71038,2.4000001,84.98064,4.943709,10.28022,13.2,2.892356625
ARM,Armenia,Europe & Central Asia,Upper middle income,2007,21.75204,2.4000001,116.5103,4.299541,11.56925,13.7,4.407360896
ARM,Armenia,Europe & Central Asia,Upper middle income,2008,23.90477,4.3000002,161.0035,3.889499,10.9683,6.9,8.949953354
ARM,Armenia,Europe & Central Asia,Upper middle income,2009,18.67494,4.9000001,143.37,1.290477,16.89125,-14.1,3.406766827
ARM,Armenia,Europe & Central Asia,Upper middle income,2010,20.03384,3.0414113,161.2625,2.576212,17.15008,2.2,8.176361385
ARM,Armenia,Europe & Central Asia,Upper middle income,2011,17.66952,3.4210915,168.0856,2.342858,20.40175,4.699999999,7.650008079
ARM,Armenia,Europe & Central Asia,Upper middle income,2012,16.44,3.6692222,172.8487,2.246142,22.48065,7.200000001,2.558020078
ARM,Armenia,Europe & Central Asia,Upper middle income,2013,15.40515,4.4853389,161.6799,1.908619,25.408,3.3,5.789667785
ARM,Armenia,Europe & Central Asia,Upper middle income,2014,13.38436,6.9697504,172.5044,1.16731,27.37659,3.600000001,2.981308689
ARM,Armenia,Europe & Central Asia,Upper middle income,2015,13.70702,7.9497167,145.8335,0.5148361,29.89857,3.199999999,3.731691193
ARM,Armenia,Europe & Central Asia,Upper middle income,2016,14.90953,6.7241113,132.0816,1.299793,34.99961,0.2,-1.403607559
ARM,Armenia,Europe & Central Asia,Upper middle income,2017,14.88844,5.4323178,128.7801,0.9670757,37.92698,7.500000002,0.969553269
ARM,Armenia,Europe & Central Asia,Upper middle income,2018,14.4391,4.7543983,140.9845,1.557655,37.32541,5.2,2.52023382
ARM,Armenia,Europe & Central Asia,Upper middle income,2019,14.2648,5.5066658,147.577,1.825862,38.85471,7.599999999,1.443446608
ARM,Armenia,Europe & Central Asia,Upper middle income,2020,12.8254,6.5548157,160.5057,1.091094,43.03131,-7.199999999,1.211435778
ARM,Armenia,Europe & Central Asia,Upper middle income,2021,12.31924,,131.7701,0.8927863,44.77929,5.800000001,7.184836294
ABW,Aruba,Latin America & Caribbean,High income,2000,,,93.62502,,47.85699,7.622920649,4.044021312
ABW,Aruba,Latin America & Caribbean,High income,2001,,,93.45628,,49.85022,4.18200163,2.883604303
ABW,Aruba,Latin America & Caribbean,High income,2002,,,94.17749,,53.92677,-0.944953481,3.315246786
ABW,Aruba,Latin America & Caribbean,High income,2003,,,96.46764,,57.02629,1.110504599,3.656365079
ABW,Aruba,Latin America & Caribbean,High income,2004,,,97.64754,,53.03474,7.293728071,2.529129469
ABW,Aruba,Latin America & Caribbean,High income,2005,,,100.8612,,53.6046,-0.383137672,3.397786778
ABW,Aruba,Latin America & Caribbean,High income,2006,,,102.6946,,52.46921,1.127411464,3.608024388
ABW,Aruba,Latin America & Caribbean,High income,2007,,,103.7333,,49.86539,3.089544385,5.392567845
ABW,Aruba,Latin America & Caribbean,High income,2008,,,91.87391,,55.13926,1.835755172,8.955987052
ABW,Aruba,Latin America & Caribbean,High income,2009,,,85.5248,,65.35717,-11.67774137,-2.13542872
ABW,Aruba,Latin America & Caribbean,High income,2010,,,86.70889,,67.81293,-2.733456793,2.078140719
ABW,Aruba,Latin America & Caribbean,High income,2011,,,89.28773,,62.99598,3.369237184,4.316297422
ABW,Aruba,Latin America & Caribbean,High income,2012,,,85.37672,,68.74087,-1.040799884,0.627471993
ABW,Aruba,Latin America & Caribbean,High income,2013,,,93.9272,,62.98694,6.431460807,-2.372065243
ABW,Aruba,Latin America & Caribbean,High income,2014,,,92.64525,,65.01788,1.426099512,0.421440919
ABW,Aruba,Latin America & Caribbean,High income,2015,,,84.26423,,67.19653,3.611479066,0.474763597
ABW,Aruba,Latin America & Caribbean,High income,2016,,,77.97427,,73.38168,1.234335374,-0.931195987
ABW,Aruba,Latin America & Caribbean,High income,2017,,,79.76316,,71.77642,3.493429853,-1.028281788
ABW,Aruba,Latin America & Caribbean,High income,2018,,,79.75225,,71.7943,3.212471119,3.626041414
ABW,Aruba,Latin America & Caribbean,High income,2019,,,82.34886,,80.60335,1.229144089,4.257462043
AUS,Australia,East Asia & Pacific,High income,2000,10.741,0.5,138.016,0.9274855,61.20855,3.916057488,4.457437059
AUS,Australia,East Asia & Pacific,High income,2001,9.112912,0.60000002,130.7693,-0.5973473,65.48318,2.031458802,4.407129986
AUS,Australia,East Asia & Pacific,High income,2002,13.33809,0.40000001,136.4595,0.7134161,64.64081,3.949805358,2.98157117
AUS,Australia,East Asia & Pacific,High income,2003,17.38322,0.30000001,139.053,1.257572,68.97218,3.0912801,2.732597548
AUS,Australia,East Asia & Pacific,High income,2004,,0.2,138.5544,,71.54565,4.218941475,2.343256871
AUS,Australia,East Asia & Pacific,High income,2005,9.890554,0.60000002,144.2296,,72.17911,3.155481213,2.691829496
AUS,Australia,East Asia & Pacific,High income,2006,17.30745,0.60000002,141.537,2.815032,77.21548,2.770926174,3.55528697
AUS,Australia,East Asia & Pacific,High income,2007,14.83043,0.60000002,126.8457,1.477672,92.80511,3.789471199,2.327614426
AUS,Australia,East Asia & Pacific,High income,2008,13.71019,1.3,124.72,1.056547,97.17364,3.623985036,4.350297267
AUS,Australia,East Asia & Pacific,High income,2009,14.8441,2,133.1289,0.8498641,95.52926,1.954848263,1.771120257
AUS,Australia,East Asia & Pacific,High income,2010,15.33082,2.1485613,127.4613,1.146467,96.82464,2.210047953,2.918337021
AUS,Australia,East Asia & Pacific,High income,2011,14.39567,1.9683863,124.9553,1.17376,97.26168,2.394734943,3.303847847
AUS,Australia,East Asia & Pacific,High income,2012,13.89547,1.7018915,122.0985,1.073157,100.9846,3.952471381,1.762782991
AUS,Australia,East Asia & Pacific,High income,2013,13.73787,1.3651749,137.2701,1.079397,89.02343,2.654453026,2.449882481
AUS,Australia,East Asia & Pacific,High income,2014,13.48903,1.0138445,138.7739,1.168866,91.76347,2.601189782,2.487929321
AUS,Australia,East Asia & Pacific,High income,2015,13.33152,0.8887255,119.0935,1.030748,114.2654,2.164347806,1.508368031
AUS,Australia,East Asia & Pacific,High income,2016,12.99751,0.94767635,139.7372,,99.57438,2.755640655,1.276993657
AUS,Australia,East Asia & Pacific,High income,2017,13.63942,0.85701375,138.799,,98.81499,2.293310302,1.948643091
AUS,Australia,East Asia & Pacific,High income,2018,13.97005,0.90185519,140.488,1.076779,96.86491,2.874170395,1.911400028
AUS,Australia,East Asia & Pacific,High income,2019,13.46988,0.96149316,133.4108,0.8148046,99.6646,2.194017036,1.610770929
AUS,Australia,East Asia & Pacific,High income,2020,13.24647,1.1077827,119.9179,0.5752516,119.3671,-0.133531904,0.846900735
AUS,Australia,East Asia & Pacific,High income,2021,14.14526,,118.617,0.8739941,112.089,2.006948443,2.863912847
AUT,Austria,Europe & Central Asia,High income,2000,19.72025,2.4000001,,0.3522103,,3.18952293,2.344862854
AUT,Austria,Europe & Central Asia,High income,2001,16.91526,,149.2139,0.4573367,59.85461,1.316987496,2.650000773
AUT,Austria,Europe & Central Asia,High income,2002,18.45342,3,148.1322,0.4597464,59.45619,1.484368776,1.810357878
AUT,Austria,Europe & Central Asia,High income,2003,22.30898,3,140.2597,0.6208176,62.35132,1.141565045,1.355553709
AUT,Austria,Europe & Central Asia,High income,2004,20.84649,2.7,139.5746,0.6699265,62.64009,2.565255341,2.06120618
AUT,Austria,Europe & Central Asia,High income,2005,21.3399,2.5999999,140.9141,0.4035766,66.70157,2.320365143,2.299137856
AUT,Austria,Europe & Central Asia,High income,2006,24.19893,2.7,137.1406,0.6530805,68.62267,3.269336015,1.441548511
AUT,Austria,Europe & Central Asia,High income,2007,39.46163,2.2,121.6259,0.5413629,76.13723,3.775224687,2.168555288
AUT,Austria,Europe & Central Asia,High income,2008,23.25911,1.9,117.3827,-0.5971534,81.35735,1.453305621,3.215950332
AUT,Austria,Europe & Central Asia,High income,2009,35.85314,2.3,120.3701,0.1634185,80.91889,-3.586264726,0.506308828
AUT,Austria,Europe & Central Asia,High income,2010,23.39857,2.8307172,125.3712,0.4498059,78.3188,1.80898243,1.81353439
AUT,Austria,Europe & Central Asia,High income,2011,23.6625,2.7068155,123.5069,0.7882965,77.50291,2.927468002,3.286579149
AUT,Austria,Europe & Central Asia,High income,2012,22.59156,2.8133648,121.1571,0.4053165,77.47205,0.628246239,2.485675622
AUT,Austria,Europe & Central Asia,High income,2013,27.50797,2.8665417,117.4628,0.4940038,78.45667,-0.250726423,2.000156169
AUT,Austria,Europe & Central Asia,High income,2014,26.82064,3.4733743,110.1256,0.5075889,79.16259,0.75579885,1.60581183
AUT,Austria,Europe & Central Asia,High income,2015,30.07913,3.3928373,106.0136,0.8803281,80.6018,1.303523318,0.896563335
AUT,Austria,Europe & Central Asia,High income,2016,32.52342,2.6952174,100.4544,0.7039142,82.47103,2.117219645,0.891591753
AUT,Austria,Europe & Central Asia,High income,2017,34.54782,2.3688954,100.2899,0.7824979,83.49722,2.27224992,2.081269114
AUT,Austria,Europe & Central Asia,High income,2018,35.68405,1.8824286,98.02511,0.8157677,85.72352,2.484221141,1.998379814
AUT,Austria,Europe & Central Asia,High income,2019,36.66615,1.6286214,98.74014,0.7070545,86.65724,1.754976196,1.530895642
AUT,Austria,Europe & Central Asia,High income,2020,31.84211,1.576781,93.1756,0.224731,99.77829,-6.318255092,1.381910634
AUT,Austria,Europe & Central Asia,High income,2021,30.90653,,95.2787,0.8326312,98.20541,4.923091717,2.766666667
AZE,Azerbaijan,Europe & Central Asia,Upper middle income,2000,7.194723,,55.86052,0,10.35141,11.09999914,1.805003037
AZE,Azerbaijan,Europe & Central Asia,Upper middle income,2001,8.162265,,71.33097,-2.65308,7.274234,9.899999865,1.547195902
AZE,Azerbaijan,Europe & Central Asia,Upper middle income,2002,8.309203,,76.27434,3.549956,7.131471,9.438916269,2.77116472
AZE,Azerbaijan,Europe & Central Asia,Upper middle income,2003,7.839641,,86.16708,2.997587,7.966603,10.2082994,2.23386493
AZE,Azerbaijan,Europe & Central Asia,Upper middle income,2004,6.625474,,80.82589,4.077946,11.21319,9.253801797,6.708930428
AZE,Azerbaijan,Europe & Central Asia,Upper middle income,2005,7.214814,,94.77576,4.441825,9.602674,27.96153811,9.679507319
AZE,Azerbaijan,Europe & Central Asia,Upper middle income,2006,5.680375,,106.303,3.707961,10.6011,34.46620962,8.328924829
AZE,Azerbaijan,Europe & Central Asia,Upper middle income,2007,5.970307,,129.9359,4.012171,10.53083,25.46321573,16.69975496
AZE,Azerbaijan,Europe & Central Asia,Upper middle income,2008,5.156958,,146.3437,2.431107,10.30817,10.59143746,20.84908718
AZE,Azerbaijan,Europe & Central Asia,Upper middle income,2009,5.352072,3.5,158.4947,1.468673,11.7887,9.369502603,1.45704836
AZE,Azerbaijan,Europe & Central Asia,Upper middle income,2010,4.935725,4.6799998,148.8066,0.8416431,11.66878,4.788832488,5.726872247
AZE,Azerbaijan,Europe & Central Asia,Upper middle income,2011,4.435929,6,133.8522,0.3309209,12.84193,-1.572997351,7.858333333
AZE,Azerbaijan,Europe & Central Asia,Upper middle income,2012,5.090334,5.6799998,145.3958,1.204048,13.5728,2.202938917,1.066213397
AZE,Azerbaijan,Europe & Central Asia,Upper middle income,2013,5.775506,4.4899998,170.2512,1.756918,14.757,5.843415905,2.415717453
AZE,Azerbaijan,Europe & Central Asia,Upper middle income,2014,6.574747,4.3800001,168.6363,2.289011,17.96975,2.797585214,1.373441815
AZE,Azerbaijan,Europe & Central Asia,Upper middle income,2015,1.471681,5.25,127.2348,-3.781599,30.1953,1.049546412,4.027685737
AZE,Azerbaijan,Europe & Central Asia,Upper middle income,2016,3.811226,,132.3969,-8.266294,23.9799,-3.063598423,12.44337486
AZE,Azerbaijan,Europe & Central Asia,Upper middle income,2017,5.979235,,99.3254,3.715131,21.29025,0.153614662,12.93591842
AZE,Azerbaijan,Europe & Central Asia,Upper middle income,2018,5.460769,,97.15614,2.797762,20.24986,1.500401672,2.268546904
AZE,Azerbaijan,Europe & Central Asia,Upper middle income,2019,5.426664,,93.7495,2.953778,23.34538,2.479808792,2.610571828
AZE,Azerbaijan,Europe & Central Asia,Upper middle income,2020,5.39014,,98.69848,2.324163,25.40542,-4.198960653,2.75980947
AZE,Azerbaijan,Europe & Central Asia,Upper middle income,2021,4.744682,,86.35897,2.33233,25.51517,5.616440272,6.650299127
BHS,"Bahamas, The",Latin America & Caribbean,High income,2000,16.78018,,106.4548,3.830065,40.8384,4.148419308,1.606329417
BHS,"Bahamas, The",Latin America & Caribbean,High income,2001,12.56632,,108.8317,2.436415,41.77771,2.626009827,2.044989775
BHS,"Bahamas, The",Latin America & Caribbean,High income,2002,8.617843,,109.7272,1.006395,40.283,2.704956247,2.173577925
BHS,"Bahamas, The",Latin America & Caribbean,High income,2003,12.3267,,106.3323,2.218752,41.85641,-1.264916676,3.025045263
BHS,"Bahamas, The",Latin America & Caribbean,High income,2004,15.67533,,103.5966,1.242289,44.76722,0.882373745,0.981914037
BHS,"Bahamas, The",Latin America & Caribbean,High income,2005,15.83393,,106.9434,2.179962,45.69753,3.396084205,1.591606181
BHS,"Bahamas, The",Latin America & Caribbean,High income,2006,16.76722,,115.7494,2.847641,47.64316,2.516592217,2.389826274
BHS,"Bahamas, The",Latin America & Caribbean,High income,2007,19.19035,,115.2676,3.096885,50.56251,1.446099912,2.492577949
BHS,"Bahamas, The",Latin America & Caribbean,High income,2008,18.74547,,114.6988,1.708251,53.94928,-2.32364807,4.489559954
BHS,"Bahamas, The",Latin America & Caribbean,High income,2009,21.49363,,113.7681,2.262904,57.86839,-4.175428056,2.062734735
BHS,"Bahamas, The",Latin America & Caribbean,High income,2010,20.05996,,110.2883,1.234942,58.88211,1.538662487,1.344027384
BHS,"Bahamas, The",Latin America & Caribbean,High income,2011,15.20251,,109.3562,1.713912,60.19892,0.613170736,3.198781417
BHS,"Bahamas, The",Latin America & Caribbean,High income,2012,17.84337,,109.884,2.613275,56.13358,4.520038867,1.97336756
BHS,"Bahamas, The",Latin America & Caribbean,High income,2013,17.16841,,106.9808,0.3766611,57.18806,-2.863200815,0.722414785
BHS,"Bahamas, The",Latin America & Caribbean,High income,2014,12.99366,,106.0587,-2.014377,54.14372,1.846970129,1.513756431
BHS,"Bahamas, The",Latin America & Caribbean,High income,2015,15.2718,,105.2918,1.473286,51.04531,0.997411675,1.861483029
BHS,"Bahamas, The",Latin America & Caribbean,High income,2016,16.34087,,93.70252,1.731531,53.66023,-1.156508113,-0.34637693
BHS,"Bahamas, The",Latin America & Caribbean,High income,2017,17.4459,,89.72364,2.068506,53.71826,3.371398846,1.518207007
BHS,"Bahamas, The",Latin America & Caribbean,High income,2018,17.77508,,86.79906,2.509665,56.56495,2.397955108,2.265863467
BHS,"Bahamas, The",Latin America & Caribbean,High income,2019,15.69522,,76.47356,2.521128,60.85236,-0.838585871,2.491235274
BHS,"Bahamas, The",Latin America & Caribbean,High income,2020,13.54524,,75.68644,0.6225145,81.92503,-20.08936649,0.038521098
BHS,"Bahamas, The",Latin America & Caribbean,High income,2021,13.22551,,,1.739127,,17.586139,2.904912629
BHR,Bahrain,"Middle East, North Africa, Afghanistan & Pakistan",High income,2000,6.692049,,68.69184,1.108917,58.97607,5.300069403,-0.704852953
BHR,Bahrain,"Middle East, North Africa, Afghanistan & Pakistan",High income,2001,7.307202,,64.36063,1.395426,64.97081,2.490948753,-1.207571802
BHR,Bahrain,"Middle East, North Africa, Afghanistan & Pakistan",High income,2002,6.470577,,69.50542,0.8602809,64.0789,3.348550671,-0.495540139
BHR,Bahrain,"Middle East, North Africa, Afghanistan & Pakistan",High income,2003,7.14716,,68.44196,1.331627,61.54916,6.296441291,1.593625498
BHR,Bahrain,"Middle East, North Africa, Afghanistan & Pakistan",High income,2004,8.616148,,81.63857,1.975244,53.82614,6.980961759,2.352941176
BHR,Bahrain,"Middle East, North Africa, Afghanistan & Pakistan",High income,2005,10.23804,,80.24402,3.336776,54.43937,6.768997378,2.586206897
BHR,Bahrain,"Middle East, North Africa, Afghanistan & Pakistan",High income,2006,7.252863,,83.46253,1.271674,53.76995,6.46699952,2.007469655
BHR,Bahrain,"Middle East, North Africa, Afghanistan & Pakistan",High income,2007,7.579107,,82.16117,0.6765785,64.651,8.293961291,3.256666667
BHR,Bahrain,"Middle East, North Africa, Afghanistan & Pakistan",High income,2008,8.399101,2.3,98.04623,1.216329,65.49303,6.24501095,3.526003164
BHR,Bahrain,"Middle East, North Africa, Afghanistan & Pakistan",High income,2009,7.275926,3.9000001,91.25959,0.4977113,78.27917,2.539885702,2.795512836
BHR,Bahrain,"Middle East, North Africa, Afghanistan & Pakistan",High income,2010,7.530514,5.0999999,88.0049,0.945319,76.92442,4.334298975,1.961884683
BHR,Bahrain,"Middle East, North Africa, Afghanistan & Pakistan",High income,2011,7.201674,4.9000001,98.64594,1.226788,70.50736,1.928157912,-0.400040697
BHR,Bahrain,"Middle East, North Africa, Afghanistan & Pakistan",High income,2012,7.485067,5.8374729,100.1754,1.502659,69.02242,3.80302899,2.7573967
BHR,Bahrain,"Middle East, North Africa, Afghanistan & Pakistan",High income,2013,8.06957,5.5958228,97.94437,1.98656,71.09186,5.292622249,3.300011569
BHR,Bahrain,"Middle East, North Africa, Afghanistan & Pakistan",High income,2014,8.107829,4.6209617,86.57893,1.673946,73.78102,4.308856927,2.647553212
BHR,Bahrain,"Middle East, North Africa, Afghanistan & Pakistan",High income,2015,8.311663,4.4071999,90.64584,1.265462,81.52178,2.507872053,1.848627424
BHR,Bahrain,"Middle East, North Africa, Afghanistan & Pakistan",High income,2016,8.660233,,,1.333447,,3.814993274,2.786793476
BHR,Bahrain,"Middle East, North Africa, Afghanistan & Pakistan",High income,2017,8.824603,,,1.393379,,4.953835341,1.386718306
BHR,Bahrain,"Middle East, North Africa, Afghanistan & Pakistan",High income,2018,8.34296,,,1.148978,,2.05258865,2.08766938
BHR,Bahrain,"Middle East, North Africa, Afghanistan & Pakistan",High income,2019,8.855496,,,1.379434,,2.052877744,1.005820047
BHR,Bahrain,"Middle East, North Africa, Afghanistan & Pakistan",High income,2020,7.434731,,,0.2640835,,-5.911362952,-2.317706293
BHR,Bahrain,"Middle East, North Africa, Afghanistan & Pakistan",High income,2021,7.814275,,,0.9502778,,4.350040917,-0.606319385
BGD,Bangladesh,South Asia,Lower middle income,2000,13.40177,34.900002,81.74404,1.935551,25.66441,5.293294719,2.208256209
BGD,Bangladesh,South Asia,Lower middle income,2001,12.52023,31.5,65.91986,2.666422,35.84621,5.077287775,2.007173742
BGD,Bangladesh,South Asia,Lower middle income,2002,12.44567,28.1,66.58377,3.142716,38.51483,3.83312394,3.332564933
BGD,Bangladesh,South Asia,Lower middle income,2003,12.50606,22.1,63.73407,2.433995,40.26582,4.7395674,5.668707734
BGD,Bangladesh,South Asia,Lower middle income,2004,16.45143,17.5,66.01543,2.729564,41.41428,5.23953291,7.587536385
BGD,Bangladesh,South Asia,Lower middle income,2005,15.51674,,67.13229,2.499536,42.93893,6.535944939,7.046618162
BGD,Bangladesh,South Asia,Lower middle income,2006,15.58964,,68.73873,2.946449,44.9175,6.671904986,6.765261171
BGD,Bangladesh,South Asia,Lower middle income,2007,16.64915,,70.41162,3.618689,45.14507,7.058599354,9.106984969
BGD,Bangladesh,South Asia,Lower middle income,2008,15.68386,,73.64589,2.805737,45.92002,6.013789757,8.901944895
BGD,Bangladesh,South Asia,Lower middle income,2009,16.5795,,85.76065,3.950528,41.96027,5.045124799,5.423472362
BGD,Bangladesh,South Asia,Lower middle income,2010,20.10011,,90.77443,4.542821,44.91123,5.571788185,8.126676392
BGD,Bangladesh,South Asia,Lower middle income,2011,19.36574,5.8490015,89.57307,3.482692,47.17822,6.464379125,11.39516516
BGD,Bangladesh,South Asia,Lower middle income,2012,15.32456,9.7280756,87.06731,2.157728,49.13249,6.521458779,6.217504221
BGD,Bangladesh,South Asia,Lower middle income,2013,17.39595,8.6418517,82.90532,2.546866,50.15551,6.013605658,7.530406409
BGD,Bangladesh,South Asia,Lower middle income,2014,16.54761,9.3651694,85.16569,1.808301,51.09233,6.061059359,6.991638892
BGD,Bangladesh,South Asia,Lower middle income,2015,17.40561,8.3979043,86.48834,1.543575,51.11006,6.552639878,6.19428023
BGD,Bangladesh,South Asia,Lower middle income,2016,14.90764,8.8585256,89.3372,1.149449,50.47702,7.113478213,5.513525727
BGD,Bangladesh,South Asia,Lower middle income,2017,14.76704,8.8956601,97.16288,1.354925,48.79554,6.590249998,5.702070157
BGD,Bangladesh,South Asia,Lower middle income,2018,14.11607,9.8873297,100.08,1.260396,46.7331,7.31941263,5.543621395
BGD,Bangladesh,South Asia,Lower middle income,2019,14.0125,8.9021334,97.03912,1.267889,46.53048,7.881915151,5.591996399
BGD,Bangladesh,South Asia,Lower middle income,2020,13.64848,7.7375487,92.61987,1.099303,48.76784,3.448017551,5.691074747
BGD,Bangladesh,South Asia,Lower middle income,2021,12.7788,,94.89819,0.9640507,41.05363,6.938679124,5.545654308
BRB,Barbados,Latin America & Caribbean,High income,2000,16.32253,,79.71591,0.5861665,60.09103,4.447189492,2.435813035
BRB,Barbados,Latin America & Caribbean,High income,2001,,,69.32727,,82.41775,-2.365464155,2.577834904
BRB,Barbados,Latin America & Caribbean,High income,2002,,,61.54026,,93.57251,0.787401645,0.125249458
BRB,Barbados,Latin America & Caribbean,High income,2003,,,62.3862,,95.063,2.17548102,1.619433198
BRB,Barbados,Latin America & Caribbean,High income,2004,,,65.30513,,98.47265,1.411597864,1.394422311
BRB,Barbados,Latin America & Caribbean,High income,2005,,,67.31075,,104.0113,3.955457095,6.082187295
BRB,Barbados,Latin America & Caribbean,High income,2006,,,71.64812,,97.42944,6.070546794,7.307662628
BRB,Barbados,Latin America & Caribbean,High income,2007,12.62737,,63.28061,,111.907,2.079183605,4.034229829
BRB,Barbados,Latin America & Caribbean,High income,2008,14.88858,,67.67946,2.75132,111.7023,0.633460426,8.108108108
BRB,Barbados,Latin America & Caribbean,High income,2009,16.16634,,70.57799,2.245249,115.7696,-5.01727545,3.643861893
BRB,Barbados,Latin America & Caribbean,High income,2010,16.24163,,,1.707981,,-8.080721211,5.824218533
BRB,Barbados,Latin America & Caribbean,High income,2011,14.8103,,,0.8115533,,-0.074211165,9.432202402
BRB,Barbados,Latin America & Caribbean,High income,2012,16.24925,,87.18014,0.8478788,98.95639,-2.857970514,4.533347539
BRB,Barbados,Latin America & Caribbean,High income,2013,17.49197,,82.56462,1.765595,103.9642,0.195322007,1.81410436
BRB,Barbados,Latin America & Caribbean,High income,2014,18.66439,,79.13127,1.681132,105.1426,0.80732535,1.769503221
BRB,Barbados,Latin America & Caribbean,High income,2015,16.59562,,75.74393,1.198188,108.9389,-0.772620078,-1.112789925
BRB,Barbados,Latin America & Caribbean,High income,2016,17.0683,,73.79472,1.485375,108.7425,1.416324468,1.281928131
BRB,Barbados,Latin America & Caribbean,High income,2017,14.93573,,75.2421,1.351655,109.9578,0.654655603,4.66018464
BRB,Barbados,Latin America & Caribbean,High income,2018,,,75.14576,,111.7019,-0.252085326,3.106005724
BRB,Barbados,Latin America & Caribbean,High income,2019,,,73.03434,,111.1238,0.241099789,1.676624733
BLR,Belarus,Europe & Central Asia,Upper middle income,2000,37.27287,10.8,,3.226349,,5.800003275,168.6202359
BLR,Belarus,Europe & Central Asia,Upper middle income,2001,30.72357,14.9,,2.82511,,4.725306051,61.13493316
BLR,Belarus,Europe & Central Asia,Upper middle income,2002,26.32299,9,,2.13616,,5.045267583,42.53754813
BLR,Belarus,Europe & Central Asia,Upper middle income,2003,50.86295,3.7,,2.287237,,7.043192466,28.39783991
BLR,Belarus,Europe & Central Asia,Upper middle income,2004,42.82338,2.8,,3.863313,,11.44974321,18.10824249
BLR,Belarus,Europe & Central Asia,Upper middle income,2005,16.98633,3.0999999,,2.218837,,9.400001516,10.33887945
BLR,Belarus,Europe & Central Asia,Upper middle income,2006,16.99513,2.8,,1.776075,,9.99999473,6.997129035
BLR,Belarus,Europe & Central Asia,Upper middle income,2007,18.00818,1.9,,4.609415,,8.600006598,8.426752735
BLR,Belarus,Europe & Central Asia,Upper middle income,2008,19.44077,1.7,,2.858156,,10.19999949,14.83787648
BLR,Belarus,Europe & Central Asia,Upper middle income,2009,19.95628,4.1999998,148.2483,2.569594,23.8384,0.199995232,12.94565634
BLR,Belarus,Europe & Central Asia,Upper middle income,2010,22.92909,3.5488043,161.7743,5.160212,25.24876,7.750017075,7.735748043
BLR,Belarus,Europe & Central Asia,Upper middle income,2011,14.27075,4.1595958,116.1581,-0.3282385,32.0841,5.549974716,53.22869831
BLR,Belarus,Europe & Central Asia,Upper middle income,2012,20.06017,5.501874,79.51144,2.826944,26.09104,1.707852534,59.21973602
BLR,Belarus,Europe & Central Asia,Upper middle income,2013,20.09407,4.4473314,83.17686,1.916795,25.79155,0.9987193,18.31226104
BLR,Belarus,Europe & Central Asia,Upper middle income,2014,19.87708,4.371304,83.27393,2.697272,26.55436,1.651124702,18.11955435
BLR,Belarus,Europe & Central Asia,Upper middle income,2015,16.10306,6.834948,73.19592,1.568118,32.74408,-3.829570568,13.53448976
BLR,Belarus,Europe & Central Asia,Upper middle income,2016,16.9789,12.791174,69.119,2.558832,31.36436,-2.526446446,11.83658077
BLR,Belarus,Europe & Central Asia,Upper middle income,2017,18.70259,12.852194,68.02857,2.599401,32.70935,2.532183495,6.031837252
BLR,Belarus,Europe & Central Asia,Upper middle income,2018,18.86887,5.0102862,75.81636,2.443972,30.45471,3.149197583,4.872302206
BLR,Belarus,Europe & Central Asia,Upper middle income,2019,18.61382,4.6278781,77.87609,2.261303,31.08832,1.446455482,5.59815595
BLR,Belarus,Europe & Central Asia,Upper middle income,2020,17.6692,4.8292427,89.4357,1.544155,29.19949,-0.672742919,5.548143575
BLR,Belarus,Europe & Central Asia,Upper middle income,2021,17.12395,,91.5305,1.440786,26.90423,2.438862102,9.460283896
BEL,Belgium,Europe & Central Asia,High income,2000,7.882141,2.8,,0.5573954,,3.716705107,2.544517762
BEL,Belgium,Europe & Central Asia,High income,2001,9.053119,2.9000001,81.73935,1.202995,81.10958,1.099603624,2.469258231
BEL,Belgium,Europe & Central Asia,High income,2002,10.53425,3,77.43993,0.8477358,82.81538,1.706894303,1.645214362
BEL,Belgium,Europe & Central Asia,High income,2003,9.520517,2.5999999,71.54395,0.8777453,87.40114,1.037955182,1.588964
BEL,Belgium,Europe & Central Asia,High income,2004,8.127186,2.3,67.77697,0.4826718,91.24317,3.571206719,2.097283112
BEL,Belgium,Europe & Central Asia,High income,2005,7.126903,2,67.67215,0.4622605,93.97816,2.321737929,2.781432637
BEL,Belgium,Europe & Central Asia,High income,2006,8.231667,1.7,69.44154,0.8251784,94.80335,2.552340873,1.791207701
BEL,Belgium,Europe & Central Asia,High income,2007,9.921206,1.4,73.95049,0.2572407,92.5528,3.676924625,1.8230563
BEL,Belgium,Europe & Central Asia,High income,2008,3.75745,1.7,67.44455,-1.808595,93.0509,0.446905131,4.489444205
BEL,Belgium,Europe & Central Asia,High income,2009,7.360682,3.0999999,60.36342,-0.4954451,97.20815,-1.906441055,-0.053145674
BEL,Belgium,Europe & Central Asia,High income,2010,10.51593,2.7986106,57.69367,0.3993433,98.45267,2.710311503,2.189299204
BEL,Belgium,Europe & Central Asia,High income,2011,9.672375,3.3023018,56.58163,0.1025303,97.94769,1.931155024,3.532082107
BEL,Belgium,Europe & Central Asia,High income,2012,12.44705,3.7382545,54.50303,0.3533123,100.4309,0.215803612,2.839663434
BEL,Belgium,Europe & Central Asia,High income,2013,14.23736,4.2449774,54.65023,0.4293199,103.2137,0.305494549,1.11309594
BEL,Belgium,Europe & Central Asia,High income,2014,14.36594,4.1756921,54.31535,0.5741488,106.5811,1.765540381,0.340002833
BEL,Belgium,Europe & Central Asia,High income,2015,15.67043,3.7893514,55.08627,0.7712743,110.0686,1.474164337,0.561429153
BEL,Belgium,Europe & Central Asia,High income,2016,16.37894,3.4320333,57.05626,0.7021984,110.0422,1.19350273,1.973852647
BEL,Belgium,Europe & Central Asia,High income,2017,18.16668,2.9247935,58.41023,1.011733,109.0978,1.474467616,2.12597086
BEL,Belgium,Europe & Central Asia,High income,2018,17.78204,2.2682657,59.17992,0.8581766,111.9504,1.877968474,2.053164999
BEL,Belgium,Europe & Central Asia,High income,2019,18.25408,2.0870692,60.3269,0.7924798,112.8722,2.442890045,1.43681957
BEL,Belgium,Europe & Central Asia,High income,2020,16.52576,2.0699581,58.32838,0.4523464,126.7877,-4.792983908,0.740791812
BEL,Belgium,Europe & Central Asia,High income,2021,15.4485,,58.83998,0.6199975,120.6499,6.254456865,2.440248511
BLZ,Belize,Latin America & Caribbean,Upper middle income,2000,,,85.10011,,47.99564,12.24061207,3.067439669
BLZ,Belize,Latin America & Caribbean,Upper middle income,2001,7.956817,,86.95452,,50.8513,4.993562061,3.651417866
BLZ,Belize,Latin America & Caribbean,Upper middle income,2002,9.580381,,96.71034,5.380711,49.01593,5.399073207,4.240266607
BLZ,Belize,Latin America & Caribbean,Upper middle income,2003,10.26626,,104.4083,5.817541,49.31928,9.665226796,2.318082747
BLZ,Belize,Latin America & Caribbean,Upper middle income,2004,11.24984,,102.5493,5.277889,52.19301,4.780665053,6.394430997
BLZ,Belize,Latin America & Caribbean,Upper middle income,2005,11.29285,,100.694,5.575599,53.25891,2.219190537,-1.104310444
BLZ,Belize,Latin America & Caribbean,Upper middle income,2006,11.32628,,98.1012,4.125616,56.49722,4.511454602,-7.113767713
BLZ,Belize,Latin America & Caribbean,Upper middle income,2007,12.01486,,97.95722,4.192872,62.22898,3.339397383,2.318082746
BLZ,Belize,Latin America & Caribbean,Upper middle income,2008,10.87529,,94.64729,4.057688,67.06809,-1.627477764,6.394431003
BLZ,Belize,Latin America & Caribbean,Upper middle income,2009,9.436426,,91.8998,2.546296,74.59431,-0.446709637,-1.104310449
BLZ,Belize,Latin America & Caribbean,Upper middle income,2010,,,89.9917,,70.18037,1.417410992,0.917977379
BLZ,Belize,Latin America & Caribbean,Upper middle income,2011,,,85.62078,,69.48018,-0.130071123,1.602056156
BLZ,Belize,Latin America & Caribbean,Upper middle income,2012,,,78.98288,,73.88728,3.943893218,1.300580745
BLZ,Belize,Latin America & Caribbean,Upper middle income,2013,,,80.42799,,71.69941,4.066465616,0.509747769
BLZ,Belize,Latin America & Caribbean,Upper middle income,2014,,,78.23484,,73.01177,3.892260672,1.201399645
BLZ,Belize,Latin America & Caribbean,Upper middle income,2015,8.833839,,77.74592,1.611949,75.01041,2.760260274,-0.861584009
BLZ,Belize,Latin America & Caribbean,Upper middle income,2016,8.181306,,75.61404,2.342619,73.74876,-0.018741496,0.663427168
BLZ,Belize,Latin America & Caribbean,Upper middle income,2017,10.25167,,76.73576,3.996924,70.32964,-1.833237291,1.147653393
BLZ,Belize,Latin America & Caribbean,Upper middle income,2018,10.3004,,76.91363,2.6804,69.99001,0.822068593,0.269982623
BLZ,Belize,Latin America & Caribbean,Upper middle income,2019,9.817226,,77.13693,2.795092,71.22198,4.2565871,0.187069385
BLZ,Belize,Latin America & Caribbean,Upper middle income,2020,6.773071,,72.52572,1.227815,90.88321,-13.52289971,0.121434645
BLZ,Belize,Latin America & Caribbean,Upper middle income,2021,,,65.63089,,98.18211,17.98992441,3.235636592
BEN,Benin,Sub-Saharan Africa,Lower middle income,2000,12.91856,,74.271,1.416049,10.45015,5.857714205,4.165404423
BEN,Benin,Sub-Saharan Africa,Lower middle income,2001,15.54226,,63.43969,2.851431,11.32045,5.333135706,3.984295478
BEN,Benin,Sub-Saharan Africa,Lower middle income,2002,14.74602,,68.4678,1.434353,11.15497,4.643030871,2.489162355
BEN,Benin,Sub-Saharan Africa,Lower middle income,2003,13.37098,,82.61496,1.026809,11.46623,3.443576776,1.487242461
BEN,Benin,Sub-Saharan Africa,Lower middle income,2004,14.62364,,85.71608,0.9003899,11.15234,4.429684554,0.873890831
BEN,Benin,Sub-Saharan Africa,Lower middle income,2005,15.81474,,91.36195,1.207833,11.85633,1.713164564,5.364520858
BEN,Benin,Sub-Saharan Africa,Lower middle income,2006,15.51147,,89.79832,0.016325,12.60098,3.943738828,3.782176965
BEN,Benin,Sub-Saharan Africa,Lower middle income,2007,16.13169,,84.24688,1.933725,15.78373,5.986349322,1.298068133
BEN,Benin,Sub-Saharan Africa,Lower middle income,2008,14.60595,,85.73869,1.836246,16.68147,4.896577084,7.947298761
BEN,Benin,Sub-Saharan Africa,Lower middle income,2009,14.30736,,83.20476,1.285859,18.3308,2.319292139,0.896072356
BEN,Benin,Sub-Saharan Africa,Lower middle income,2010,15.00294,,82.75661,1.29296,19.40891,2.114064726,2.207835325
BEN,Benin,Sub-Saharan Africa,Lower middle income,2011,14.79733,,85.26766,1.777855,19.66478,2.963752919,2.704239077
BEN,Benin,Sub-Saharan Africa,Lower middle income,2012,14.32835,,87.28165,1.433552,18.61976,4.811223316,6.744682533
BEN,Benin,Sub-Saharan Africa,Lower middle income,2013,12.0286,,84.95503,1.377465,19.46883,7.191433721,0.428888889
BEN,Benin,Sub-Saharan Africa,Lower middle income,2014,,,78.07078,,21.17295,6.357679098,-0.548757551
BEN,Benin,Sub-Saharan Africa,Lower middle income,2015,9.922345,,68.46378,0.2250648,23.09321,1.77815106,0.218785924
BEN,Benin,Sub-Saharan Africa,Lower middle income,2016,8.608675,,78.50858,0.3946227,22.157,3.339673426,-0.793310146
BEN,Benin,Sub-Saharan Africa,Lower middle income,2017,7.838364,,77.42525,-0.3176492,21.33444,5.671561952,0.043264856
BEN,Benin,Sub-Saharan Africa,Lower middle income,2018,11.88513,,78.35843,0.8387781,21.30742,6.697253622,0.919170718
BEN,Benin,Sub-Saharan Africa,Lower middle income,2019,11.90162,,83.57119,0.6745561,21.01539,6.865686628,0.732849371
BEN,Benin,Sub-Saharan Africa,Lower middle income,2020,,,68.64012,,22.57111,3.8487924,3.022721197
BEN,Benin,Sub-Saharan Africa,Lower middle income,2021,,,62.48408,,24.753,7.155451646,1.733539627
BTN,Bhutan,South Asia,Lower middle income,2000,,,20.16548,,45.42915,3.355068382,4.012120811
BTN,Bhutan,South Asia,Lower middle income,2001,,,24.12736,,41.81621,7.328374357,3.414789461
BTN,Bhutan,South Asia,Lower middle income,2002,,,25.16384,,47.21115,10.44377972,2.455357143
BTN,Bhutan,South Asia,Lower middle income,2003,,,32.68913,,42.80479,7.786560409,2.572308617
BTN,Bhutan,South Asia,Lower middle income,2004,,,35.09229,,46.97014,5.157257362,4.105936983
BTN,Bhutan,South Asia,Lower middle income,2005,,,40.64752,,45.99398,6.935071468,5.312631046
BTN,Bhutan,South Asia,Lower middle income,2006,,,48.24746,,45.96294,5.640805154,5.00045438
BTN,Bhutan,South Asia,Lower middle income,2007,,,58.12054,,42.38682,16.10478365,5.156111388
BTN,Bhutan,South Asia,Lower middle income,2008,,,69.97134,,44.45721,4.529448777,8.327160494
BTN,Bhutan,South Asia,Lower middle income,2009,,6.8000002,50.12354,,66.23997,7.667492386,4.361122191
BTN,Bhutan,South Asia,Lower middle income,2010,,5.2041639,64.78386,,65.48669,11.93187384,7.036383161
BTN,Bhutan,South Asia,Lower middle income,2011,,3.9185967,83.97591,,57.0659,8.489258484,8.848985699
BTN,Bhutan,South Asia,Lower middle income,2012,,5.4368227,85.43483,,54.76389,5.164820127,10.91965694
BTN,Bhutan,South Asia,Lower middle income,2013,23.08103,6.9524983,88.82826,,52.59466,1.736340395,8.776383453
BTN,Bhutan,South Asia,Lower middle income,2014,21.42044,6.7521584,75.57259,3.406605,59.53303,5.881085507,8.271060939
BTN,Bhutan,South Asia,Lower middle income,2015,21.60773,6.5941684,83.6738,3.182102,55.46214,6.660801289,4.548143951
BTN,Bhutan,South Asia,Lower middle income,2016,19.42956,7.1867458,79.48554,2.969563,60.57853,8.475943392,3.219886894
BTN,Bhutan,South Asia,Lower middle income,2017,18.26993,8.4173084,78.57774,2.749922,65.23962,2.086845227,4.95508367
BTN,Bhutan,South Asia,Lower middle income,2018,18.50756,7.0280449,87.47758,2.540305,66.3863,3.501871857,2.723963862
BTN,Bhutan,South Asia,Lower middle income,2019,16.36592,8.446604,92.31911,1.868488,69.59005,5.755148512,2.726430374
BTN,Bhutan,South Asia,Lower middle income,2020,11.20364,,76.18356,-0.4201031,94.09809,-10.21839742,5.629365226
BTN,Bhutan,South Asia,Lower middle income,2021,12.46007,,,1.19325,,4.421367389,7.346814405
BOL,Bolivia,Latin America & Caribbean,Lower middle income,2000,10.30406,10.3,127.247,-0.7983882,46.14285,2.507810815,4.608229989
BOL,Bolivia,Latin America & Caribbean,Lower middle income,2001,13.00705,16.200001,101.6157,-0.0787297,52.51477,1.683799145,1.589653779
BOL,Bolivia,Latin America & Caribbean,Lower middle income,2002,15.96303,17.700001,107.5988,0.3361686,47.15683,2.485565766,0.928258852
BOL,Bolivia,Latin America & Caribbean,Lower middle income,2003,16.69514,16.700001,98.2289,0.5832009,48.52057,2.711339807,3.337274997
BOL,Bolivia,Latin America & Caribbean,Lower middle income,2004,15.28258,14,111.5977,0.0224941,38.01778,4.173295591,4.437380801
BOL,Bolivia,Latin America & Caribbean,Lower middle income,2005,15.76174,11.3,105.9834,0.6635569,37.36742,4.421433136,5.393231069
BOL,Bolivia,Latin America & Caribbean,Lower middle income,2006,14.96136,8.6999998,98.95088,1.721629,35.54765,4.797008811,4.282396048
BOL,Bolivia,Latin America & Caribbean,Lower middle income,2007,15.50513,5.5999999,89.89114,2.708131,38.20628,4.564384251,8.705609236
BOL,Bolivia,Latin America & Caribbean,Lower middle income,2008,15.56016,4.3000002,81.0978,2.8078,38.83285,6.148497878,14.00681077
BOL,Bolivia,Latin America & Caribbean,Lower middle income,2009,13.81816,3.5,72.17886,2.250185,47.13047,3.356999583,3.346454201
BOL,Bolivia,Latin America & Caribbean,Lower middle income,2010,12.15186,2.1970193,80.57392,1.784267,44.70842,4.12672259,2.503276058
BOL,Bolivia,Latin America & Caribbean,Lower middle income,2011,12.14597,1.6534877,82.32555,1.9116,44.63985,5.204092453,9.884464198
BOL,Bolivia,Latin America & Caribbean,Lower middle income,2012,12.22055,1.5,81.29902,2.012297,47.92658,5.122275601,4.515602914
BOL,Bolivia,Latin America & Caribbean,Lower middle income,2013,11.04395,1.5,82.52028,1.594095,49.59624,6.796011413,5.736400237
BOL,Bolivia,Latin America & Caribbean,Lower middle income,2014,10.94711,1.5,80.8846,2.030046,54.0853,5.460569491,5.766600746
BOL,Bolivia,Latin America & Caribbean,Lower middle income,2015,10.18686,1.6,78.95948,1.499269,65.15614,4.857187185,4.059610411
BOL,Bolivia,Latin America & Caribbean,Lower middle income,2016,10.6695,,87.66471,1.653788,65.48407,4.26392087,3.623214318
BOL,Bolivia,Latin America & Caribbean,Lower middle income,2017,9.5578,,88.86385,1.54533,65.9612,4.195206334,2.822758055
BOL,Bolivia,Latin America & Caribbean,Lower middle income,2018,9.244541,,95.41489,1.208864,65.63573,2.868084048,2.272059872
BOL,Bolivia,Latin America & Caribbean,Lower middle income,2019,9.595237,,101.2815,1.421045,65.00511,1.506721027,1.83954505
BOL,Bolivia,Latin America & Caribbean,Lower middle income,2020,8.104293,,99.62559,0.7408158,80.59243,-12.71946901,0.940742153
BOL,Bolivia,Latin America & Caribbean,Lower middle income,2021,8.322064,,97.54038,0.9033857,77.90516,10.02904888,0.737383721
BIH,Bosnia and Herzegovina,Europe & Central Asia,Upper middle income,2000,22.70304,9.8999996,598.1487,0.8949665,6.178558,5.414315988,
BIH,Bosnia and Herzegovina,Europe & Central Asia,Upper middle income,2001,14.5589,17.9,129.7971,-1.798122,20.09061,2.42331313,
BIH,Bosnia and Herzegovina,Europe & Central Asia,Upper middle income,2002,17.0066,11,143.2232,0.6290735,21.07493,5.027444647,
BIH,Bosnia and Herzegovina,Europe & Central Asia,Upper middle income,2003,16.42692,8.3999996,144.7469,1.246979,23.81002,3.86713552,
BIH,Bosnia and Herzegovina,Europe & Central Asia,Upper middle income,2004,14.6052,6.0999999,126.7806,0.786697,28.9979,6.325267949,
BIH,Bosnia and Herzegovina,Europe & Central Asia,Upper middle income,2005,13.23495,5.3000002,129.8428,0.8342196,32.69999,3.897183205,
BIH,Bosnia and Herzegovina,Europe & Central Asia,Upper middle income,2006,13.69628,4,123.8611,1.122955,37.1918,5.414002996,6.125566156
BIH,Bosnia and Herzegovina,Europe & Central Asia,Upper middle income,2007,12.37714,3,128.1685,1.137348,40.90617,5.859116894,1.500777106
BIH,Bosnia and Herzegovina,Europe & Central Asia,Upper middle income,2008,12.97099,3.0999999,154.9637,0.6202333,36.13876,5.441847302,7.427043103
BIH,Bosnia and Herzegovina,Europe & Central Asia,Upper middle income,2009,13.5129,5.9000001,140.1147,0.3158754,39.57167,-3.004455539,-0.381464282
BIH,Bosnia and Herzegovina,Europe & Central Asia,Upper middle income,2010,14.12737,11.421782,134.5087,-0.4567204,41.38202,0.865667236,1.996212367
BIH,Bosnia and Herzegovina,Europe & Central Asia,Upper middle income,2011,17.87443,11.799714,115.7471,0.8421229,45.89889,0.95951171,3.67125
BIH,Bosnia and Herzegovina,Europe & Central Asia,Upper middle income,2012,18.76711,13.465688,114.9381,0.9701635,47.59936,-0.821837253,2.05267452
BIH,Bosnia and Herzegovina,Europe & Central Asia,Upper middle income,2013,17.76029,15.119848,108.5171,-0.0226062,50.54539,2.349858732,-0.093045684
BIH,Bosnia and Herzegovina,Europe & Central Asia,Upper middle income,2014,18.65933,14.165312,103.7253,0.7615947,52.695,1.153847934,-0.897194054
BIH,Bosnia and Herzegovina,Europe & Central Asia,Upper middle income,2015,17.95149,13.708416,98.63047,-0.056661,54.35708,4.284130161,-1.036023034
BIH,Bosnia and Herzegovina,Europe & Central Asia,Upper middle income,2016,18.51242,11.777719,94.95255,0.8422234,55.99293,3.242258222,-1.584008333
BIH,Bosnia and Herzegovina,Europe & Central Asia,Upper middle income,2017,18.97532,10.046275,92.66695,1.503337,58.61788,3.244098953,0.810039425
BIH,Bosnia and Herzegovina,Europe & Central Asia,Upper middle income,2018,17.08238,8.7703355,89.41398,1.103963,60.06128,3.829003993,1.41710814
BIH,Bosnia and Herzegovina,Europe & Central Asia,Upper middle income,2019,16.79659,7.4116571,87.48944,1.29516,61.8373,2.885852421,0.562782154
BIH,Bosnia and Herzegovina,Europe & Central Asia,Upper middle income,2020,15.29625,6.1224022,80.7691,0.7615322,67.06705,-3.015093355,-1.051296008
BIH,Bosnia and Herzegovina,Europe & Central Asia,Upper middle income,2021,15.29255,,75.14927,1.17502,68.7674,7.391642565,1.981639006
BWA,Botswana,Sub-Saharan Africa,Upper middle income,2000,9.010239,1.7,64.66576,4.901326,22.74949,1.987695834,8.601485149
BWA,Botswana,Sub-Saharan Africa,Upper middle income,2001,7.521451,,55.94741,4.379906,29.51383,0.25057395,6.55903767
BWA,Botswana,Sub-Saharan Africa,Upper middle income,2002,8.249778,,70.49678,5.266953,27.23219,6.069530876,8.032796625
BWA,Botswana,Sub-Saharan Africa,Upper middle income,2003,9.12426,,67.20451,5.725327,29.72622,4.62589475,9.189902656
BWA,Botswana,Sub-Saharan Africa,Upper middle income,2004,7.987111,,76.35665,4.776442,28.60784,2.705821706,6.945703637
BWA,Botswana,Sub-Saharan Africa,Upper middle income,2005,7.652797,,71.93231,4.696902,27.35239,4.556645653,8.610225285
BWA,Botswana,Sub-Saharan Africa,Upper middle income,2006,6.348526,,50.63876,4.454125,40.2617,8.363871093,11.55521879
BWA,Botswana,Sub-Saharan Africa,Upper middle income,2007,5.364676,,48.4334,3.414996,46.6023,5.792555777,7.080998472
BWA,Botswana,Sub-Saharan Africa,Upper middle income,2008,5.736095,,50.60551,3.519797,50.76321,3.252072958,12.70218839
BWA,Botswana,Sub-Saharan Africa,Upper middle income,2009,6.551302,,56.96027,3.459083,50.60155,-14.14423462,8.027297031
BWA,Botswana,Sub-Saharan Africa,Upper middle income,2010,7.555939,,58.52842,3.497448,46.30608,10.11972332,6.948876587
BWA,Botswana,Sub-Saharan Africa,Upper middle income,2011,8.421167,,66.57545,3.748361,41.07779,6.838410525,8.459872334
BWA,Botswana,Sub-Saharan Africa,Upper middle income,2012,8.96806,2.6206081,73.44469,3.829993,43.25923,-0.170857099,7.536902611
BWA,Botswana,Sub-Saharan Africa,Upper middle income,2013,9.692696,3.6134301,77.69431,3.864034,40.86408,11.10290687,5.884607071
BWA,Botswana,Sub-Saharan Africa,Upper middle income,2014,9.374351,3.5494549,84.29067,3.086711,38.15852,5.697144221,4.402253092
BWA,Botswana,Sub-Saharan Africa,Upper middle income,2015,8.128801,3.7343552,75.6105,1.929753,47.38616,-4.851325074,3.062031696
BWA,Botswana,Sub-Saharan Africa,Upper middle income,2016,8.435014,4.8526413,78.19441,2.266122,41.76079,7.204424759,2.814957914
BWA,Botswana,Sub-Saharan Africa,Upper middle income,2017,8.347235,5.276903,80.20076,1.947751,42.32844,4.114378564,3.308280768
BWA,Botswana,Sub-Saharan Africa,Upper middle income,2018,8.37,5.4263192,78.74796,2.225659,44.34291,4.188692372,3.238015589
BWA,Botswana,Sub-Saharan Africa,Upper middle income,2019,8.500373,4.7879742,77.91669,2.262283,46.38947,3.031773395,2.772864429
BWA,Botswana,Sub-Saharan Africa,Upper middle income,2020,8.288707,4.3234394,77.83256,1.857473,50.57888,-8.72888244,1.890359168
BWA,Botswana,Sub-Saharan Africa,Upper middle income,2021,9.001644,,77.9705,2.091768,47.01832,11.91627244,7.240977656
BRA,Brazil,Latin America & Caribbean,Upper middle income,2000,15.42642,8.3000002,71.52506,1.037533,43.53863,4.387949447,7.044141059
BRA,Brazil,Latin America & Caribbean,Upper middle income,2001,16.49691,5.5999999,64.7906,1.022304,44.76563,1.389896401,6.840359025
BRA,Brazil,Latin America & Caribbean,Upper middle income,2002,17.48647,4.5,69.28678,2.256364,42.78606,3.053461859,8.450164377
BRA,Brazil,Latin America & Caribbean,Upper middle income,2003,17.52457,4.0999999,60.44796,2.562433,45.80084,1.140828998,14.71491972
BRA,Brazil,Latin America & Caribbean,Upper middle income,2004,16.80821,2.9000001,59.48403,2.138055,46.92978,5.759964637,6.5971851
BRA,Brazil,Latin America & Caribbean,Upper middle income,2005,16.19617,3.5,59.16041,2.175416,50.75538,3.202132061,6.869537209
BRA,Brazil,Latin America & Caribbean,Upper middle income,2006,17.62595,3.5,62.53505,2.402066,54.36062,3.961988711,4.183568129
BRA,Brazil,Latin America & Caribbean,Upper middle income,2007,17.06618,3,72.07645,2.811986,57.08057,6.069870607,3.641272991
BRA,Brazil,Latin America & Caribbean,Upper middle income,2008,17.79325,3.0999999,79.7676,0.5385286,58.68953,5.094195447,5.678593903
BRA,Brazil,Latin America & Caribbean,Upper middle income,2009,17.20974,4.1999998,92.11935,1.950432,51.55722,-0.125812002,4.888034799
BRA,Brazil,Latin America & Caribbean,Upper middle income,2010,15.3085,3.1077242,104.9744,1.653802,50.26419,7.528225818,5.038726901
BRA,Brazil,Latin America & Caribbean,Upper middle income,2011,14.67711,3.4668641,115.7428,1.266221,50.17903,3.974423079,6.636449622
BRA,Brazil,Latin America & Caribbean,Upper middle income,2012,14.96336,3.4468234,116.4879,0.5418276,53.67015,1.921175986,5.40349914
BRA,Brazil,Latin America & Caribbean,Upper middle income,2013,14.53454,2.8572823,122.1056,0.6989663,52.60246,3.004822669,6.204310666
BRA,Brazil,Latin America & Caribbean,Upper middle income,2014,14.76513,2.8548,120.59,0.7386224,54.7546,0.50395574,6.329040155
BRA,Brazil,Latin America & Caribbean,Upper middle income,2015,15.58268,3.311788,117.2728,0.6130151,56.98655,-3.545763393,9.029901024
BRA,Brazil,Latin America & Caribbean,Upper middle income,2016,15.95113,3.9166391,99.27887,1.870157,62.6458,-3.275916908,8.739143523
BRA,Brazil,Latin America & Caribbean,Upper middle income,2017,16.98571,3.585719,92.27802,1.663976,64.4621,1.322869054,3.44637335
BRA,Brazil,Latin America & Caribbean,Upper middle income,2018,16.93262,3.0530583,90.40649,1.741979,66.60847,1.783666762,3.664850284
BRA,Brazil,Latin America & Caribbean,Upper middle income,2019,18.54721,3.1106361,91.4394,1.59392,68.66895,1.220777824,3.732976212
BRA,Brazil,Latin America & Caribbean,Upper middle income,2020,15.71668,2.2427001,92.10096,0.7551657,76.00596,-3.276758796,3.211768038
BRA,Brazil,Latin America & Caribbean,Upper middle income,2021,16.35463,,100.071,1.863672,71.39072,4.762604379,8.301659756
BRN,Brunei Darussalam,East Asia & Pacific,High income,2000,,,62.80555,,80.07755,3.474676277,1.558152476
BRN,Brunei Darussalam,East Asia & Pacific,High income,2001,,,74.36976,,72.11687,1.46606082,0.595890411
BRN,Brunei Darussalam,East Asia & Pacific,High income,2002,,,76.08334,,70.54864,3.9614389,-2.314972425
BRN,Brunei Darussalam,East Asia & Pacific,High income,2003,,,75.29471,,67.52,3.5834291,0.3
BRN,Brunei Darussalam,East Asia & Pacific,High income,2004,,,68.53469,,67.75526,0.104538373,0.814223995
BRN,Brunei Darussalam,East Asia & Pacific,High income,2005,,,74.68655,,53.94827,-0.003925317,1.244437119
BRN,Brunei Darussalam,East Asia & Pacific,High income,2006,,,72.70563,,47.80736,4.098412573,0.159888078
BRN,Brunei Darussalam,East Asia & Pacific,High income,2007,,,74.11678,,50.30594,-3.763623263,0.96777412
BRN,Brunei Darussalam,East Asia & Pacific,High income,2008,,,70.21568,,50.00378,-3.900711017,2.084980237
BRN,Brunei Darussalam,East Asia & Pacific,High income,2009,,9.3999996,61.72332,,71.81771,-1.900253672,1.035717743
BRN,Brunei Darussalam,East Asia & Pacific,High income,2010,,6.8670298,58.20702,,62.85998,2.741364395,0.356869132
BRN,Brunei Darussalam,East Asia & Pacific,High income,2011,,6.032014,49.94051,,55.8131,3.744406255,0.137911563
BRN,Brunei Darussalam,East Asia & Pacific,High income,2012,,5.3761576,50.70732,,54.766,0.91313519,0.111766261
BRN,Brunei Darussalam,East Asia & Pacific,High income,2013,,4.525302,53.07573,,58.25692,-2.124782927,0.389205053
BRN,Brunei Darussalam,East Asia & Pacific,High income,2014,,3.8505942,52.41356,,62.7854,-2.507887276,-0.207108732
BRN,Brunei Darussalam,East Asia & Pacific,High income,2015,,3.9983518,55.02293,,74.76925,-0.39238375,-0.488347421
BRN,Brunei Darussalam,East Asia & Pacific,High income,2016,,4.7488988,51.02082,,85.38962,-2.477917718,-0.278693266
BRN,Brunei Darussalam,East Asia & Pacific,High income,2017,,3.6610092,48.40549,,80.16944,1.328726611,-1.260505646
BRN,Brunei Darussalam,East Asia & Pacific,High income,2018,,4.6698507,45.46904,,75.65695,0.052371042,1.025051793
BRN,Brunei Darussalam,East Asia & Pacific,High income,2019,,3.8994987,44.23119,,78.98933,3.868844362,-0.390522069
BRN,Brunei Darussalam,East Asia & Pacific,High income,2020,,3.872777,44.91091,,86.43212,1.13357335,1.940319966
BGR,Bulgaria,Europe & Central Asia,High income,2000,14.27572,17.299999,53.95038,4.789522,22.1452,4.587225532,10.31626213
BGR,Bulgaria,Europe & Central Asia,High income,2001,10.25186,3.4000001,53.17206,2.302315,26.95136,3.823702226,7.360939272
BGR,Bulgaria,Europe & Central Asia,High income,2002,10.25551,2.5999999,65.92488,2.804478,28.15723,5.871931347,5.810143657
BGR,Bulgaria,Europe & Central Asia,High income,2003,9.867536,3.2,82.72793,3.016984,31.05669,5.237152825,2.348641696
BGR,Bulgaria,Europe & Central Asia,High income,2004,8.123533,2,94.84613,2.754254,35.8848,6.510424139,6.147130742
BGR,Bulgaria,Europe & Central Asia,High income,2005,7.817934,2.2,95.32796,2.282737,41.47202,7.056349163,5.038838071
BGR,Bulgaria,Europe & Central Asia,High income,2006,7.572717,2.2,88.59164,2.329995,48.80761,6.802592624,7.261594628
BGR,Bulgaria,Europe & Central Asia,High income,2007,8.40668,2.0999999,107.2876,2.952469,55.38108,6.654385124,8.40253419
BGR,Bulgaria,Europe & Central Asia,High income,2008,8.44208,2.4000001,129.2127,2.4835,52.76523,6.129558859,12.3487196
BGR,Bulgaria,Europe & Central Asia,High income,2009,8.643723,6.4000001,128.2127,1.1574,53.7075,-3.347143085,2.753202239
BGR,Bulgaria,Europe & Central Asia,High income,2010,8.595153,11.917709,119.0783,0.9770442,57.2035,1.555362663,2.438990605
BGR,Bulgaria,Europe & Central Asia,High income,2011,8.659687,14.973614,109.8865,0.84786,59.32846,2.090175983,4.219903466
BGR,Bulgaria,Europe & Central Asia,High income,2012,8.641701,16.626321,104.5504,0.6459902,62.83661,0.748814556,2.954568298
BGR,Bulgaria,Europe & Central Asia,High income,2013,8.415757,16.878521,96.13675,0.4960367,68.76749,-0.5427534,0.890093541
BGR,Bulgaria,Europe & Central Asia,High income,2014,8.748191,16.746529,87.31447,-5.836044,67.73366,0.949449772,-1.418183803
BGR,Bulgaria,Europe & Central Asia,High income,2015,8.708157,14.612051,79.12197,0.6660677,69.13238,3.39755352,-0.104633261
BGR,Bulgaria,Europe & Central Asia,High income,2016,9.149668,13.173066,75.05247,1.386802,69.1833,3.026628201,-0.798649886
BGR,Bulgaria,Europe & Central Asia,High income,2017,8.928413,10.434453,72.10317,1.367749,68.93932,2.745927378,2.061596194
BGR,Bulgaria,Europe & Central Asia,High income,2018,8.719459,7.8015618,72.16503,1.826316,69.66728,2.330150542,2.814544738
BGR,Bulgaria,Europe & Central Asia,High income,2019,8.123374,6.6212994,70.4403,1.636268,70.24484,3.793319646,3.103729448
BGR,Bulgaria,Europe & Central Asia,High income,2020,7.749717,5.798352,66.49859,0.9073247,77.72247,-3.133235431,1.672440969
BGR,Bulgaria,Europe & Central Asia,High income,2021,7.869337,,66.08822,1.209599,76.51083,7.828173107,3.297744353
BFA,Burkina Faso,Sub-Saharan Africa,Low income,2000,8.247678,,89.35816,0.5569198,11.5504,1.888473889,-0.304212168
BFA,Burkina Faso,Sub-Saharan Africa,Low income,2001,9.394605,,92.72066,1.667263,11.44273,6.613405745,5.007432908
BFA,Burkina Faso,Sub-Saharan Africa,Low income,2002,11.45829,,95.59325,3.40694,12.40701,4.35296383,2.175694807
BFA,Burkina Faso,Sub-Saharan Africa,Low income,2003,10.28714,,92.04121,2.772949,13.38256,7.802493889,2.034565741
BFA,Burkina Faso,Sub-Saharan Africa,Low income,2004,10.84079,,95.21792,2.422239,13.893,4.478452137,-0.400228702
BFA,Burkina Faso,Sub-Saharan Africa,Low income,2005,9.420137,,118.0944,1.486712,12.38191,8.661873228,6.415040184
BFA,Burkina Faso,Sub-Saharan Africa,Low income,2006,8.66299,,115.2295,1.505853,13.72274,6.253164688,2.333108564
BFA,Burkina Faso,Sub-Saharan Africa,Low income,2007,8.211337,,98.14841,1.244883,15.22153,4.111379018,-0.230627306
BFA,Burkina Faso,Sub-Saharan Africa,Low income,2008,5.614235,,103.9396,-0.9910035,15.1119,5.799991741,10.6597979
BFA,Burkina Faso,Sub-Saharan Africa,Low income,2009,8.63248,,85.04074,0.6174909,17.7521,2.961950859,2.608176664
BFA,Burkina Faso,Sub-Saharan Africa,Low income,2010,8.4382,,74.75343,1.227573,20.57537,8.446281577,-0.764230735
BFA,Burkina Faso,Sub-Saharan Africa,Low income,2011,10.09764,,77.59666,2.414501,21.50846,6.622562613,2.759767249
BFA,Burkina Faso,Sub-Saharan Africa,Low income,2012,10.22394,,82.88501,2.582263,22.18998,6.45267238,3.818152403
BFA,Burkina Faso,Sub-Saharan Africa,Low income,2013,10.56312,,91.59549,2.70268,24.51933,5.792584845,0.533738507
BFA,Burkina Faso,Sub-Saharan Africa,Low income,2014,9.803467,,98.11031,2.327483,25.73665,4.326845615,-0.258089518
BFA,Burkina Faso,Sub-Saharan Africa,Low income,2015,8.678128,,90.20908,1.558343,30.06431,3.921228794,0.724838981
BFA,Burkina Faso,Sub-Saharan Africa,Low income,2016,9.226456,,84.44279,1.740597,30.50852,5.957976708,0.441041448
BFA,Burkina Faso,Sub-Saharan Africa,Low income,2017,9.320739,,82.49111,1.693492,33.18142,6.203489411,1.482998972
BFA,Burkina Faso,Sub-Saharan Africa,Low income,2018,9.451686,,82.05551,1.280627,32.68209,6.604569068,1.955943027
BFA,Burkina Faso,Sub-Saharan Africa,Low income,2019,9.860801,,84.45835,1.515033,33.59735,5.889204971,-3.23338934
BFA,Burkina Faso,Sub-Saharan Africa,Low income,2020,9.561109,,77.09641,1.629252,37.89609,2.010772624,1.884700665
BFA,Burkina Faso,Sub-Saharan Africa,Low income,2021,,,72.29218,,40.63704,6.942524926,3.653267618
BDI,Burundi,Sub-Saharan Africa,Low income,2000,15.91231,,143.9487,6.944367,11.77503,-0.856864058,24.43202421
BDI,Burundi,Sub-Saharan Africa,Low income,2001,15.73536,,131.3729,5.781109,12.28645,2.055807108,9.296187713
BDI,Burundi,Sub-Saharan Africa,Low income,2002,13.02774,,131.0109,3.411158,15.36408,4.446519412,-1.365680053
BDI,Burundi,Sub-Saharan Africa,Low income,2003,11.44267,,108.8594,2.482757,18.32577,-1.22372796,10.64746457
BDI,Burundi,Sub-Saharan Africa,Low income,2004,13.24596,,105.5306,2.360044,16.2726,4.833657768,8.176429375
BDI,Burundi,Sub-Saharan Africa,Low income,2005,13.88344,,83.88052,3.8841,17.11847,0.900000001,13.25206992
BDI,Burundi,Sub-Saharan Africa,Low income,2006,12.15912,,77.7391,4.389122,20.13199,5.413807145,2.745420002
BDI,Burundi,Sub-Saharan Africa,Low income,2007,10.21173,,76.09623,3.278717,19.67306,3.444493647,8.412062858
BDI,Burundi,Sub-Saharan Africa,Low income,2008,12.92863,,66.84995,6.232482,20.60315,4.908741908,24.40695104
BDI,Burundi,Sub-Saharan Africa,Low income,2009,14.29795,,74.27872,4.750974,19.49487,3.787075831,10.55543553
BDI,Burundi,Sub-Saharan Africa,Low income,2010,13.08737,9.3152357,82.82974,3.622543,21.9427,5.093736973,6.493265915
BDI,Burundi,Sub-Saharan Africa,Low income,2011,16.54954,7.3931071,103.0396,4.385717,20.71108,4.024427939,9.59216606
BDI,Burundi,Sub-Saharan Africa,Low income,2012,15.15737,8.1682854,98.20198,2.38876,20.32934,4.423031185,18.16104531
BDI,Burundi,Sub-Saharan Africa,Low income,2013,12.32024,9.886952,93.76863,1.53123,20.39517,4.923924851,7.937958075
BDI,Burundi,Sub-Saharan Africa,Low income,2014,,10.822915,89.31491,,21.27775,4.244908031,4.405352342
BDI,Burundi,Sub-Saharan Africa,Low income,2015,15.64894,17.916697,89.06108,1.429502,18.05502,-0.404525595,5.544688913
BDI,Burundi,Sub-Saharan Africa,Low income,2016,14.90026,21.056519,88.74348,2.028707,18.98583,3.200174704,5.557689614
BDI,Burundi,Sub-Saharan Africa,Low income,2017,14.72019,14.190085,70.4722,2.971065,21.35612,3.831857571,16.0525353
BDI,Burundi,Sub-Saharan Africa,Low income,2018,14.59352,12.696159,66.03263,3.11328,26.63407,5.342244732,-2.814698077
BDI,Burundi,Sub-Saharan Africa,Low income,2019,16.97139,,63.48657,4.973371,31.91842,4.459342024,-0.686772171
BDI,Burundi,Sub-Saharan Africa,Low income,2020,18.15346,,61.2955,4.575023,38.35304,0.306443812,7.321106434
BDI,Burundi,Sub-Saharan Africa,Low income,2021,18.70014,,,4.402322,,3.237074794,8.404538451
CPV,Cabo Verde,Sub-Saharan Africa,Upper middle income,2000,,,70.36065,,54.36146,14.28486885,-2.477456685
CPV,Cabo Verde,Sub-Saharan Africa,Upper middle income,2001,,,68.59566,,56.03467,2.231654545,3.349964723
CPV,Cabo Verde,Sub-Saharan Africa,Upper middle income,2002,,,65.43957,,62.67659,5.25089117,1.884534101
CPV,Cabo Verde,Sub-Saharan Africa,Upper middle income,2003,,,66.85107,,62.9021,4.176259326,1.188170386
CPV,Cabo Verde,Sub-Saharan Africa,Upper middle income,2004,,,64.90895,,67.90031,10.19707263,-1.890821723
CPV,Cabo Verde,Sub-Saharan Africa,Upper middle income,2005,,,60.24997,,75.1336,6.912457957,0.418891613
CPV,Cabo Verde,Sub-Saharan Africa,Upper middle income,2006,,,63.09359,,79.7942,7.983750448,5.369076871
CPV,Cabo Verde,Sub-Saharan Africa,Upper middle income,2007,,,63.08739,,70.68781,15.17068797,4.410997042
CPV,Cabo Verde,Sub-Saharan Africa,Upper middle income,2008,15.71089,,74.49953,,69.09548,7.039011296,6.774435464
CPV,Cabo Verde,Sub-Saharan Africa,Upper middle income,2009,19.38093,,80.0997,1.22349,71.34432,-1.503586724,0.991103481
CPV,Cabo Verde,Sub-Saharan Africa,Upper middle income,2010,19.49653,,82.27927,1.171906,74.12022,1.83641915,2.078664709
CPV,Cabo Verde,Sub-Saharan Africa,Upper middle income,2011,19.8768,,89.65234,1.007128,72.8123,3.924718213,4.473883422
CPV,Cabo Verde,Sub-Saharan Africa,Upper middle income,2012,20.33684,,83.11149,0.5311815,76.82008,1.083648484,2.540396442
CPV,Cabo Verde,Sub-Saharan Africa,Upper middle income,2013,20.17573,,75.6007,0.6356224,84.22919,0.632136727,1.506542857
CPV,Cabo Verde,Sub-Saharan Africa,Upper middle income,2014,19.79964,,69.78107,0.4536932,89.98112,0.69666684,-0.238778145
CPV,Cabo Verde,Sub-Saharan Africa,Upper middle income,2015,20.58774,,65.83218,0.5412314,93.22852,0.936026508,0.131187999
CPV,Cabo Verde,Sub-Saharan Africa,Upper middle income,2016,20.14221,,62.65056,0.5490437,96.97839,4.280714827,-1.407816371
CPV,Cabo Verde,Sub-Saharan Africa,Upper middle income,2017,19.36932,,62.4824,0.4092123,99.21488,4.55131481,0.784415251
CPV,Cabo Verde,Sub-Saharan Africa,Upper middle income,2018,18.53158,,62.96069,0.2852739,94.74351,3.706964583,1.256995667
CPV,Cabo Verde,Sub-Saharan Africa,Upper middle income,2019,22.8945,,60.05465,1.329623,96.87713,6.947826341,1.106666743
CPV,Cabo Verde,Sub-Saharan Africa,Upper middle income,2020,25.47081,,62.37599,1.432627,116.3371,-20.8052759,0.605795808
CPV,Cabo Verde,Sub-Saharan Africa,Upper middle income,2021,27.08953,,64.44865,1.466749,109.7969,7.033530107,1.862152975
KHM,Cambodia,East Asia & Pacific,Lower middle income,2000,,,67.25432,,9.486244,9.993580323,-0.791992529
KHM,Cambodia,East Asia & Pacific,Lower middle income,2001,,,57.56813,,10.4015,7.389710651,-0.6006483
KHM,Cambodia,East Asia & Pacific,Lower middle income,2002,24.28772,,49.89114,,12.64826,6.265072805,0.211466568
KHM,Cambodia,East Asia & Pacific,Lower middle income,2003,26.0425,,55.21542,2.353344,13.06021,10.28368131,0.941746118
KHM,Cambodia,East Asia & Pacific,Lower middle income,2004,23.5535,,60.80671,2.365646,14.67744,9.457694811,4.319336774
KHM,Cambodia,East Asia & Pacific,Lower middle income,2005,28.59257,,62.53222,3.683364,14.25699,13.30333384,6.61525912
KHM,Cambodia,East Asia & Pacific,Lower middle income,2006,29.98851,,66.6506,4.734071,17.93482,10.94336007,5.810685505
KHM,Cambodia,East Asia & Pacific,Lower middle income,2007,25.87021,,68.66276,4.758763,26.4732,10.3984581,8.708827706
KHM,Cambodia,East Asia & Pacific,Lower middle income,2008,29.3241,,102.801,4.177923,22.80032,7.476366066,24.09685193
KHM,Cambodia,East Asia & Pacific,Lower middle income,2009,28.19832,,80.79158,1.943421,30.40718,4.074778506,-1.241717542
KHM,Cambodia,East Asia & Pacific,Lower middle income,2010,29.11961,3.1418785,78.88085,2.014081,34.9007,5.076918432,3.996395281
KHM,Cambodia,East Asia & Pacific,Lower middle income,2011,28.7236,2.2943886,89.23025,2.793656,31.64308,7.286658139,5.478447496
KHM,Cambodia,East Asia & Pacific,Lower middle income,2012,27.55399,2.2246901,89.65759,2.935806,43.22687,7.650256579,2.934316093
KHM,Cambodia,East Asia & Pacific,Lower middle income,2013,28.38683,2.3026777,106.5445,2.831086,48.10421,7.857499755,2.941625095
KHM,Cambodia,East Asia & Pacific,Lower middle income,2014,26.16084,1.6213391,106.4682,2.717595,58.33368,8.000320746,3.855688614
KHM,Cambodia,East Asia & Pacific,Lower middle income,2015,26.17611,1.59274,115.8854,3.292433,64.00486,7.207034725,1.223931955
KHM,Cambodia,East Asia & Pacific,Lower middle income,2016,25.0181,2.1306306,114.6762,2.376249,71.00856,7.905501161,3.019139751
KHM,Cambodia,East Asia & Pacific,Lower middle income,2017,25.39946,2.0724775,109.5552,1.989729,78.89191,8.075039155,2.912635574
KHM,Cambodia,East Asia & Pacific,Lower middle income,2018,25.48395,1.9896209,108.5165,2.232225,91.57049,8.776223762,2.459085154
KHM,Cambodia,East Asia & Pacific,Lower middle income,2019,26.36913,1.5538399,118.0338,2.606866,96.71732,7.936950136,1.942575008
KHM,Cambodia,East Asia & Pacific,Lower middle income,2020,26.42809,1.8186254,120.1488,2.345573,118.8404,-3.555721934,2.940295143
KHM,Cambodia,East Asia & Pacific,Lower middle income,2021,26.77147,,127.2743,2.267498,130.6155,3.089842841,2.920734776
CMR,Cameroon,Sub-Saharan Africa,Lower middle income,2000,10.84481,,73.84485,1.686393,9.815643,3.832417794,1.22719013
CMR,Cameroon,Sub-Saharan Africa,Lower middle income,2001,9.468249,,70.71114,1.985557,10.67886,4.324261192,4.419772459
CMR,Cameroon,Sub-Saharan Africa,Lower middle income,2002,9.269218,,67.5302,1.689993,11.62545,4.477026834,2.834422601
CMR,Cameroon,Sub-Saharan Africa,Lower middle income,2003,11.41982,,70.41975,2.801313,11.3491,5.453153689,0.623163557
CMR,Cameroon,Sub-Saharan Africa,Lower middle income,2004,10.63145,,68.08353,2.256261,11.16971,7.048862819,0.23364738
CMR,Cameroon,Sub-Saharan Africa,Lower middle income,2005,11.48797,,67.40829,1.989995,12.00297,2.228270209,2.013539502
CMR,Cameroon,Sub-Saharan Africa,Lower middle income,2006,10.42733,,62.71056,2.371321,12.53872,3.809583276,5.11757816
CMR,Cameroon,Sub-Saharan Africa,Lower middle income,2007,9.903004,,59.51357,2.38333,13.34762,4.32758901,0.921402246
CMR,Cameroon,Sub-Saharan Africa,Lower middle income,2008,9.672549,,62.92274,2.245243,13.99379,2.847677889,5.337806276
CMR,Cameroon,Sub-Saharan Africa,Lower middle income,2009,9.289059,,63.67237,2.283426,14.19867,2.579251777,3.043618479
CMR,Cameroon,Sub-Saharan Africa,Lower middle income,2010,9.63721,10.101348,60.91916,1.626038,15.50872,2.899024721,1.275380462
CMR,Cameroon,Sub-Saharan Africa,Lower middle income,2011,9.635683,11.446711,70.0726,1.811835,16.30733,3.379211285,2.939699463
CMR,Cameroon,Sub-Saharan Africa,Lower middle income,2012,9.855334,11.552801,88.04116,2.006003,14.05192,4.625978722,2.735296775
CMR,Cameroon,Sub-Saharan Africa,Lower middle income,2013,12.00264,10.295331,86.91676,3.997184,14.86866,4.995529161,2.05034718
CMR,Cameroon,Sub-Saharan Africa,Lower middle income,2014,9.666199,9.701687,87.69134,1.827543,15.61419,5.719818145,1.854898504
CMR,Cameroon,Sub-Saharan Africa,Lower middle income,2015,10.15607,9.315177,91.64111,1.587406,15.4436,5.666952987,2.676235314
CMR,Cameroon,Sub-Saharan Africa,Lower middle income,2016,9.955661,10.651872,94.78624,1.486451,15.12112,4.535794237,0.874190383
CMR,Cameroon,Sub-Saharan Africa,Lower middle income,2017,10.53425,10.835904,92.48759,2.136947,15.1638,3.541176549,0.64040915
CMR,Cameroon,Sub-Saharan Africa,Lower middle income,2018,8.825315,12.392719,88.60291,1.36804,16.53209,3.955514239,1.068858113
CMR,Cameroon,Sub-Saharan Africa,Lower middle income,2019,9.844123,12.810483,83.62711,1.619232,16.80967,3.475059982,2.452802141
CMR,Cameroon,Sub-Saharan Africa,Lower middle income,2020,10.58627,13.286888,,2.011267,,0.259932916,2.437608822
CAN,Canada,North America,High income,2000,16.64024,1.3,108.5464,-0.0614587,,5.13853919,2.719439957
CAN,Canada,North America,High income,2001,18.30962,1.5,81.14668,0.5197358,149.5473,1.875098131,2.52512014
CAN,Canada,North America,High income,2002,15.51264,1.6,80.08566,0.6598622,147.141,2.999255338,2.258394409
CAN,Canada,North America,High income,2003,15.37344,1.2,80.53414,1.306688,140.6113,1.80638512,2.758563214
CAN,Canada,North America,High income,2004,17.28203,0.69999999,82.80493,1.294272,139.415,3.09236381,1.857258719
CAN,Canada,North America,High income,2005,19.08184,0.5,84.52728,1.081996,143.9293,3.210454415,2.213552034
CAN,Canada,North America,High income,2006,18.60958,0.40000001,87.00665,1.239866,154.1476,2.637943753,2.002025395
CAN,Canada,North America,High income,2007,18.14328,0.40000001,113.9522,1.054081,108.4083,2.049904594,2.138383993
CAN,Canada,North America,High income,2008,18.64976,0.80000001,104.3213,0.8138724,118.9572,0.995406371,2.370270674
CAN,Canada,North America,High income,2009,18.9248,1.3,,0.9642314,,-2.915086271,0.299466803
CAN,Canada,North America,High income,2010,17.38711,1.1924572,,1.823781,,3.090806337,1.776871541
CAN,Canada,North America,High income,2011,14.12581,0.84468879,,1.865271,,3.137194434,2.912135089
CAN,Canada,North America,High income,2012,13.65419,0.65115289,,1.090509,,1.755661332,1.515678231
CAN,Canada,North America,High income,2013,13.66008,0.5749182,,1.032395,,2.325813566,0.938291898
CAN,Canada,North America,High income,2014,13.69585,0.51787859,,1.030527,,2.873466756,1.906635907
CAN,Canada,North America,High income,2015,13.88616,0.51659629,,0.9538747,,0.649971015,1.125241361
CAN,Canada,North America,High income,2016,14.19255,0.59605094,,0.9902313,,1.03855092,1.428759547
CAN,Canada,North America,High income,2017,14.48891,0.44946104,,1.119468,,3.033834918,1.596884129
CAN,Canada,North America,High income,2018,14.37822,0.50521419,,1.118185,,2.742963414,2.268225672
CAN,Canada,North America,High income,2019,14.20599,0.50340546,,1.052753,,1.908431939,1.949269024
CAN,Canada,North America,High income,2020,13.06755,0.53331476,,0.7982631,,-5.038233428,0.716999632
CAN,Canada,North America,High income,2021,13.85122,,,1.140314,,5.95052805,3.395193185
CYM,Cayman Islands,Latin America & Caribbean,High income,2010,21.65476,,,0.0001718,,-2.715635262,0.276140862
CYM,Cayman Islands,Latin America & Caribbean,High income,2011,25.07313,,,0.7519394,,1.169062198,1.325435758
CYM,Cayman Islands,Latin America & Caribbean,High income,2012,26.23828,,,1.032456,,1.229753657,1.188948452
CYM,Cayman Islands,Latin America & Caribbean,High income,2015,18.50337,,,0.5245552,,2.833122226,-2.347527702
CYM,Cayman Islands,Latin America & Caribbean,High income,2016,17.26295,,,1.091576,,3.239974339,-0.625258359
CAF,Central African Republic,Sub-Saharan Africa,Low income,2000,,,138.6469,,3.42327,-2.48943244,3.203400916
CAF,Central African Republic,Sub-Saharan Africa,Low income,2001,,,127.2684,,3.970752,4.464739026,3.834860602
CAF,Central African Republic,Sub-Saharan Africa,Low income,2002,,,150.271,,3.979388,3.616542192,2.331817035
CAF,Central African Republic,Sub-Saharan Africa,Low income,2003,,,156.7598,,3.946102,-5.397485219,4.134709052
CAF,Central African Republic,Sub-Saharan Africa,Low income,2004,,,171.8534,,4.305446,5.994884228,-2.066406011
CAF,Central African Republic,Sub-Saharan Africa,Low income,2005,,,125.6671,,5.466703,0.908210515,2.883520734
CAF,Central African Republic,Sub-Saharan Africa,Low income,2006,,,121.8927,,5.505471,4.77108543,6.695264658
CAF,Central African Republic,Sub-Saharan Africa,Low income,2007,,,92.287,,7.309729,4.607534855,0.959917619
CAF,Central African Republic,Sub-Saharan Africa,Low income,2008,,,96.36514,,7.237869,2.054130962,9.258950994
CAF,Central African Republic,Sub-Saharan Africa,Low income,2009,,,77.90852,,8.12002,8.587260426,3.521262272
CAF,Central African Republic,Sub-Saharan Africa,Low income,2010,,12.638014,102.6184,,8.001207,4.630818432,1.4910237
CAF,Central African Republic,Sub-Saharan Africa,Low income,2011,,11.996258,101.6843,,8.764558,4.194615337,1.194475724
CAF,Central African Republic,Sub-Saharan Africa,Low income,2012,,9.5829832,140.3792,,7.581307,5.053761254,5.478295943
CAF,Central African Republic,Sub-Saharan Africa,Low income,2013,,28.501587,119.5248,,11.18806,-36.3919771,6.98879342
CAF,Central African Republic,Sub-Saharan Africa,Low income,2014,,27.662167,110.5535,,11.38793,0.081070515,14.89868418
CAF,Central African Republic,Sub-Saharan Africa,Low income,2015,,30.864752,93.76062,,12.26753,4.33712103,1.402970171
CAF,Central African Republic,Sub-Saharan Africa,Low income,2016,,25.61075,101.2845,,11.92081,4.750316841,4.945432761
CAF,Central African Republic,Sub-Saharan Africa,Low income,2017,,22.938161,95.34289,,11.50251,4.527278213,4.180723319
CAF,Central African Republic,Sub-Saharan Africa,Low income,2018,,15.591154,93.69153,,12.90993,3.789443593,1.61215687
CAF,Central African Republic,Sub-Saharan Africa,Low income,2019,,12.582744,82.37456,,13.90412,3.1,2.685373553
TCD,Chad,Sub-Saharan Africa,Low income,2000,15.83733,,86.74252,,3.54445,-0.879681024,3.822600881
TCD,Chad,Sub-Saharan Africa,Low income,2001,13.41495,,81.14537,2.325803,3.761989,11.65813466,12.43128653
TCD,Chad,Sub-Saharan Africa,Low income,2002,,,79.10896,,4.554234,8.49120982,5.191818952
TCD,Chad,Sub-Saharan Africa,Low income,2003,,,93.95731,,3.967126,14.72166701,-1.752569412
TCD,Chad,Sub-Saharan Africa,Low income,2004,16.18742,,93.00737,,2.977926,33.62937185,-5.355400289
TCD,Chad,Sub-Saharan Africa,Low income,2005,12.47522,,94.20585,3.94167,2.663297,17.33253374,7.890365675
TCD,Chad,Sub-Saharan Africa,Low income,2006,12.54679,,53.15333,3.102805,4.11241,-0.542829571,8.03628898
TCD,Chad,Sub-Saharan Africa,Low income,2007,11.31018,,62.39624,1.825884,3.784694,4.200174184,-8.97473962
TCD,Chad,Sub-Saharan Africa,Low income,2008,,,76.62421,,3.930732,3.081190339,10.29697582
TCD,Chad,Sub-Saharan Africa,Low income,2009,,,85.35572,,4.46333,-1.408282626,9.952422907
TCD,Chad,Sub-Saharan Africa,Low income,2010,,9.9192752,80.2095,,5.028947,13.67382727,-2.077865746
TCD,Chad,Sub-Saharan Africa,Low income,2011,12.38179,7.6476971,82.49547,,5.58089,4.495429671,2.029240537
TCD,Chad,Sub-Saharan Africa,Low income,2012,11.72726,7.3739281,95.17673,4.030866,6.054403,9.061803923,7.516623647
TCD,Chad,Sub-Saharan Africa,Low income,2013,11.0981,9.7771814,95.80976,4.028516,6.288522,2.838215247,0.222671565
TCD,Chad,Sub-Saharan Africa,Low income,2014,,11.737764,99.17047,,7.78838,2.062830744,1.681973139
TCD,Chad,Sub-Saharan Africa,Low income,2015,8.117155,17.010794,98.61331,-0.113385,8.412111,3.304159798,4.377126651
TCD,Chad,Sub-Saharan Africa,Low income,2016,8.417172,20.877715,105.7763,0.9981641,9.051818,-4.122503326,-0.792440525
TCD,Chad,Sub-Saharan Africa,Low income,2017,,25.810191,112.09,,8.560082,-1.617469228,-1.53709963
TCD,Chad,Sub-Saharan Africa,Low income,2018,,28.626247,121.2789,,8.131843,5.741115808,4.274621986
TCD,Chad,Sub-Saharan Africa,Low income,2019,,22.857578,93.96814,,10.13551,5.382822029,-0.971939175
CHL,Chile,Latin America & Caribbean,High income,2000,9.388548,1.7,125.3641,1.509737,48.89816,4.971621488,3.843272957
CHL,Chile,Latin America & Caribbean,High income,2001,9.356902,1.6,130.9243,1.571371,48.04718,3.154034925,3.56910053
CHL,Chile,Latin America & Caribbean,High income,2002,9.42033,1.8,131.9661,1.493765,48.47106,3.202799135,2.489398167
CHL,Chile,Latin America & Caribbean,High income,2003,9.820443,1.6,139.8391,1.874143,44.49008,4.723245269,2.810178757
CHL,Chile,Latin America & Caribbean,High income,2004,9.496319,1.2,137.0918,1.900289,45.95288,6.674254168,1.054738714
CHL,Chile,Latin America & Caribbean,High income,2005,9.533514,0.89999998,133.4306,2.110406,48.47657,5.837045719,3.052576214
CHL,Chile,Latin America & Caribbean,High income,2006,9.184077,0.69999999,133.4447,1.897614,47.25979,6.049990826,3.392017337
CHL,Chile,Latin America & Caribbean,High income,2007,9.802999,0.80000001,136.7353,2.276761,50.6502,5.168230985,4.407799384
CHL,Chile,Latin America & Caribbean,High income,2008,,1,140.3114,,56.37972,3.789392806,8.71626873
CHL,Chile,Latin America & Caribbean,High income,2009,,2.9000001,170.4709,,41.03934,-1.118037236,0.353045178
CHL,Chile,Latin America & Caribbean,High income,2010,8.018787,2.6932803,167.9876,,39.19497,5.851651022,1.41071108
CHL,Chile,Latin America & Caribbean,High income,2011,8.775351,2.3464556,162.2411,2.09334,42.99328,6.223896785,3.341216943
CHL,Chile,Latin America & Caribbean,High income,2012,9.288716,2.1571518,158.8958,1.469009,45.92777,6.155340019,3.007448402
CHL,Chile,Latin America & Caribbean,High income,2013,9.083609,2.1054329,153.7729,1.573981,49.75086,3.308508247,1.78955554
CHL,Chile,Latin America & Caribbean,High income,2014,9.340874,2.0596653,153.0652,1.545088,51.5858,1.792649471,4.718675279
CHL,Chile,Latin America & Caribbean,High income,2015,8.528882,1.8746633,146.7505,1.323605,55.29425,2.1519425,4.348773532
CHL,Chile,Latin America & Caribbean,High income,2016,8.49224,1.8326362,146.7808,1.234052,54.52404,1.753038749,3.786193559
CHL,Chile,Latin America & Caribbean,High income,2017,8.689783,1.9163625,156.7947,1.384655,50.26846,1.357695373,2.182718469
CHL,Chile,Latin America & Caribbean,High income,2018,8.552716,1.8720146,156.8879,1.303123,52.29836,3.990029478,2.434889814
CHL,Chile,Latin America & Caribbean,High income,2019,7.761494,2.0550492,152.9551,1.316143,57.0317,0.644223403,2.557544757
CHL,Chile,Latin America & Caribbean,High income,2020,6.652649,1.5529892,134.5845,0.5801076,65.87315,-6.139696941,3.045490848
CHL,Chile,Latin America & Caribbean,High income,2021,7.446439,,128.7832,1.38407,62.60093,11.33740324,4.524568383
CHN,China,East Asia & Pacific,Upper middle income,2000,19.23762,22.4,289.3878,0.724707,38.36139,8.573573289,0.347811227
CHN,China,East Asia & Pacific,Upper middle income,2001,11.57558,29.799999,275.9464,0.7623997,39.81499,8.324046953,0.719125609
CHN,China,East Asia & Pacific,Upper middle income,2002,10.80062,26,266.6251,0.7307595,44.00544,9.236048704,-0.731970902
CHN,China,East Asia & Pacific,Upper middle income,2003,9.753115,20.4,268.2052,0.6906512,46.80051,10.1138119,1.127603487
CHN,China,East Asia & Pacific,Upper middle income,2004,9.505338,13.2,257.8027,0.8501579,45.98566,10.14042919,3.824637431
CHN,China,East Asia & Pacific,Upper middle income,2005,10.64458,8.6000004,251.8798,0.9062648,44.38909,11.453513,1.776414077
CHN,China,East Asia & Pacific,Upper middle income,2006,19.23969,7.0999999,242.3712,1.272403,45.02509,12.67528423,1.649430995
CHN,China,East Asia & Pacific,Upper middle income,2007,20.36639,6.1999998,234.0957,1.461061,45.17979,14.15077105,4.816767674
CHN,China,East Asia & Pacific,Upper middle income,2008,19.31134,2.4000001,246.6681,1.153701,41.34693,9.668776082,5.92525137
CHN,China,East Asia & Pacific,Upper middle income,2009,18.67495,1.6,236.6498,1.215292,52.56515,9.406100143,-0.728165251
CHN,China,East Asia & Pacific,Upper middle income,2010,19.80638,1.1323705,234.9772,1.426317,53.86623,10.59169039,3.175324753
CHN,China,East Asia & Pacific,Upper middle income,2011,18.63039,0.96158553,251.1972,1.034591,49.00172,9.462052483,5.553898923
CHN,China,East Asia & Pacific,Upper middle income,2012,19.79619,0.95367433,273.3517,1.779544,47.16198,7.857820148,2.619524326
CHN,China,East Asia & Pacific,Upper middle income,2013,19.63847,0.99970281,285.7519,1.659392,47.00411,7.778429548,2.621050017
CHN,China,East Asia & Pacific,Upper middle income,2014,20.26328,1.2487334,313.5894,1.550131,44.71932,7.461007358,1.921641628
CHN,China,East Asia & Pacific,Upper middle income,2015,23.62905,1.6738802,311.2155,1.375859,49.02853,6.981622556,1.437023809
CHN,China,East Asia & Pacific,Upper middle income,2016,21.81829,1.7444793,278.781,1.209516,56.03642,6.773688687,2.000001822
CHN,China,East Asia & Pacific,Upper middle income,2017,22.5563,1.7443546,272.3647,1.218502,56.86593,6.891239166,1.593136001
CHN,China,East Asia & Pacific,Upper middle income,2018,23.32925,1.8329488,303.1926,1.083939,52.04916,6.757806142,2.0747904
CHN,China,East Asia & Pacific,Upper middle income,2019,24.55772,1.8617549,327.0919,1.095228,50.56386,6.067378063,2.899234164
CHN,China,East Asia & Pacific,Upper middle income,2020,24.44535,1.8396197,342.436,1.014297,53.40194,2.339503852,2.419421895
CHN,China,East Asia & Pacific,Upper middle income,2021,25.01797,,365.9997,1.023541,48.66946,8.57038415,0.981015136
COL,Colombia,Latin America & Caribbean,Upper middle income,2000,2.12443,11,92.70055,-2.992116,22.3912,2.924861482,9.225348186
COL,Colombia,Latin America & Caribbean,Upper middle income,2001,3.436928,9.6999998,167.6137,0.6273674,13.01283,1.677898308,7.965560903
COL,Colombia,Latin America & Caribbean,Upper middle income,2002,3.660304,8.6999998,154.3221,0.9984478,13.81905,2.503980467,6.351507288
COL,Colombia,Latin America & Caribbean,Upper middle income,2003,4.210145,6.8000002,151.9774,2.295234,13.76258,3.918271903,7.129788629
COL,Colombia,Latin America & Caribbean,Upper middle income,2004,4.887276,3.3,161.6584,3.150941,14.88829,5.333022068,5.904020055
COL,Colombia,Latin America & Caribbean,Upper middle income,2005,5.189034,2.7,146.8288,2.881425,16.62461,4.828761108,5.051019627
COL,Colombia,Latin America & Caribbean,Upper middle income,2006,4.877285,2.7,170.4866,2.74501,17.57469,6.716868698,4.293423636
COL,Colombia,Latin America & Caribbean,Upper middle income,2007,,3.2,188.0396,,17.52505,6.738194691,5.544384858
COL,Colombia,Latin America & Caribbean,Upper middle income,2008,,3.9000001,200.9507,,17.09643,3.283446186,6.996884956
COL,Colombia,Latin America & Caribbean,Upper middle income,2009,,4,165.6543,,18.12708,1.139648645,4.202516612
COL,Colombia,Latin America & Caribbean,Upper middle income,2010,5.984405,2.8633766,162.9511,,19.83674,4.494658971,2.272002279
COL,Colombia,Latin America & Caribbean,Upper middle income,2011,5.447982,2.4955438,167.987,3.11586,20.79417,6.947891982,3.415033448
COL,Colombia,Latin America & Caribbean,Upper middle income,2012,5.837483,2.7584413,171.7709,2.699445,21.9598,3.912635767,3.169301888
COL,Colombia,Latin America & Caribbean,Upper middle income,2013,,2.7719927,163.213,,24.17408,5.13399352,2.016992243
COL,Colombia,Latin America & Caribbean,Upper middle income,2014,,2.9152608,175.6048,,24.12132,4.499030001,2.898837878
COL,Colombia,Latin America & Caribbean,Upper middle income,2015,6.413251,2.8476728,185.8894,2.339063,25.22206,2.955901375,4.989831158
COL,Colombia,Latin America & Caribbean,Upper middle income,2016,6.471997,3.1245365,205.7189,3.227731,22.86373,2.087382502,7.513460246
COL,Colombia,Latin America & Caribbean,Upper middle income,2017,5.932585,4.1797815,217.5151,1.91686,22.88914,1.359360868,4.314313257
COL,Colombia,Latin America & Caribbean,Upper middle income,2018,6.019376,4.4003755,217.3195,1.987892,22.80209,2.564324283,3.240569329
COL,Colombia,Latin America & Caribbean,Upper middle income,2019,6.134324,4.1744055,222.252,2.077987,23.19053,3.186855392,3.523019327
COL,Colombia,Latin America & Caribbean,Upper middle income,2020,5.253978,4.8022308,178.123,0.6305741,30.46985,-7.185914138,2.526635001
COL,Colombia,Latin America & Caribbean,Upper middle income,2021,4.320385,,166.6024,0.5899868,31.00632,10.80119819,3.495057574
COM,Comoros,Sub-Saharan Africa,Lower middle income,2001,,,47.21956,,8.872549,5.419599718,5.554593948
COM,Comoros,Sub-Saharan Africa,Lower middle income,2002,,,44.43094,,9.756708,4.597682633,3.533042143
COM,Comoros,Sub-Saharan Africa,Lower middle income,2003,,,51.7877,,9.10918,1.934428123,3.799081367
COM,Comoros,Sub-Saharan Africa,Lower middle income,2004,,,48.71189,,8.28178,3.100412104,4.474992891
COM,Comoros,Sub-Saharan Africa,Lower middle income,2005,,,55.44147,,9.272939,5.665202402,3.013323951
COM,Comoros,Sub-Saharan Africa,Lower middle income,2006,,,46.89768,,10.39794,-1.754446794,3.374363601
COM,Comoros,Sub-Saharan Africa,Lower middle income,2007,,,49.31689,,10.77088,0.803599788,4.466167101
COM,Comoros,Sub-Saharan Africa,Lower middle income,2008,,,50.82409,,12.4011,3.964611189,1.700781763
COM,Comoros,Sub-Saharan Africa,Lower middle income,2009,,,65.08281,,13.40037,3.240740741,4.362348293
COM,Comoros,Sub-Saharan Africa,Lower middle income,2010,,,69.74469,,14.87633,3.777766737,3.354757703
COM,Comoros,Sub-Saharan Africa,Lower middle income,2011,,,69.17636,,15.20417,4.143506688,1.842663008
COM,Comoros,Sub-Saharan Africa,Lower middle income,2012,,,70.84251,,16.73811,3.168409884,6.314744503
COM,Comoros,Sub-Saharan Africa,Lower middle income,2013,,,76.85278,,16.36124,4.466247299,-4.294873315
COM,Comoros,Sub-Saharan Africa,Lower middle income,2014,,,80.20067,,16.78083,2.106657603,7.547553791
COM,Comoros,Sub-Saharan Africa,Lower middle income,2015,,,82.21752,,18.98779,1.147356323,-0.117173884
COM,Comoros,Sub-Saharan Africa,Lower middle income,2016,,,75.83516,,21.00926,3.320446555,0.797517431
COM,Comoros,Sub-Saharan Africa,Lower middle income,2017,,,83.1432,,19.55628,3.815762875,-0.237362224
COM,Comoros,Sub-Saharan Africa,Lower middle income,2018,,,77.18362,,20.20429,3.642451147,2.151550844
COM,Comoros,Sub-Saharan Africa,Lower middle income,2019,,,74.55327,,20.52533,1.760780236,3.582135445
COM,Comoros,Sub-Saharan Africa,Lower middle income,2020,,,64.18044,,22.92402,-0.195556842,0.786641929
COM,Comoros,Sub-Saharan Africa,Lower middle income,2021,,,57.72606,,26.61887,2.042452383,-0.004417937
COD,"Congo, Dem. Rep.",Sub-Saharan Africa,Low income,2000,18.37744,,35.19427,,2.080477,-6.910927317,513.9068437
COD,"Congo, Dem. Rep.",Sub-Saharan Africa,Low income,2001,7.816836,,35.19427,0.1328098,1.22797,-2.100173024,359.9366143
COD,"Congo, Dem. Rep.",Sub-Saharan Africa,Low income,2002,,,30.50594,,1.282903,2.947765183,31.5225826
COD,"Congo, Dem. Rep.",Sub-Saharan Africa,Low income,2003,8.58812,,31.04131,,1.574139,5.577822312,12.87396572
COD,"Congo, Dem. Rep.",Sub-Saharan Africa,Low income,2004,6.300542,,37.60757,0.2659797,2.49808,6.738373933,3.994384008
COD,"Congo, Dem. Rep.",Sub-Saharan Africa,Low income,2005,9.077308,,45.19701,2.552682,2.458991,6.135151155,21.31681672
COD,"Congo, Dem. Rep.",Sub-Saharan Africa,Low income,2006,10.33286,,51.62366,4.33468,3.33108,5.108944332,13.05269497
COD,"Congo, Dem. Rep.",Sub-Saharan Africa,Low income,2007,9.697912,,47.23378,2.378983,4.61567,8.583322984,16.94510065
COD,"Congo, Dem. Rep.",Sub-Saharan Africa,Low income,2008,9.838428,,68.52864,2.498735,6.104351,7.433335742,17.30138457
COD,"Congo, Dem. Rep.",Sub-Saharan Africa,Low income,2009,9.203094,,59.86425,0.8881518,7.23583,0.541570197,2.8
COD,"Congo, Dem. Rep.",Sub-Saharan Africa,Low income,2010,10.61609,,53.84074,1.179138,7.395767,8.618677175,7.1
COD,"Congo, Dem. Rep.",Sub-Saharan Africa,Low income,2011,11.77969,,54.14933,1.494198,7.057013,-0.403164081,15.31651591
COD,"Congo, Dem. Rep.",Sub-Saharan Africa,Low income,2012,9.916953,,52.22228,1.009537,8.077475,8.668593606,9.721828063
COD,"Congo, Dem. Rep.",Sub-Saharan Africa,Low income,2013,9.771398,,57.18712,1.408527,9.136002,17.51591247,0.808223101
COD,"Congo, Dem. Rep.",Sub-Saharan Africa,Low income,2014,10.6012,,58.98936,1.750666,9.637972,7.302277509,1.243038898
COD,"Congo, Dem. Rep.",Sub-Saharan Africa,Low income,2015,8.892292,,62.00812,1.489494,10.08148,6.359737562,0.744198995
COD,"Congo, Dem. Rep.",Sub-Saharan Africa,Low income,2016,7.481957,,66.05571,0.0332077,11.14368,0.393832798,2.885851073
COD,"Congo, Dem. Rep.",Sub-Saharan Africa,Low income,2017,7.104617,,53.10714,0.2210143,10.22988,4.241210473,
COD,"Congo, Dem. Rep.",Sub-Saharan Africa,Low income,2018,8.548488,,55.51824,1.400995,10.48693,6.071688706,
COD,"Congo, Dem. Rep.",Sub-Saharan Africa,Low income,2019,7.424381,,47.95462,0.7580642,12.79336,0.555384295,
COD,"Congo, Dem. Rep.",Sub-Saharan Africa,Low income,2020,5.636406,,40.40583,-0.307466,18.34319,0.775427992,
COG,"Congo, Rep.",Sub-Saharan Africa,Lower middle income,2000,,,55.78893,,7.613312,7.575980395,-0.881991517
COG,"Congo, Rep.",Sub-Saharan Africa,Lower middle income,2001,,,99.73444,,4.548655,3.802601899,0.055989922
COG,"Congo, Rep.",Sub-Saharan Africa,Lower middle income,2002,,,40.35412,,6.473032,4.581870061,4.378759718
COG,"Congo, Rep.",Sub-Saharan Africa,Lower middle income,2003,,,54.01894,,6.200526,0.813264076,-0.631844987
COG,"Congo, Rep.",Sub-Saharan Africa,Lower middle income,2004,,,43.94415,,6.175051,3.476631621,2.42976608
COG,"Congo, Rep.",Sub-Saharan Africa,Lower middle income,2005,,,34.73716,,6.331885,7.755758978,3.094490115
COG,"Congo, Rep.",Sub-Saharan Africa,Lower middle income,2006,,,23.6278,,8.439455,7.986238363,6.537843953
COG,"Congo, Rep.",Sub-Saharan Africa,Lower middle income,2007,,,21.07031,,10.27906,-6.613994804,2.654646451
COG,"Congo, Rep.",Sub-Saharan Africa,Lower middle income,2008,,,29.10202,,11.03833,6.306375956,4.95875092
COG,"Congo, Rep.",Sub-Saharan Africa,Lower middle income,2009,,,34.98576,,13.60121,11.63728886,4.415003748
COG,"Congo, Rep.",Sub-Saharan Africa,Lower middle income,2010,,0.96437234,35.37719,,14.11765,9.931265431,0.391525011
COG,"Congo, Rep.",Sub-Saharan Africa,Lower middle income,2011,,1.078087,33.83313,,18.51874,2.205919363,1.759587043
COG,"Congo, Rep.",Sub-Saharan Africa,Lower middle income,2012,,1.5193151,41.18672,,17.91487,9.947153143,5.010187731
COG,"Congo, Rep.",Sub-Saharan Africa,Lower middle income,2013,,1.2248755,49.22302,,17.96434,-0.712434452,4.631616197
COG,"Congo, Rep.",Sub-Saharan Africa,Lower middle income,2014,,2.5060634,53.01336,,20.97856,6.646065409,0.912139545
COG,"Congo, Rep.",Sub-Saharan Africa,Lower middle income,2015,,3.5725797,69.34772,,22.87346,0.415193061,3.169097968
COG,"Congo, Rep.",Sub-Saharan Africa,Lower middle income,2016,,4.8477355,83.90613,,22.87646,-8.685243439,3.190561797
COG,"Congo, Rep.",Sub-Saharan Africa,Lower middle income,2017,,13.290132,88.90433,,18.7823,-5.594773719,0.450063823
COG,"Congo, Rep.",Sub-Saharan Africa,Lower middle income,2018,,18.197471,93.52575,,14.9619,-2.304317801,1.152778964
COG,"Congo, Rep.",Sub-Saharan Africa,Lower middle income,2019,,23.073929,83.5898,,15.82234,1.12447392,2.206073058
CRI,Costa Rica,Latin America & Caribbean,High income,2000,20.83077,3.5,170.8712,2.618949,14.92545,3.802072107,10.96154966
CRI,Costa Rica,Latin America & Caribbean,High income,2001,20.55849,2.4000001,166.6568,2.016344,16.94464,3.491170135,11.25561571
CRI,Costa Rica,Latin America & Caribbean,High income,2002,20.52114,3.2,163.5317,1.876941,18.57645,3.416876159,9.167520485
CRI,Costa Rica,Latin America & Caribbean,High income,2003,21.37616,1.7,158.9901,2.10068,19.86881,4.317180001,9.447580916
CRI,Costa Rica,Latin America & Caribbean,High income,2004,19.20137,2,151.4199,2.193377,21.02791,4.424599787,12.31481502
CRI,Costa Rica,Latin America & Caribbean,High income,2005,19.51401,1.4,159.3128,2.328078,22.18225,3.976666314,13.79829491
CRI,Costa Rica,Latin America & Caribbean,High income,2006,20.92518,1.4,157.9628,2.413784,23.69852,7.326695137,11.47059681
CRI,Costa Rica,Latin America & Caribbean,High income,2007,20.06151,1.2,183.3072,2.219153,23.61982,8.215132092,9.357244564
CRI,Costa Rica,Latin America & Caribbean,High income,2008,20.35137,1.5,215.4327,2.301712,22.69653,4.738175112,13.42446355
CRI,Costa Rica,Latin America & Caribbean,High income,2009,19.73983,2.0999999,188.8905,1.082543,24.87585,-0.87345609,7.842701677
CRI,Costa Rica,Latin America & Caribbean,High income,2010,21.14773,1.8552046,175.8401,1.41899,24.82702,5.360343477,5.662757084
CRI,Costa Rica,Latin America & Caribbean,High income,2011,21.45408,1.8168766,186.6227,1.543647,24.36503,4.403159218,4.87799831
CRI,Costa Rica,Latin America & Caribbean,High income,2012,21.49812,1.7451562,198.9007,1.621248,23.58974,4.882592529,4.495453144
CRI,Costa Rica,Latin America & Caribbean,High income,2013,20.18664,1.7486117,200.2183,1.128384,24.53415,2.494765962,5.231336142
CRI,Costa Rica,Latin America & Caribbean,High income,2014,17.49226,1.5529506,208.916,1.122968,25.12701,3.542109977,4.519200985
CRI,Costa Rica,Latin America & Caribbean,High income,2015,17.436,1.6641784,207.5438,1.280728,26.24996,3.65208093,0.801982005
CRI,Costa Rica,Latin America & Caribbean,High income,2016,20.19376,1.5532381,215.1568,1.588644,26.88132,4.204323208,-0.017478851
CRI,Costa Rica,Latin America & Caribbean,High income,2017,18.72457,2.0532816,226.6642,1.028789,25.83607,4.157699147,1.62590693
CRI,Costa Rica,Latin America & Caribbean,High income,2018,19.15008,2.1177312,223.2066,1.022794,26.59702,2.852859598,2.221114615
CRI,Costa Rica,Latin America & Caribbean,High income,2019,20.40005,2.3952961,201.7086,1.274389,27.3827,2.708139129,2.096046353
CRI,Costa Rica,Latin America & Caribbean,High income,2020,18.81415,2.4299215,157.8255,0.9485151,37.64637,-4.141593406,0.724911478
CRI,Costa Rica,Latin America & Caribbean,High income,2021,19.60885,,136.3559,1.364715,41.08471,8.21817954,1.726477551
CIV,Cote d'Ivoire,Sub-Saharan Africa,Lower middle income,2000,17.31451,,111.825,1.46739,8.629765,-0.265789462,2.530775167
CIV,Cote d'Ivoire,Sub-Saharan Africa,Lower middle income,2001,17.50802,,116.5316,0.9872431,8.309958,-2.154012491,4.36152914
CIV,Cote d'Ivoire,Sub-Saharan Africa,Lower middle income,2002,18.82406,,97.49941,0.7323661,9.764173,-2.730526474,3.077264852
CIV,Cote d'Ivoire,Sub-Saharan Africa,Lower middle income,2003,21.22235,,91.14022,0.8198787,9.558873,-4.725866586,3.29680747
CIV,Cote d'Ivoire,Sub-Saharan Africa,Lower middle income,2004,23.08921,,93.04328,1.30214,10.09178,3.185038226,1.457988356
CIV,Cote d'Ivoire,Sub-Saharan Africa,Lower middle income,2005,22.12253,,89.61938,0.9240242,10.35212,0.996065565,3.885830399
CIV,Cote d'Ivoire,Sub-Saharan Africa,Lower middle income,2006,22.19983,,87.78305,2.352457,11.01191,2.815578593,2.467191486
CIV,Cote d'Ivoire,Sub-Saharan Africa,Lower middle income,2007,21.32199,,86.69873,2.449154,12.7497,1.101429768,1.892006293
CIV,Cote d'Ivoire,Sub-Saharan Africa,Lower middle income,2008,19.71332,,89.50811,2.296346,12.44942,4.782665979,6.308527692
CIV,Cote d'Ivoire,Sub-Saharan Africa,Lower middle income,2009,23.52496,,87.76696,2.032149,13.41341,3.603321567,1.019504577
CIV,Cote d'Ivoire,Sub-Saharan Africa,Lower middle income,2010,20.50408,,81.28004,1.922742,14.50069,6.848049399,1.226456121
CIV,Cote d'Ivoire,Sub-Saharan Africa,Lower middle income,2011,19.43423,,68.03628,0.3859294,17.402,-5.37044724,4.912433951
CIV,Cote d'Ivoire,Sub-Saharan Africa,Lower middle income,2012,17.64459,,70.68189,1.356654,17.53925,7.620411765,1.304511199
CIV,Cote d'Ivoire,Sub-Saharan Africa,Lower middle income,2013,17.57693,,76.89827,2.589301,17.38276,10.76021313,2.581170373
CIV,Cote d'Ivoire,Sub-Saharan Africa,Lower middle income,2014,16.24919,,77.69889,1.772182,18.32971,9.371999942,0.448682077
CIV,Cote d'Ivoire,Sub-Saharan Africa,Lower middle income,2015,16.3723,,83.54501,1.95227,19.68866,7.194949427,1.251499548
CIV,Cote d'Ivoire,Sub-Saharan Africa,Lower middle income,2016,16.23994,,90.38123,2.132453,19.61902,7.17275964,0.723178458
CIV,Cote d'Ivoire,Sub-Saharan Africa,Lower middle income,2017,16.31917,,93.47014,2.00568,20.92923,7.410762426,0.685881065
CIV,Cote d'Ivoire,Sub-Saharan Africa,Lower middle income,2018,16.5086,,85.92531,1.777815,22.59575,4.843146059,0.401297817
CIV,Cote d'Ivoire,Sub-Saharan Africa,Lower middle income,2019,17.51922,,83.35384,1.798181,23.53886,6.721371676,0.790855512
CIV,Cote d'Ivoire,Sub-Saharan Africa,Lower middle income,2020,16.94303,,76.45822,1.898748,27.70216,0.699728593,2.412526172
CIV,Cote d'Ivoire,Sub-Saharan Africa,Lower middle income,2021,19.02191,,71.98973,1.767253,30.40386,7.062537134,4.159196579
HRV,Croatia,Europe & Central Asia,High income,2000,6.617574,9.5,86.10377,1.630848,36.47415,2.947659134,4.611315547
HRV,Croatia,Europe & Central Asia,High income,2001,5.057924,7.3000002,71.55409,1.090151,50.19317,3.110893286,3.776702467
HRV,Croatia,Europe & Central Asia,High income,2002,5.536661,10.2,85.55369,1.833984,49.89643,5.801415956,1.671784374
HRV,Croatia,Europe & Central Asia,High income,2003,5.092443,8.8999996,88.62503,1.703563,50.37452,5.568429017,1.767337808
HRV,Croatia,Europe & Central Asia,High income,2004,5.082476,7.5,92.41996,1.699165,51.25132,4.170492978,2.055396791
HRV,Croatia,Europe & Central Asia,High income,2005,5.325206,6.1999998,97.69987,1.600649,52.66854,4.328194543,3.317178244
HRV,Croatia,Europe & Central Asia,High income,2006,5.564413,5.1999998,101.9296,1.347633,56.90014,5.069865216,3.189825915
HRV,Croatia,Europe & Central Asia,High income,2007,7.2681,4.8000002,98.6631,1.820854,61.85882,5.048840767,2.899282756
HRV,Croatia,Europe & Central Asia,High income,2008,7.795281,4.9000001,106.1161,1.414386,59.96301,1.971767869,6.076968388
HRV,Croatia,Europe & Central Asia,High income,2009,7.754302,7.6999998,105.301,1.232268,62.8955,-6.811689739,2.378528459
HRV,Croatia,Europe & Central Asia,High income,2010,7.730999,11.09227,94.08118,1.111097,71.81773,-1.336162855,1.030555053
HRV,Croatia,Europe & Central Asia,High income,2011,7.637905,12.272916,97.23115,1.161465,71.20052,-0.111527125,2.272727273
HRV,Croatia,Europe & Central Asia,High income,2012,7.861647,13.759553,109.7665,0.9008079,63.75419,-2.237020496,3.412073491
HRV,Croatia,Europe & Central Asia,High income,2013,7.394768,15.43037,109.7466,0.2006961,62.55451,-0.13256108,2.216582064
HRV,Croatia,Europe & Central Asia,High income,2014,7.605237,16.706097,106.8845,0.5362245,62.95468,-0.559537667,-0.21519616
HRV,Croatia,Europe & Central Asia,High income,2015,6.566321,16.330256,99.49027,-0.6604725,63.9245,2.320566793,-0.464499005
HRV,Croatia,Europe & Central Asia,High income,2016,8.026342,13.609361,92.58867,1.646281,64.15093,3.46613146,-1.125
HRV,Croatia,Europe & Central Asia,High income,2017,8.239655,11.201542,89.28386,1.07431,63.09194,3.284062694,1.129372103
HRV,Croatia,Europe & Central Asia,High income,2018,7.880998,9.7069219,84.07613,1.418414,64.97176,2.911071462,1.50012501
HRV,Croatia,Europe & Central Asia,High income,2019,7.937998,6.9896316,83.51995,1.606883,63.58835,3.102472853,0.771820346
HRV,Croatia,Europe & Central Asia,High income,2020,7.289279,7.1776003,77.33073,0.7733377,77.28134,-8.310469953,0.154811375
HRV,Croatia,Europe & Central Asia,High income,2021,7.392629,,69.84996,1.37403,77.2496,12.63127413,2.554506996
CUW,Curacao,Latin America & Caribbean,High income,2003,14.70915,,,2.395038,,0.288186682,1.633713914
CUW,Curacao,Latin America & Caribbean,High income,2004,12.71737,,,1.456869,,0.208461073,1.379121381
CUW,Curacao,Latin America & Caribbean,High income,2005,10.35204,,,3.128959,,0.676425345,4.117117117
CUW,Curacao,Latin America & Caribbean,High income,2006,9.755342,,,2.149375,,1.63593469,3.114995241
CUW,Curacao,Latin America & Caribbean,High income,2007,7.661104,,,1.46092,,2.469963228,2.995720399
CUW,Curacao,Latin America & Caribbean,High income,2008,8.246242,,,1.411286,,2.18804308,6.876323937
CUW,Curacao,Latin America & Caribbean,High income,2009,9.720806,,,2.157881,,-0.531308242,1.753316054
CUW,Curacao,Latin America & Caribbean,High income,2010,10.73049,,,2.382414,,0.082306609,2.779442613
CUW,Curacao,Latin America & Caribbean,High income,2011,11.30552,,,2.620549,,0.508457482,2.332531526
CUW,Curacao,Latin America & Caribbean,High income,2012,8.28106,,,1.930942,,-0.348950824,3.183987463
CUW,Curacao,Latin America & Caribbean,High income,2013,7.078376,,,1.328217,,-0.635696908,1.332320862
CUW,Curacao,Latin America & Caribbean,High income,2014,11.19544,,,1.389824,,-0.637397373,1.498739696
CUW,Curacao,Latin America & Caribbean,High income,2015,12.06164,,,1.657793,,0.458151544,-0.47654205
CUW,Curacao,Latin America & Caribbean,High income,2016,11.69734,,,1.4957,,-1.067708487,-0.047207985
CUW,Curacao,Latin America & Caribbean,High income,2017,9.513255,,,0.0591009,,-1.276208101,1.585588017
CUW,Curacao,Latin America & Caribbean,High income,2018,10.97103,,,1.941225,,-2.104111331,2.583687566
CUW,Curacao,Latin America & Caribbean,High income,2019,11.20895,,,1.600679,,-3.206132303,2.622207834
CYP,Cyprus,Europe & Central Asia,High income,2000,9.54219,,100.5815,1.41186,150.4484,5.965304455,4.141657647
CYP,Cyprus,Europe & Central Asia,High income,2001,7.832068,,94.37456,1.471778,89.56311,3.952562582,1.973041917
CYP,Cyprus,Europe & Central Asia,High income,2002,9.291947,,92.20531,0.7168308,94.89113,3.722974911,2.801155052
CYP,Cyprus,Europe & Central Asia,High income,2003,7.933188,,92.13039,1.093647,93.50822,2.623299623,4.139065387
CYP,Cyprus,Europe & Central Asia,High income,2004,6.805026,,94.20152,1.87067,91.54167,5.026272267,2.286217068
CYP,Cyprus,Europe & Central Asia,High income,2005,5.759692,,107.7009,1.985186,145.3418,4.852987622,2.560161323
CYP,Cyprus,Europe & Central Asia,High income,2006,5.728607,,107.6227,1.451394,151.275,4.713783586,2.30468733
CYP,Cyprus,Europe & Central Asia,High income,2007,10.40343,,108.3102,2.206194,166.7066,5.098226149,2.372651837
CYP,Cyprus,Europe & Central Asia,High income,2008,10.2144,3.5999999,,-0.3442094,,3.646989221,4.669008419
CYP,Cyprus,Europe & Central Asia,High income,2009,8.482056,4.5,,0.7995847,,-2.015082037,0.326276652
CYP,Cyprus,Europe & Central Asia,High income,2010,8.160662,5.8217226,,0.8703246,,2.282671001,2.430040841
CYP,Cyprus,Europe & Central Asia,High income,2011,1.576496,9.9862342,,-4.416126,,0.416711868,3.289449396
CYP,Cyprus,Europe & Central Asia,High income,2012,8.428222,18.374946,,1.380427,,-3.447381514,2.3890541
CYP,Cyprus,Europe & Central Asia,High income,2013,9.23225,38.55704,,1.058582,,-6.587477511,-0.399357676
CYP,Cyprus,Europe & Central Asia,High income,2014,8.272057,44.972073,,-0.3696351,,-1.776058677,-1.354988854
CYP,Cyprus,Europe & Central Asia,High income,2015,8.268928,47.747846,,-0.2916986,,3.418920389,-2.096997691
CYP,Cyprus,Europe & Central Asia,High income,2016,9.832859,36.699118,,0.6457554,,6.573590809,-1.429166667
CYP,Cyprus,Europe & Central Asia,High income,2017,7.110081,31.388895,,-0.8353804,,5.750832366,0.531766496
CYP,Cyprus,Europe & Central Asia,High income,2018,7.88143,19.52051,,1.078098,,6.271663601,1.435491195
CYP,Cyprus,Europe & Central Asia,High income,2019,8.028267,17.093104,,0.2384992,,5.875595834,0.250370997
CYP,Cyprus,Europe & Central Asia,High income,2020,7.120387,15.019084,,-0.0376844,,-3.220630186,-0.638422798
CYP,Cyprus,Europe & Central Asia,High income,2021,6.074417,,,0.1307092,,11.39755908,2.446088672
CZE,Czechia,Europe & Central Asia,High income,2000,8.341993,29.299999,80.93616,0.3780979,53.32428,4.01066962,3.775388292
CZE,Czechia,Europe & Central Asia,High income,2001,7.225732,13.7,64.2847,0.8997452,55.26976,2.917219529,4.66267557
CZE,Czechia,Europe & Central Asia,High income,2002,8.982721,8.1000004,47.51028,2.004199,56.36382,1.513459491,1.90298097
CZE,Czechia,Europe & Central Asia,High income,2003,9.696417,4.9000001,48.23978,2.436392,57.4489,3.300836833,0.118739206
CZE,Czechia,Europe & Central Asia,High income,2004,10.7916,4,52.56434,2.64877,54.79139,4.736339697,2.760107817
CZE,Czechia,Europe & Central Asia,High income,2005,10.31883,3.9000001,59.09938,2.173674,55.45819,6.375028861,1.857097891
CZE,Czechia,Europe & Central Asia,High income,2006,9.850649,3.5999999,65.74259,1.928776,56.56075,6.623172992,2.533992583
CZE,Czechia,Europe & Central Asia,High income,2007,8.266711,2.4000001,74.55438,2.072555,58.60817,5.488825952,2.853124372
CZE,Czechia,Europe & Central Asia,High income,2008,10.02288,2.8,79.36471,1.505869,60.39635,2.612268072,6.358663802
CZE,Czechia,Europe & Central Asia,High income,2009,10.8644,4.5999999,75.6624,2.127729,59.42612,-4.798324167,1.019377353
CZE,Czechia,Europe & Central Asia,High income,2010,11.02247,5.3860667,77.14265,1.794826,60.0408,2.714665099,1.472727273
CZE,Czechia,Europe & Central Asia,High income,2011,10.76262,5.217252,80.06023,1.578732,60.34586,1.772380853,1.917219136
CZE,Czechia,Europe & Central Asia,High income,2012,12.21091,5.239479,78.37275,1.973898,63.03112,-0.770668191,3.287623066
CZE,Czechia,Europe & Central Asia,High income,2013,11.67634,5.1972813,76.63388,1.710145,66.03354,-0.041812416,1.438297872
CZE,Czechia,Europe & Central Asia,High income,2014,12.24763,5.6074178,74.17182,1.506772,66.67345,2.245212199,0.34398859
CZE,Czechia,Europe & Central Asia,High income,2015,12.14578,5.4840519,73.26678,1.603294,67.61345,4.958758489,0.309364548
CZE,Czechia,Europe & Central Asia,High income,2016,11.56156,4.594898,73.92386,1.697985,69.06567,2.580870139,0.683504209
CZE,Czechia,Europe & Central Asia,High income,2017,10.4291,3.7417204,70.74889,1.485702,71.94994,5.1735653,2.450533985
CZE,Czechia,Europe & Central Asia,High income,2018,10.2291,3.1401173,70.92962,1.415441,72.37445,2.830305883,2.149494949
CZE,Czechia,Europe & Central Asia,High income,2019,10.83713,2.7028243,69.69035,1.48667,72.14381,3.565776581,2.847875959
CZE,Czechia,Europe & Central Asia,High income,2020,10.51501,2.9569782,66.09281,0.7608637,80.49432,-5.304879555,3.161295285
CZE,Czechia,Europe & Central Asia,High income,2021,10.34125,,66.70601,1.071802,80.36269,4.029018321,3.839844915
DNK,Denmark,Europe & Central Asia,High income,2000,20.06971,,288.9056,0.8473505,45.63068,3.724008995,2.903282032
DNK,Denmark,Europe & Central Asia,High income,2001,18.58212,0.69999999,303.7357,0.9441662,45.66105,0.950032246,2.337870003
DNK,Denmark,Europe & Central Asia,High income,2002,17.68398,1.7,303.9001,0.9369099,46.59002,0.456530019,2.424436612
DNK,Denmark,Europe & Central Asia,High income,2003,18.5837,0.80000001,304.6988,1.21347,48.50037,0.441091007,2.075078206
DNK,Denmark,Europe & Central Asia,High income,2004,18.52977,0.69999999,298.9423,1.01514,51.49608,2.776351807,1.154356931
DNK,Denmark,Europe & Central Asia,High income,2005,17.12807,0.2,293.6472,1.117574,56.98678,2.35960883,1.817814583
DNK,Denmark,Europe & Central Asia,High income,2006,18.07074,,305.2777,1.187015,58.98417,3.816487699,1.924221385
DNK,Denmark,Europe & Central Asia,High income,2007,15.60151,0.60000002,307.1105,0.8598123,64.27599,0.987173816,1.693265862
DNK,Denmark,Europe & Central Asia,High income,2008,11.38008,1.2,313.3344,-0.1816623,67.17631,-0.41717844,3.416267943
DNK,Denmark,Europe & Central Asia,High income,2009,12.24932,3.3,355.0566,-0.2375249,56.68361,-4.974479057,1.30470991
DNK,Denmark,Europe & Central Asia,High income,2010,13.78698,4.0686363,363.4587,0.2251465,53.11166,1.582897031,2.31092437
DNK,Denmark,Europe & Central Asia,High income,2011,14.58393,3.6603429,370.9002,0.0974433,50.48299,1.310803761,2.758682261
DNK,Denmark,Europe & Central Asia,High income,2012,16.10142,5.9505178,358.0661,0.238216,50.85557,-0.005432302,2.397914857
DNK,Denmark,Europe & Central Asia,High income,2013,18.28209,4.6181437,345.1681,0.3625537,51.28306,1.392673432,0.78907178
DNK,Denmark,Europe & Central Asia,High income,2014,18.40098,4.4007907,325.0875,0.2862821,53.31664,1.277999832,0.56402054
DNK,Denmark,Europe & Central Asia,High income,2015,24.38521,3.6862359,313.6322,0.7424529,54.19263,2.104414564,0.452034154
DNK,Denmark,Europe & Central Asia,High income,2016,,3.2101233,297.0956,0.9737919,56.06312,3.073045492,0.25
DNK,Denmark,Europe & Central Asia,High income,2017,,2.2942915,282.653,1.306166,57.24577,3.056477239,1.14713217
DNK,Denmark,Europe & Central Asia,High income,2018,25.77088,1.7103049,284.9209,0.8609248,56.59733,1.86000749,0.813609467
DNK,Denmark,Europe & Central Asia,High income,2019,25.57506,1.7151032,274.9444,0.686938,58.51832,1.711400939,0.758131573
DNK,Denmark,Europe & Central Asia,High income,2020,22.6822,1.8160017,254.9727,0.4085091,64.05716,-1.780106018,0.420711974
DNK,Denmark,Europe & Central Asia,High income,2021,26.42471,,264.4569,0.8552545,60.02859,6.500254458,1.85304544
DJI,Djibouti,"Middle East, North Africa, Afghanistan & Pakistan",Lower middle income,2009,11.23716,9.3000002,37.08095,,58.27888,,1.675495873
DJI,Djibouti,"Middle East, North Africa, Afghanistan & Pakistan",Lower middle income,2010,9.134362,,39.64789,1.974844,61.11073,,3.950078759
DJI,Djibouti,"Middle East, North Africa, Afghanistan & Pakistan",Lower middle income,2011,11.45902,,42.84792,0.5492532,51.41089,,5.068713948
DJI,Djibouti,"Middle East, North Africa, Afghanistan & Pakistan",Lower middle income,2012,15.9094,11.534366,37.79636,2.571956,54.52831,,3.731209508
DJI,Djibouti,"Middle East, North Africa, Afghanistan & Pakistan",Lower middle income,2013,17.0551,15.336853,41.12928,2.161367,53.8816,,2.706032429
DJI,Djibouti,"Middle East, North Africa, Afghanistan & Pakistan",Lower middle income,2014,13.68825,18.729668,42.10793,0.9135897,52.67294,7.192987285,1.341864943
DJI,Djibouti,"Middle East, North Africa, Afghanistan & Pakistan",Lower middle income,2015,11.8607,19.954887,37.61061,0.9553291,57.20819,7.308985635,-0.522166521
DJI,Djibouti,"Middle East, North Africa, Afghanistan & Pakistan",Lower middle income,2016,,22.473306,33.72623,,58.22241,7.123432337,2.402529054
DJI,Djibouti,"Middle East, North Africa, Afghanistan & Pakistan",Lower middle income,2017,10.34672,16.521317,31.02841,,68.13545,5.458091517,0.577285725
DJI,Djibouti,"Middle East, North Africa, Afghanistan & Pakistan",Lower middle income,2018,13.12097,18.060113,35.75804,0.9171132,58.50815,4.774339349,0.1388364
DJI,Djibouti,"Middle East, North Africa, Afghanistan & Pakistan",Lower middle income,2019,16.97244,16.036584,35.77908,1.133952,57.66521,5.545080812,3.317632033
DJI,Djibouti,"Middle East, North Africa, Afghanistan & Pakistan",Lower middle income,2020,,13.250663,28.79324,,67.15524,1.202115173,1.779005356
DJI,Djibouti,"Middle East, North Africa, Afghanistan & Pakistan",Lower middle income,2021,,,25.81704,,72.49702,4.407156676,1.180867839
DMA,Dominica,Latin America & Caribbean,Upper middle income,2000,,,90.45304,,55.7563,2.340219378,0.856946805
DMA,Dominica,Latin America & Caribbean,Upper middle income,2001,,,82.75936,,57.82505,-0.063843443,1.303894035
DMA,Dominica,Latin America & Caribbean,Upper middle income,2002,,,74.22785,,64.89301,-3.087420524,0.17005533
DMA,Dominica,Latin America & Caribbean,Upper middle income,2003,,,66.01109,,68.74187,5.804954686,1.453368004
DMA,Dominica,Latin America & Caribbean,Upper middle income,2004,,,66.48599,,68.36732,4.097836623,2.394109821
DMA,Dominica,Latin America & Caribbean,Upper middle income,2005,,,66.785,,72.75011,0.915286473,1.681900799
DMA,Dominica,Latin America & Caribbean,Upper middle income,2006,,,66.93611,,75.31756,4.400774798,2.202391326
DMA,Dominica,Latin America & Caribbean,Upper middle income,2007,,,63.87132,,76.90572,5.357937558,3.632221293
DMA,Dominica,Latin America & Caribbean,Upper middle income,2008,,,64.98874,,75.33089,7.121312178,6.359921833
DMA,Dominica,Latin America & Caribbean,Upper middle income,2009,,,63.00622,,77.63764,-1.135751456,0.006263571
DMA,Dominica,Latin America & Caribbean,Upper middle income,2010,,,66.93316,,79.33677,-0.105610858,2.999366305
DMA,Dominica,Latin America & Caribbean,Upper middle income,2011,,,69.244,,80.31741,0.042738888,1.131231365
DMA,Dominica,Latin America & Caribbean,Upper middle income,2012,,,63.7918,,92.67043,-0.157391793,1.356771478
DMA,Dominica,Latin America & Caribbean,Upper middle income,2013,,,61.60387,,93.53471,0.004503997,-0.046411647
DMA,Dominica,Latin America & Caribbean,Upper middle income,2014,,,57.2377,,93.77516,2.335217421,0.799250373
DMA,Dominica,Latin America & Caribbean,Upper middle income,2015,,,54.83521,,93.56441,-3.373382625,-0.843826985
DMA,Dominica,Latin America & Caribbean,Upper middle income,2016,,,50.49643,,92.96866,1.447245565,0.141816226
DMA,Dominica,Latin America & Caribbean,Upper middle income,2017,,,42.65793,,119.578,-7.544363755,0.296252889
DMA,Dominica,Latin America & Caribbean,Upper middle income,2018,,,41.72684,,113.046,2.96401061,0.989191119
DMA,Dominica,Latin America & Caribbean,Upper middle income,2019,,,44.92508,,89.94616,3.948097579,1.504623539
DMA,Dominica,Latin America & Caribbean,Upper middle income,2020,,,55.62589,,95.71721,-15.70640245,1.220264422
DMA,Dominica,Latin America & Caribbean,Upper middle income,2021,,,56.52095,,90.13515,5.37983839,2.228913307
DOM,Dominican Republic,Latin America & Caribbean,Upper middle income,2000,32.974,2.5999999,113.6581,2.412546,25.17267,4.651725503,7.724135662
DOM,Dominican Republic,Latin America & Caribbean,Upper middle income,2001,33.16689,2.5,179.0346,2.448295,17.54842,2.469370238,8.883068488
DOM,Dominican Republic,Latin America & Caribbean,Upper middle income,2002,39.92155,3.8,177.7697,2.793683,18.22803,4.48650367,5.223367698
DOM,Dominican Republic,Latin America & Caribbean,Upper middle income,2003,30.66366,8.6999998,131.7422,1.498592,23.46845,-1.349357448,27.44971274
DOM,Dominican Republic,Latin America & Caribbean,Upper middle income,2004,30.64993,7.3000002,110.256,2.045091,17.20122,2.585566674,51.46085983
DOM,Dominican Republic,Latin America & Caribbean,Upper middle income,2005,30.68496,5.9000001,101.436,1.827136,18.28384,9.43178932,4.190202605
DOM,Dominican Republic,Latin America & Caribbean,Upper middle income,2006,33.30424,4.5,96.08385,2.444279,18.25501,9.17120651,7.572805239
DOM,Dominican Republic,Latin America & Caribbean,Upper middle income,2007,32.06005,4,99.93227,2.566382,19.46512,7.418405778,6.143566552
DOM,Dominican Republic,Latin America & Caribbean,Upper middle income,2008,33.28437,3.7,110.9414,2.715766,17.27872,3.268086713,10.6446211
DOM,Dominican Republic,Latin America & Caribbean,Upper middle income,2009,31.04496,4.3000002,104.6825,2.282097,19.61053,1.00345293,1.442151318
DOM,Dominican Republic,Latin America & Caribbean,Upper middle income,2010,32.25481,3.1291942,107.88,2.578319,20.14961,8.401145412,6.329932201
DOM,Dominican Republic,Latin America & Caribbean,Upper middle income,2011,32.62072,2.870638,106.2551,2.263838,20.67632,3.191962275,5.796768092
DOM,Dominican Republic,Latin America & Caribbean,Upper middle income,2012,33.06392,3.4548601,101.9256,2.177489,21.11814,2.775671008,3.694497079
DOM,Dominican Republic,Latin America & Caribbean,Upper middle income,2013,32.09081,2.2517968,102.6463,2.271123,21.98308,4.934733007,4.830950967
DOM,Dominican Republic,Latin America & Caribbean,Upper middle income,2014,31.62562,1.5364899,116.6862,2.196672,20.70678,7.111226297,2.998642261
DOM,Dominican Republic,Latin America & Caribbean,Upper middle income,2015,36.20605,1.7259499,115.7404,2.058415,21.47626,6.987711312,0.836746347
DOM,Dominican Republic,Latin America & Caribbean,Upper middle income,2016,38.14822,1.7369883,118.0824,2.438814,21.7035,6.719740787,1.614166072
DOM,Dominican Republic,Latin America & Caribbean,Upper middle income,2017,34.46243,1.9065863,118.4212,2.387412,21.86977,3.933861764,3.279556947
DOM,Dominican Republic,Latin America & Caribbean,Upper middle income,2018,34.36922,1.6176697,121.0433,2.264826,21.36171,7.097516402,3.56443426
DOM,Dominican Republic,Latin America & Caribbean,Upper middle income,2019,34.62232,1.5534851,116.4832,2.225068,23.0601,4.894030115,1.81060377
DOM,Dominican Republic,Latin America & Caribbean,Upper middle income,2020,31.06544,,95.25696,1.651126,30.41332,-7.929052342,3.781031799
DOM,Dominican Republic,Latin America & Caribbean,Upper middle income,2021,32.58395,,91.11948,2.256886,29.32611,14.01242891,8.24300348
ECU,Ecuador,Latin America & Caribbean,Upper middle income,2000,5.890882,31,138.9281,-17.58569,18.72971,1.091801647,96.09637569
ECU,Ecuador,Latin America & Caribbean,Upper middle income,2001,10.58554,13.4,126.3264,-4.367454,18.96309,4.206271857,37.67674545
ECU,Ecuador,Latin America & Caribbean,Upper middle income,2002,10.11148,8.3999996,109.5124,-1.28875,16.47235,4.928095496,12.48359801
ECU,Ecuador,Latin America & Caribbean,Upper middle income,2003,10.49036,7.9000001,96.67083,0.897069,17.21797,2.884500365,7.929364875
ECU,Ecuador,Latin America & Caribbean,Upper middle income,2004,10.34352,6.4000001,93.09631,-2.47874,20.10627,6.832397366,2.743231989
ECU,Ecuador,Latin America & Caribbean,Upper middle income,2005,10.13633,5.5,97.1422,-4.752146,20.90224,5.39862244,2.168277012
ECU,Ecuador,Latin America & Caribbean,Upper middle income,2006,11.41771,4.0999999,100.9456,2.558435,20.89988,4.341131986,3.298748463
ECU,Ecuador,Latin America & Caribbean,Upper middle income,2007,11.24322,3.7,97.84889,1.894517,22.48377,1.902428597,2.27618478
ECU,Ecuador,Latin America & Caribbean,Upper middle income,2008,10.8947,3.4000001,98.67678,2.308773,22.81047,6.564920682,8.40009594
ECU,Ecuador,Latin America & Caribbean,Upper middle income,2009,10.61058,4.0999999,89.57105,1.541154,24.7516,1.09101297,5.159968292
ECU,Ecuador,Latin America & Caribbean,Upper middle income,2010,10.13134,3.3545963,91.72845,1.66025,26.69303,4.02913788,3.554377346
ECU,Ecuador,Latin America & Caribbean,Upper middle income,2011,10.78709,3.197727,92.43827,2.067912,27.34638,8.481476563,4.474532658
ECU,Ecuador,Latin America & Caribbean,Upper middle income,2012,10.94596,3.7560213,91.5824,1.592063,28.48008,5.783212336,5.10172181
ECU,Ecuador,Latin America & Caribbean,Upper middle income,2013,10.14678,3.5571468,88.60573,1.249095,29.89789,7.211236537,2.721775777
ECU,Ecuador,Latin America & Caribbean,Upper middle income,2014,10.07726,3.5837123,87.99554,1.391555,30.82629,4.226065204,3.589220166
ECU,Ecuador,Latin America & Caribbean,Upper middle income,2015,11.11825,4.4040642,97.13541,1.278322,28.00867,0.119692109,3.966646233
ECU,Ecuador,Latin America & Caribbean,Upper middle income,2016,10.61249,3.9643297,87.46473,1.172504,32.85527,-0.687954246,1.728264633
ECU,Ecuador,Latin America & Caribbean,Upper middle income,2017,11.06853,3.3094819,93.90811,1.623797,34.36172,5.97039881,0.417335589
ECU,Ecuador,Latin America & Caribbean,Upper middle income,2018,10.69763,2.949234,102.7092,2.015026,35.01731,1.044294607,-0.224103246
ECU,Ecuador,Latin America & Caribbean,Upper middle income,2019,10.8558,3.1512836,105.4284,2.049904,37.85196,0.165404465,0.266012515
ECU,Ecuador,Latin America & Caribbean,Upper middle income,2020,9.297792,,96.89857,0.7993248,46.1083,-9.245096192,-0.338872393
ECU,Ecuador,Latin America & Caribbean,Upper middle income,2021,9.514566,,99.1916,1.124646,48.32725,9.42189269,0.133251386
EGY,"Egypt, Arab Rep.","Middle East, North Africa, Afghanistan & Pakistan",Lower middle income,2000,15.10386,13.6,80.25356,0.8935008,61.56714,6.37000383,2.683805353
EGY,"Egypt, Arab Rep.","Middle East, North Africa, Afghanistan & Pakistan",Lower middle income,2001,13.75495,16.9,78.32394,0.6527692,66.6999,3.535251974,2.269757205
EGY,"Egypt, Arab Rep.","Middle East, North Africa, Afghanistan & Pakistan",Lower middle income,2002,12.96994,20.200001,73.15921,0.4628811,71.05004,2.390204027,2.73723855
EGY,"Egypt, Arab Rep.","Middle East, North Africa, Afghanistan & Pakistan",Lower middle income,2003,13.98557,24.200001,65.24055,0.4533599,78.56944,3.193454738,4.507776363
EGY,"Egypt, Arab Rep.","Middle East, North Africa, Afghanistan & Pakistan",Lower middle income,2004,14.44945,23.6,64.0412,0.5655896,80.25642,4.09207161,11.27061933
EGY,"Egypt, Arab Rep.","Middle East, North Africa, Afghanistan & Pakistan",Lower middle income,2005,14.28642,26.5,60.70229,0.5643885,80.16269,4.471744471,4.869396969
EGY,"Egypt, Arab Rep.","Middle East, North Africa, Afghanistan & Pakistan",Lower middle income,2006,14.1489,18.200001,58.74903,0.6379138,79.79333,6.843838194,7.644526445
EGY,"Egypt, Arab Rep.","Middle East, North Africa, Afghanistan & Pakistan",Lower middle income,2007,14.56352,19.299999,54.71236,0.9393732,79.11732,7.087827427,9.318969058
EGY,"Egypt, Arab Rep.","Middle East, North Africa, Afghanistan & Pakistan",Lower middle income,2008,15.79272,14.8,56.58173,0.968257,71.93548,7.156283567,18.31683168
EGY,"Egypt, Arab Rep.","Middle East, North Africa, Afghanistan & Pakistan",Lower middle income,2009,17.08611,13.4,50.85363,1.207767,67.49898,4.6735998,11.76349544
EGY,"Egypt, Arab Rep.","Middle East, North Africa, Afghanistan & Pakistan",Lower middle income,2010,17.11292,13.6,48.05927,1.48916,65.44672,5.147234857,11.26518827
EGY,"Egypt, Arab Rep.","Middle East, North Africa, Afghanistan & Pakistan",Lower middle income,2011,17.60347,10.9,49.53832,1.41868,59.8116,1.764571948,10.06492599
EGY,"Egypt, Arab Rep.","Middle East, North Africa, Afghanistan & Pakistan",Lower middle income,2012,20.00707,9.8000002,47.67227,2.016844,57.45149,2.226199798,7.111729433
EGY,"Egypt, Arab Rep.","Middle East, North Africa, Afghanistan & Pakistan",Lower middle income,2013,20.85235,9.3000002,42.91973,2.20997,61.09643,2.185466054,9.469719811
EGY,"Egypt, Arab Rep.","Middle East, North Africa, Afghanistan & Pakistan",Lower middle income,2014,21.54306,8.5,41.02925,2.511718,62.41075,2.915911881,10.07021547
EGY,"Egypt, Arab Rep.","Middle East, North Africa, Afghanistan & Pakistan",Lower middle income,2015,21.43956,7.1999998,40.18655,2.741397,65.48553,4.372019078,10.37049034
EGY,"Egypt, Arab Rep.","Middle East, North Africa, Afghanistan & Pakistan",Lower middle income,2016,19.92265,,40.61675,2.569911,84.04134,4.346643456,13.81360621
EGY,"Egypt, Arab Rep.","Middle East, North Africa, Afghanistan & Pakistan",Lower middle income,2017,21.54849,,35.40953,2.289193,80.54346,4.181221,29.50660839
EGY,"Egypt, Arab Rep.","Middle East, North Africa, Afghanistan & Pakistan",Lower middle income,2018,20.86885,,35.57459,2.234701,71.8155,5.331108619,14.40146578
EGY,"Egypt, Arab Rep.","Middle East, North Africa, Afghanistan & Pakistan",Lower middle income,2019,23.47762,,35.48344,2.735734,67.70634,5.552093071,9.152799593
EGY,"Egypt, Arab Rep.","Middle East, North Africa, Afghanistan & Pakistan",Lower middle income,2020,22.12914,,36.82066,2.225713,73.75814,3.550164839,5.04493289
EGY,"Egypt, Arab Rep.","Middle East, North Africa, Afghanistan & Pakistan",Lower middle income,2021,20.59571,,36.73354,2.356349,80.75649,3.290646012,5.214049405
SLV,El Salvador,Latin America & Caribbean,Upper middle income,2000,15.62581,,106.2449,1.038393,47.34811,1.127906977,2.271287568
SLV,El Salvador,Latin America & Caribbean,Upper middle income,2001,15.22812,4.3000002,90.85807,1.122589,49.61174,0.87961366,3.750820575
SLV,El Salvador,Latin America & Caribbean,Upper middle income,2002,16.28352,3.5,93.28857,1.183032,47.93426,1.572918448,1.865525036
SLV,El Salvador,Latin America & Caribbean,Upper middle income,2003,17.60176,2.8,100.9223,1.211923,46.38006,1.565393031,2.120390917
SLV,El Salvador,Latin America & Caribbean,Upper middle income,2004,19.01539,2.3,102.5165,1.170131,46.20869,0.889404486,4.451943924
SLV,El Salvador,Latin America & Caribbean,Upper middle income,2005,20.47292,1.9,109.1553,1.351939,44.94587,2.680830094,4.690948709
SLV,El Salvador,Latin America & Caribbean,Upper middle income,2006,22.74751,1.9,107.4293,2.27544,46.00048,4.336998603,4.037123594
SLV,El Salvador,Latin America & Caribbean,Upper middle income,2007,22.09872,2.0999999,99.71905,1.772289,50.79533,1.847602206,4.578085724
SLV,El Salvador,Latin America & Caribbean,Upper middle income,2008,23.31146,2.8,103.9195,1.504809,48.06897,2.154402983,6.707922935
SLV,El Salvador,Latin America & Caribbean,Upper middle income,2009,23.48711,3.7,94.08034,0.7299619,52.14613,-2.108768376,1.055950297
SLV,El Salvador,Latin America & Caribbean,Upper middle income,2010,26.18802,3.9,89.63216,1.726917,52.27635,2.154195367,1.179335769
SLV,El Salvador,Latin America & Caribbean,Upper middle income,2011,28.53621,3.5701433,94.90708,2.87009,47.16739,3.806881134,5.128923767
SLV,El Salvador,Latin America & Caribbean,Upper middle income,2012,26.77973,2.8263621,96.65728,2.700071,45.68819,2.822623718,1.729734816
SLV,El Salvador,Latin America & Caribbean,Upper middle income,2013,26.22984,2.2919826,101.1597,2.69878,45.86017,2.235624392,0.757669185
SLV,El Salvador,Latin America & Caribbean,Upper middle income,2014,24.32444,2.3074534,106.096,2.143626,44.51315,1.708706284,1.141344675
SLV,El Salvador,Latin America & Caribbean,Upper middle income,2015,22.07014,2.254072,104.4515,1.937875,45.71971,2.400000089,-0.731384487
SLV,El Salvador,Latin America & Caribbean,Upper middle income,2016,20.30752,2.0810881,106.4732,0.867852,45.77403,2.539062411,0.604049087
SLV,El Salvador,Latin America & Caribbean,Upper middle income,2017,21.02519,1.8941929,101.3865,1.05825,49.11341,2.247619081,1.012354033
SLV,El Salvador,Latin America & Caribbean,Upper middle income,2018,20.48226,1.8461731,102.1646,1.205102,49.95323,2.412444224,1.090330006
SLV,El Salvador,Latin America & Caribbean,Upper middle income,2019,20.60951,1.7204573,97.00695,1.172643,53.89667,2.437471591,0.075324135
SLV,El Salvador,Latin America & Caribbean,Upper middle income,2020,19.58387,1.5705612,89.97901,1.020803,64.81977,-7.89310136,-0.371590212
SLV,El Salvador,Latin America & Caribbean,Upper middle income,2021,20.56678,,92.15166,1.162792,57.60323,11.9047617,3.466925853
GNQ,Equatorial Guinea,Sub-Saharan Africa,Upper middle income,2000,,,82.71888,,4.392487,18.21377996,4.802288869
GNQ,Equatorial Guinea,Sub-Saharan Africa,Upper middle income,2001,,,78.80686,,4.322588,63.37987543,8.825389259
GNQ,Equatorial Guinea,Sub-Saharan Africa,Upper middle income,2002,,,72.95249,,5.743925,19.46283404,7.592478498
GNQ,Equatorial Guinea,Sub-Saharan Africa,Upper middle income,2003,,,42.53809,,8.2628,13.95525032,7.323543994
GNQ,Equatorial Guinea,Sub-Saharan Africa,Upper middle income,2004,,,38.47222,,6.924821,37.99872686,4.219687871
GNQ,Equatorial Guinea,Sub-Saharan Africa,Upper middle income,2005,,,41.75159,,5.105043,16.74870061,5.631633514
GNQ,Equatorial Guinea,Sub-Saharan Africa,Upper middle income,2006,,,49.88001,,4.732649,7.704917607,4.415899842
GNQ,Equatorial Guinea,Sub-Saharan Africa,Upper middle income,2007,,,47.70433,,5.877133,15.28211392,2.803738318
GNQ,Equatorial Guinea,Sub-Saharan Africa,Upper middle income,2008,,,73.22733,,5.592354,17.79910913,6.551766912
GNQ,Equatorial Guinea,Sub-Saharan Africa,Upper middle income,2009,,,70.85862,,7.993185,1.343356288,4.691065677
GNQ,Equatorial Guinea,Sub-Saharan Africa,Upper middle income,2010,,4.7203307,62.08371,,10.72535,-8.924175889,7.78916548
GNQ,Equatorial Guinea,Sub-Saharan Africa,Upper middle income,2011,,4.4178188,80.56125,,8.669295,6.52392363,4.805389222
GNQ,Equatorial Guinea,Sub-Saharan Africa,Upper middle income,2012,,5.767751,46.39551,,10.38322,8.312871844,3.656620483
GNQ,Equatorial Guinea,Sub-Saharan Africa,Upper middle income,2013,,20.130226,58.84061,,11.62827,-4.133198501,2.948876946
GNQ,Equatorial Guinea,Sub-Saharan Africa,Upper middle income,2014,,19.735179,85.99803,,9.400925,0.415066302,4.309998661
GNQ,Equatorial Guinea,Sub-Saharan Africa,Upper middle income,2015,,16.799028,99.78232,,12.51694,-9.110041149,1.676630853
GNQ,Equatorial Guinea,Sub-Saharan Africa,Upper middle income,2016,,24.641872,128.7977,,11.56839,-8.816417232,1.411939155
GNQ,Equatorial Guinea,Sub-Saharan Africa,Upper middle income,2017,,27.203316,137.4393,,10.23848,-5.667508505,0.744354747
GNQ,Equatorial Guinea,Sub-Saharan Africa,Upper middle income,2018,,36.677505,142.401,,9.932877,-6.236544067,1.060074107
GNQ,Equatorial Guinea,Sub-Saharan Africa,Upper middle income,2019,,48.812769,156.5346,,9.662605,-5.481825379,1.53027529
EST,Estonia,Europe & Central Asia,High income,2000,11.10543,1,129.9726,2.199588,27.70078,10.08763858,4.018489525
EST,Estonia,Europe & Central Asia,High income,2001,12.44925,1.3,125.6392,3.182319,30.93833,5.880745895,5.748279817
EST,Estonia,Europe & Central Asia,High income,2002,12.52533,0.80000001,141.742,3.380385,31.31229,6.933000826,3.571912702
EST,Estonia,Europe & Central Asia,High income,2003,12.24716,0.40000001,160.1344,3.429523,31.50162,7.59630181,1.334991165
EST,Estonia,Europe & Central Asia,High income,2004,7.686191,0.30000001,122.8006,1.389326,32.79472,6.800701108,3.048111075
EST,Estonia,Europe & Central Asia,High income,2005,6.850706,0.2,136.1006,1.487378,41.55689,9.523053865,4.079714232
EST,Estonia,Europe & Central Asia,High income,2006,6.745048,0.2,170.004,2.097151,44.83294,9.762571312,4.437620424
EST,Estonia,Europe & Central Asia,High income,2007,7.595668,0.5,194.9246,2.836143,42.95742,7.570918793,6.601326031
EST,Estonia,Europe & Central Asia,High income,2008,7.323383,1.9,197.4685,1.004766,45.4024,-5.125311543,10.36235803
EST,Estonia,Europe & Central Asia,High income,2009,4.597029,5.1999998,185.9535,-1.895952,54.50806,-14.63022254,-0.078408311
EST,Estonia,Europe & Central Asia,High income,2010,8.940306,5.3754864,168.1751,0.3972435,55.16548,2.449750206,2.97204512
EST,Estonia,Europe & Central Asia,High income,2011,11.6433,4.0453074,147.8182,4.373913,52.76647,7.606974589,4.981901315
EST,Estonia,Europe & Central Asia,High income,2012,11.60134,2.6226666,138.6453,2.114104,52.57112,3.672018725,3.933399873
EST,Estonia,Europe & Central Asia,High income,2013,13.33931,1.4746223,130.3752,3.039423,53.27119,1.756493796,2.78056659
EST,Estonia,Europe & Central Asia,High income,2014,12.67973,1.3882361,122.3877,1.979026,54.94252,3.322789882,-0.106175147
EST,Estonia,Europe & Central Asia,High income,2015,12.61989,0.98187369,115.394,3.597096,59.54042,1.838152629,-0.492326007
EST,Estonia,Europe & Central Asia,High income,2016,9.927593,0.86976801,111.9185,0.8418769,62.07493,3.093019208,0.148684908
EST,Estonia,Europe & Central Asia,High income,2017,9.926767,0.69839149,107.1328,1.389448,59.5881,5.63467249,3.417235495
EST,Estonia,Europe & Central Asia,High income,2018,9.10916,0.45303614,102.5541,1.656787,60.65999,3.699697562,3.436326884
EST,Estonia,Europe & Central Asia,High income,2019,8.922285,0.36087432,98.69009,0.9381758,60.56117,3.726649435,2.277259312
EST,Estonia,Europe & Central Asia,High income,2020,8.281074,0.34689256,88.252,0.8353712,73.46507,-2.883807515,-0.444531098
EST,Estonia,Europe & Central Asia,High income,2021,8.421521,,81.66857,1.08675,74.5138,8.254880446,4.653166738
SWZ,Eswatini,Sub-Saharan Africa,Lower middle income,2000,,,70.26247,1.238728,16.00966,1.760173284,12.20853585
SWZ,Eswatini,Sub-Saharan Africa,Lower middle income,2001,7.560141,,55.30262,1.425115,15.47597,1.412213933,5.942109823
SWZ,Eswatini,Sub-Saharan Africa,Lower middle income,2002,12.66005,,65.02258,2.832308,16.99194,4.08864794,12.01971547
SWZ,Eswatini,Sub-Saharan Africa,Lower middle income,2003,21.87454,2,79.11503,4.584769,16.29396,4.538655257,7.29
SWZ,Eswatini,Sub-Saharan Africa,Lower middle income,2004,25.32254,7.1999998,93.42542,4.524724,16.75182,3.617119319,3.445335073
SWZ,Eswatini,Sub-Saharan Africa,Lower middle income,2005,25.09787,7,107.4326,3.759197,17.31724,5.992282891,4.774004046
SWZ,Eswatini,Sub-Saharan Africa,Lower middle income,2006,20.64153,7.6999998,103.4624,2.040624,17.25841,6.728809466,5.304639463
SWZ,Eswatini,Sub-Saharan Africa,Lower middle income,2007,22.0435,7.5,103.0675,3.848367,18.94501,4.317721449,8.076088279
SWZ,Eswatini,Sub-Saharan Africa,Lower middle income,2008,27.85431,7.5999999,95.09216,2.767634,21.05815,1.440553587,12.65746019
SWZ,Eswatini,Sub-Saharan Africa,Lower middle income,2009,24.63082,8.6000004,84.4847,4.002145,24.00441,1.433111342,7.448234234
SWZ,Eswatini,Sub-Saharan Africa,Lower middle income,2010,24.94608,7.8074135,77.77055,3.995712,25.23491,3.824434874,4.509236918
SWZ,Eswatini,Sub-Saharan Africa,Lower middle income,2011,27.0177,3.5272701,97.1173,3.986186,23.06672,1.839736259,6.107427146
SWZ,Eswatini,Sub-Saharan Africa,Lower middle income,2012,25.19922,10.670756,86.56544,4.753414,22.83116,4.090481901,8.939646828
SWZ,Eswatini,Sub-Saharan Africa,Lower middle income,2013,22.00786,6.7934224,89.48904,3.295536,24.26123,4.094585221,5.621306235
SWZ,Eswatini,Sub-Saharan Africa,Lower middle income,2014,23.63356,6.8706879,91.43896,3.959087,22.89828,2.057381792,5.681348858
SWZ,Eswatini,Sub-Saharan Africa,Lower middle income,2015,24.72169,6.6302717,83.50827,4.020906,23.59529,1.70425806,4.951244937
SWZ,Eswatini,Sub-Saharan Africa,Lower middle income,2016,24.39738,9.6210507,74.92665,4.148054,27.51932,2.949168211,7.847274591
SWZ,Eswatini,Sub-Saharan Africa,Lower middle income,2017,24.12191,7.9168345,74.33122,3.496712,27.26587,3.52095346,6.221375289
SWZ,Eswatini,Sub-Saharan Africa,Lower middle income,2018,22.89897,9.3155187,74.25677,3.242972,28.61394,0.065395656,4.815061675
SWZ,Eswatini,Sub-Saharan Africa,Lower middle income,2019,24.41746,9.4459371,76.33566,4.160527,26.65489,6.431868887,2.598016203
SWZ,Eswatini,Sub-Saharan Africa,Lower middle income,2020,,7.6896984,68.53061,,29.74851,-2.951834534,
ETH,Ethiopia,Sub-Saharan Africa,Low income,2000,8.656344,,65.734,1.610205,27.28771,6.073217481,0.662458109
ETH,Ethiopia,Sub-Saharan Africa,Low income,2001,10.16264,,60.64795,2.581249,29.83568,8.301306323,-8.237844534
ETH,Ethiopia,Sub-Saharan Africa,Low income,2002,9.044593,,52.05745,1.992226,35.14944,1.514725707,0.675089102
ETH,Ethiopia,Sub-Saharan Africa,Low income,2003,9.184564,,49.27681,1.680237,36.13599,-2.161359723,13.6740452
ETH,Ethiopia,Sub-Saharan Africa,Low income,2004,9.521748,,46.21965,2.812673,36.39396,13.57260314,3.327370479
ETH,Ethiopia,Sub-Saharan Africa,Low income,2005,9.420166,,54.51155,3.18465,35.21286,11.81876595,9.969971235
ETH,Ethiopia,Sub-Saharan Africa,Low income,2006,11.43192,,60.93562,4.490483,34.15053,10.83472707,12.29947631
ETH,Ethiopia,Sub-Saharan Africa,Low income,2007,12.79039,,59.28065,4.718984,31.80042,11.456167,17.24040083
ETH,Ethiopia,Sub-Saharan Africa,Low income,2008,12.45547,,65.62447,4.893052,27.36531,10.78852169,44.35668588
ETH,Ethiopia,Sub-Saharan Africa,Low income,2009,11.1199,,,3.650008,,8.802553199,8.483644045
ETH,Ethiopia,Sub-Saharan Africa,Low income,2010,10.19397,,,3.29396,,12.55053833,8.14926403
ETH,Ethiopia,Sub-Saharan Africa,Low income,2011,8.953142,,,4.143073,,11.17829623,33.24995988
ETH,Ethiopia,Sub-Saharan Africa,Low income,2012,12.38283,,,2.343522,,8.647811635,23.60041768
ETH,Ethiopia,Sub-Saharan Africa,Low income,2013,10.14572,,,6.677955,,10.58227005,7.464021929
ETH,Ethiopia,Sub-Saharan Africa,Low income,2014,8.62554,,,4.145939,,10.25749296,6.890019516
ETH,Ethiopia,Sub-Saharan Africa,Low income,2015,8.840451,,,6.184126,,10.39246301,9.56889956
ETH,Ethiopia,Sub-Saharan Africa,Low income,2016,8.479112,,,3.761244,,9.43348266,6.628133372
ETH,Ethiopia,Sub-Saharan Africa,Low income,2017,11.29838,3.4128643,,2.963401,,9.564189658,10.68711503
ETH,Ethiopia,Sub-Saharan Africa,Low income,2018,9.96612,3.5605232,,2.230031,,6.816147786,13.83303566
ETH,Ethiopia,Sub-Saharan Africa,Low income,2019,9.928329,2.6717358,,2.79126,,8.364085731,15.80963217
ETH,Ethiopia,Sub-Saharan Africa,Low income,2020,9.03286,3.4297719,,2.249494,,6.059530892,20.35634686
ETH,Ethiopia,Sub-Saharan Africa,Low income,2021,11.55515,,,1.527786,,5.641530693,26.83952216
FJI,Fiji,East Asia & Pacific,Upper middle income,2000,,,86.67133,,37.0103,-1.699997762,1.0921646
FJI,Fiji,East Asia & Pacific,Upper middle income,2001,,,85.42463,,33.6614,2.000000271,4.272670245
FJI,Fiji,East Asia & Pacific,Upper middle income,2002,,,84.12166,,33.68535,3.199998617,0.762032086
FJI,Fiji,East Asia & Pacific,Upper middle income,2003,,,76.96641,,39.51687,0.999998995,4.172747778
FJI,Fiji,East Asia & Pacific,Upper middle income,2004,,,82.60735,,40.38875,5.300000866,2.827485194
FJI,Fiji,East Asia & Pacific,Upper middle income,2005,,,88.19325,,43.85435,0.699999593,2.365764538
FJI,Fiji,East Asia & Pacific,Upper middle income,2006,,,89.30157,,50.70422,1.852483572,2.490836388
FJI,Fiji,East Asia & Pacific,Upper middle income,2007,,,82.33109,,55.35229,-0.850653355,4.803706413
FJI,Fiji,East Asia & Pacific,Upper middle income,2008,,,99.66837,,49.26743,1.032793688,7.732278579
FJI,Fiji,East Asia & Pacific,Upper middle income,2009,,3.7,93.57285,,52.58787,-1.386037521,3.13103559
FJI,Fiji,East Asia & Pacific,Upper middle income,2010,,4.3727293,93.29256,,50.7137,2.954672688,3.689012297
FJI,Fiji,East Asia & Pacific,Upper middle income,2011,,3.8593374,99.54014,,58.21017,2.705142312,7.278117827
FJI,Fiji,East Asia & Pacific,Upper middle income,2012,,4.1852075,99.59181,,58.93444,1.411314152,3.423375234
FJI,Fiji,East Asia & Pacific,Upper middle income,2013,,2.6878597,88.27084,,66.90522,4.734220373,2.913541936
FJI,Fiji,East Asia & Pacific,Upper middle income,2014,,2.1565035,92.19963,,62.25871,5.603513978,0.519306475
FJI,Fiji,East Asia & Pacific,Upper middle income,2015,26.31531,1.4481914,92.1022,,66.4376,4.501200645,1.374885426
FJI,Fiji,East Asia & Pacific,Upper middle income,2016,27.55059,2.2368731,99.40431,1.86606,66.09325,2.445652024,3.863225382
FJI,Fiji,East Asia & Pacific,Upper middle income,2017,27.2409,2.4244607,100.1102,1.99916,66.93884,5.35336435,3.347578348
FJI,Fiji,East Asia & Pacific,Upper middle income,2018,28.90173,3.0892567,104.147,2.160235,65.5748,3.81235094,4.081476376
FJI,Fiji,East Asia & Pacific,Upper middle income,2019,31.69231,3.8383513,106.2563,2.263356,65.95886,-0.58194659,1.793886475
FJI,Fiji,East Asia & Pacific,Upper middle income,2020,28.73934,4.2900321,101.9549,0.9888228,81.1143,-17.18353526,-1.700141678
FJI,Fiji,East Asia & Pacific,Upper middle income,2021,33.01206,,91.20327,0.977244,92.86383,-4.345961999,1.534548538
FIN,Finland,Europe & Central Asia,High income,2000,13.11089,0.60000002,,1.215317,,5.753737705,3.042100807
FIN,Finland,Europe & Central Asia,High income,2001,10.2994,0.60000002,117.8703,0.1471941,44.60479,2.640262057,2.578440801
FIN,Finland,Europe & Central Asia,High income,2002,11.6009,0.5,118.0801,0.6628075,46.91419,1.687326444,1.571220128
FIN,Finland,Europe & Central Asia,High income,2003,10.50494,0.5,121.3999,1.080502,49.6425,2.011799927,0.877440386
FIN,Finland,Europe & Central Asia,High income,2004,24.81151,0.40000001,126.3369,1.416472,50.43777,4.005379523,0.187120559
FIN,Finland,Europe & Central Asia,High income,2005,24.36482,0.30000001,132.2494,0.8259899,52.35689,2.777309185,0.62387445
FIN,Finland,Europe & Central Asia,High income,2006,24.55693,0.2,134.8591,1.217084,54.42316,4.019573265,1.566663807
FIN,Finland,Europe & Central Asia,High income,2007,18.3152,0.30000001,130.7531,1.20181,58.33422,5.312801767,2.510665652
FIN,Finland,Europe & Central Asia,High income,2008,13.07524,0.40000001,136.8392,0.7685705,58.53499,0.784431236,4.065953554
FIN,Finland,Europe & Central Asia,High income,2009,12.95395,0.60000002,137.182,0.5763916,62.82304,-8.076031166,-9.17E-07
FIN,Finland,Europe & Central Asia,High income,2010,10.77478,,138.4064,0.4711205,63.53679,3.168287912,1.184135232
FIN,Finland,Europe & Central Asia,High income,2011,8.436144,,140.7777,0.446428,63.42286,2.390394554,3.416807543
FIN,Finland,Europe & Central Asia,High income,2012,8.522068,,149.3189,0.464429,61.41755,-1.52284013,2.808336226
FIN,Finland,Europe & Central Asia,High income,2013,9.557652,,149.3083,0.4255522,62.19429,-0.979741025,1.478286157
FIN,Finland,Europe & Central Asia,High income,2014,9.067446,1.2970262,146.4287,0.4063762,63.39918,-0.478068425,1.041196212
FIN,Finland,Europe & Central Asia,High income,2015,11.05559,1.3418243,140.5171,0.4134325,67.17458,0.466503766,-0.20792884
FIN,Finland,Europe & Central Asia,High income,2016,15.04451,1.5168127,139.6977,0.2980115,67.21742,2.571934149,0.356684501
FIN,Finland,Europe & Central Asia,High income,2017,13.97095,1.6716213,136.825,0.515077,68.03593,3.303370036,0.754015047
FIN,Finland,Europe & Central Asia,High income,2018,17.20489,1.4255728,139.7525,0.6376489,67.15054,1.192977597,1.083820984
FIN,Finland,Europe & Central Asia,High income,2019,16.28398,1.3904016,141.616,0.3734625,67.08887,1.349738457,1.02409393
FIN,Finland,Europe & Central Asia,High income,2020,17.83522,1.4517332,128.9374,0.5413831,77.40709,-2.491036055,0.290554556
FIN,Finland,Europe & Central Asia,High income,2021,17.11392,,125.3948,0.8049448,77.28222,2.676346415,2.194574323
FRA,France,Europe & Central Asia,High income,2000,19.75932,5,,0.4654545,,4.140999964,1.675959887
FRA,France,Europe & Central Asia,High income,2001,19.71619,4.0999999,130.5211,0.4746485,58.96171,1.899467012,1.634780795
FRA,France,Europe & Central Asia,High income,2002,20.90429,5,128.9043,0.4187238,58.9975,1.067750271,1.923412287
FRA,France,Europe & Central Asia,High income,2003,20.2983,4.8000002,119.4782,0.422864,63.23683,0.967827183,2.098472191
FRA,France,Europe & Central Asia,High income,2004,19.58762,4.1999998,118.7673,0.5752443,64.49737,2.868250525,2.142089646
FRA,France,Europe & Central Asia,High income,2005,15.8046,3.5,120.7334,0.4403343,66.37388,1.888565841,1.745869364
FRA,France,Europe & Central Asia,High income,2006,18.901,3,123.3553,0.7358979,68.27644,2.714064488,1.675124496
FRA,France,Europe & Central Asia,High income,2007,13.54683,,125.1414,0.1320508,70.94336,2.530481884,1.48799806
FRA,France,Europe & Central Asia,High income,2008,10.16272,2.8,120.9756,-0.386006,76.45665,0.380171436,2.812861949
FRA,France,Europe & Central Asia,High income,2009,15.92815,4,121.9086,0.199851,77.9569,-2.824551537,0.087620478
FRA,France,Europe & Central Asia,High income,2010,16.63905,3.7585739,124.8952,0.304354,76.74533,2.00032476,1.531122704
FRA,France,Europe & Central Asia,High income,2011,15.13395,4.2914496,127.1085,0.111662,76.15035,2.437576537,2.111597952
FRA,France,Europe & Central Asia,High income,2012,16.91441,4.2945233,124.058,0.320591,77.81932,0.183835265,1.954195316
FRA,France,Europe & Central Asia,High income,2013,19.35971,4.4954341,125.2144,0.3899188,76.67371,0.781756446,0.863715498
FRA,France,Europe & Central Asia,High income,2014,16.62016,4.1624993,122.192,0.0995039,76.99005,0.997832947,0.507758823
FRA,France,Europe & Central Asia,High income,2015,18.60366,4.0452543,121.5556,0.2960976,78.21719,1.066754748,0.037514381
FRA,France,Europe & Central Asia,High income,2016,19.79079,3.7027591,119.4283,0.442026,80.93669,0.860031075,0.183334861
FRA,France,Europe & Central Asia,High income,2017,20.00664,3.1235957,118.353,0.3383709,84.08621,2.08361486,1.032282751
FRA,France,Europe & Central Asia,High income,2018,19.20898,2.7483416,119.2433,0.2819848,85.38626,1.645908724,1.850815083
FRA,France,Europe & Central Asia,High income,2019,19.79179,2.4731437,119.0639,0.3989771,87.96909,2.027446464,1.108254923
FRA,France,Europe & Central Asia,High income,2020,18.992,2.705339,108.6858,0.1304646,,-7.440645899,0.476498853
FRA,France,Europe & Central Asia,High income,2021,19.97747,,108.2062,0.2981476,106.6573,6.882337834,1.64233141
GAB,Gabon,Sub-Saharan Africa,Upper middle income,2000,,6.5999999,76.46638,,11.37304,-1.882966398,0.504920026
GAB,Gabon,Sub-Saharan Africa,Upper middle income,2001,,8.6000004,85.58603,,11.91085,2.135233422,2.137620527
GAB,Gabon,Sub-Saharan Africa,Upper middle income,2002,,12.8,89.0988,,12.60638,-0.249033169,0.036682889
GAB,Gabon,Sub-Saharan Africa,Upper middle income,2003,13.96199,13.9,81.45277,,12.37156,2.247330012,2.235353136
GAB,Gabon,Sub-Saharan Africa,Upper middle income,2004,13.95181,16,63.5643,3.353988,12.67998,0.689543058,0.408205307
GAB,Gabon,Sub-Saharan Africa,Upper middle income,2005,14.12677,14.1,59.43921,2.260802,12.79805,2.676203333,3.708333333
GAB,Gabon,Sub-Saharan Africa,Upper middle income,2006,13.76531,10.7,61.37542,2.852319,14.25451,-2.806578356,-1.409401366
GAB,Gabon,Sub-Saharan Africa,Upper middle income,2007,13.87775,7.5999999,82.18647,3.155222,13.61609,6.008108025,5.030318837
GAB,Gabon,Sub-Saharan Africa,Upper middle income,2008,12.67186,8.5,61.95581,3.14618,12.93323,-3.308430649,5.264301456
GAB,Gabon,Sub-Saharan Africa,Upper middle income,2009,11.68541,7.1999998,58.20379,2.186192,15.76874,0.13033112,1.885707546
GAB,Gabon,Sub-Saharan Africa,Upper middle income,2010,11.16093,3.1590069,45.7873,0.7638816,16.3103,7.089887315,1.461544027
GAB,Gabon,Sub-Saharan Africa,Upper middle income,2011,19.54315,2.7784567,49.56974,4.539772,17.39159,7.091753343,1.263317078
GAB,Gabon,Sub-Saharan Africa,Upper middle income,2012,17.34224,2.5498062,61.94852,3.059025,18.20478,5.251076918,2.652418287
GAB,Gabon,Sub-Saharan Africa,Upper middle income,2013,21.20304,2.7424009,74.21394,3.111095,20.19083,5.638699003,0.505441059
GAB,Gabon,Sub-Saharan Africa,Upper middle income,2014,14.75315,4.0670321,76.7347,1.667345,18.91319,4.314964441,4.690457518
GAB,Gabon,Sub-Saharan Africa,Upper middle income,2015,12.30445,5.2591993,72.26122,1.236143,20.04554,3.878899395,-0.338795189
GAB,Gabon,Sub-Saharan Africa,Upper middle income,2016,15.34644,10.651872,70.24673,3.774242,19.6378,2.091442208,2.106707128
GAB,Gabon,Sub-Saharan Africa,Upper middle income,2017,15.17335,10.835904,69.02975,2.275263,14.85432,0.472642031,2.651925831
GAB,Gabon,Sub-Saharan Africa,Upper middle income,2018,16.20967,12.392719,67.67741,2.777978,19.28909,0.837916581,4.749066521
GAB,Gabon,Sub-Saharan Africa,Upper middle income,2019,16.63204,12.810483,71.50857,2.030518,18.66837,3.920808795,2.464567562
GMB,"Gambia, The",Sub-Saharan Africa,Low income,2000,,,45.22464,,14.40418,5.500000216,0.844969567
GMB,"Gambia, The",Sub-Saharan Africa,Low income,2001,,,49.42997,,16.38203,5.800000243,4.492596092
GMB,"Gambia, The",Sub-Saharan Africa,Low income,2002,,,50.0196,,20.88318,-3.25000015,8.609124744
GMB,"Gambia, The",Sub-Saharan Africa,Low income,2003,,,47.18398,,24.5414,6.869999622,17.03286654
GMB,"Gambia, The",Sub-Saharan Africa,Low income,2004,14.51097,,35.49253,,13.90188,7.050000001,14.20674328
GMB,"Gambia, The",Sub-Saharan Africa,Low income,2005,14.79569,,35.7598,7.668173,16.07586,-2.351729362,4.838621775
GMB,"Gambia, The",Sub-Saharan Africa,Low income,2006,14.37706,,37.77819,4.909551,19.67357,-0.555580977,2.056503424
GMB,"Gambia, The",Sub-Saharan Africa,Low income,2007,13.08957,,38.92668,5.308304,20.68665,3.043249508,5.369134738
GMB,"Gambia, The",Sub-Saharan Africa,Low income,2008,13.7901,,39.15734,4.803158,22.97641,6.255905534,4.443654909
GMB,"Gambia, The",Sub-Saharan Africa,Low income,2009,11.96014,,37.65161,1.812412,25.07933,6.665724308,4.561506877
GMB,"Gambia, The",Sub-Saharan Africa,Low income,2010,,,37.35634,,25.97135,5.90833581,5.049680759
GMB,"Gambia, The",Sub-Saharan Africa,Low income,2011,,,36.90325,,29.80147,-8.130444223,4.795882662
GMB,"Gambia, The",Sub-Saharan Africa,Low income,2012,,,35.04434,,28.15338,5.241569246,4.254321998
GMB,"Gambia, The",Sub-Saharan Africa,Low income,2013,,,33.0764,,29.5601,2.87276879,5.699129896
GMB,"Gambia, The",Sub-Saharan Africa,Low income,2014,,,27.53575,,31.14166,-1.407382495,5.947999357
GMB,"Gambia, The",Sub-Saharan Africa,Low income,2015,13.49336,,,4.754924,,4.058073804,6.808454946
GMB,"Gambia, The",Sub-Saharan Africa,Low income,2016,13.95776,,,3.650982,,1.943359655,7.228792721
GMB,"Gambia, The",Sub-Saharan Africa,Low income,2017,13.87274,,18.02522,3.625246,30.1973,4.822611249,8.034189745
GMB,"Gambia, The",Sub-Saharan Africa,Low income,2018,14.03069,,20.59773,3.440621,31.30602,7.234890333,6.520968239
GMB,"Gambia, The",Sub-Saharan Africa,Low income,2019,13.33075,,21.40041,3.57469,35.7788,6.22205316,7.115676256
GMB,"Gambia, The",Sub-Saharan Africa,Low income,2020,10.93436,,17.99751,2.618959,41.72429,0.591487288,5.931276366
GMB,"Gambia, The",Sub-Saharan Africa,Low income,2021,,,18.12917,,45.4811,5.255968788,7.370347589
GEO,Georgia,Europe & Central Asia,Upper middle income,2000,12.13904,,143.1469,4.16961,5.166928,1.840381179,4.063962014
GEO,Georgia,Europe & Central Asia,Upper middle income,2001,11.34387,11.6,128.1725,3.713111,5.802689,4.807298672,4.646044421
GEO,Georgia,Europe & Central Asia,Upper middle income,2002,14.80882,7.9000001,126.0725,7.995885,6.409193,5.474024887,5.5878373
GEO,Georgia,Europe & Central Asia,Upper middle income,2003,12.95236,2.4000001,118.7941,5.046116,7.312376,11.057031,0.837734532
GEO,Georgia,Europe & Central Asia,Upper middle income,2004,10.49924,2,106.2192,3.976186,9.203269,5.792682927,5.656326362
GEO,Georgia,Europe & Central Asia,Upper middle income,2005,11.6587,3.8,144.2965,6.580054,10.22363,9.591138329,8.247090431
GEO,Georgia,Europe & Central Asia,Upper middle income,2006,10.08469,0.80000001,144.4435,4.007671,13.48142,9.421480812,9.160965084
GEO,Georgia,Europe & Central Asia,Upper middle income,2007,10.44185,0.80000001,168.0627,3.220233,16.8477,12.57556982,9.244897456
GEO,Georgia,Europe & Central Asia,Upper middle income,2008,6.292023,4.0999999,196.7481,-1.455281,16.88709,2.42161441,9.999487616
GEO,Georgia,Europe & Central Asia,Upper middle income,2009,9.095763,6.3000002,157.511,0.1901293,19.64954,-3.650752296,1.727514611
GEO,Georgia,Europe & Central Asia,Upper middle income,2010,9.136015,5.9196827,136.9402,1.666752,22.11576,6.246408653,7.110178975
GEO,Georgia,Europe & Central Asia,Upper middle income,2011,7.746837,4.5260016,140.7774,-0.0534135,22.20984,7.934336525,8.542933333
GEO,Georgia,Europe & Central Asia,Upper middle income,2012,9.618122,3.6802555,142.1148,2.893536,23.33578,6.57883102,-0.943658853
GEO,Georgia,Europe & Central Asia,Upper middle income,2013,10.5402,3.0317161,134.9186,4.088568,27.75847,5.132885312,-0.512058411
GEO,Georgia,Europe & Central Asia,Upper middle income,2014,10.48764,3.0270644,142.7809,3.440619,29.71092,4.090490596,3.068812104
GEO,Georgia,Europe & Central Asia,Upper middle income,2015,7.856631,2.7114511,136.4063,2.972948,32.82736,3.351023503,4.003578207
GEO,Georgia,Europe & Central Asia,Upper middle income,2016,7.087701,3.446975,133.3356,2.436568,37.71312,3.45021518,2.134927139
GEO,Georgia,Europe & Central Asia,Upper middle income,2017,7.838501,2.7788,137.749,3.73488,38.06121,5.159902617,6.035317253
GEO,Georgia,Europe & Central Asia,Upper middle income,2018,7.368607,2.6788683,143.039,2.924137,40.15095,6.062036413,2.615244714
GEO,Georgia,Europe & Central Asia,Upper middle income,2019,7.351558,1.9284096,148.1,3.057516,42.37172,5.380719266,4.852898217
GEO,Georgia,Europe & Central Asia,Upper middle income,2020,6.229876,2.2674383,141.9638,1.311331,54.08721,-6.290471785,5.20246489
GEO,Georgia,Europe & Central Asia,Upper middle income,2021,7.905212,,140.3346,3.593257,50.31234,10.64423366,9.566914338
DEU,Germany,Europe & Central Asia,High income,2000,15.08377,4.6999998,,0.292522,,2.876523125,1.440268387
DEU,Germany,Europe & Central Asia,High income,2001,14.52654,4.5999999,187.0126,0.1937112,60.11213,1.636141707,1.983857313
DEU,Germany,Europe & Central Asia,High income,2002,13.23041,5,179.9753,-0.0694207,61.91441,-0.228255716,1.420806156
DEU,Germany,Europe & Central Asia,High income,2003,10.28996,5.1999998,172.843,-0.3812858,63.60712,-0.529801394,1.034222186
DEU,Germany,Europe & Central Asia,High income,2004,9.650506,4.9000001,168.4574,-0.0648268,63.186,1.162086845,1.665736967
DEU,Germany,Europe & Central Asia,High income,2005,11.15748,4.0999999,161.1747,0.4647613,65.42558,0.885485293,1.546911148
DEU,Germany,Europe & Central Asia,High income,2006,11.11481,3.4000001,154.908,0.3280736,65.89095,3.866682415,1.577426428
DEU,Germany,Europe & Central Asia,High income,2007,12.14456,2.7,141.2251,0.5578479,68.77578,2.889117414,2.298344007
DEU,Germany,Europe & Central Asia,High income,2008,6.980283,2.9000001,133.7145,-0.3431671,72.54626,0.887902331,2.628379816
DEU,Germany,Europe & Central Asia,High income,2009,10.57427,3.3,131.2901,-0.1360182,75.23013,-5.544554519,0.312739007
DEU,Germany,Europe & Central Asia,High income,2010,12.41928,3.2,118.5472,0.0980248,74.64646,4.134637785,1.103810378
DEU,Germany,Europe & Central Asia,High income,2011,11.49593,3.03,112.9096,0.0530616,75.19116,3.757968845,2.075172837
DEU,Germany,Europe & Central Asia,High income,2012,12.77894,2.86,107.0977,0.2196455,78.25276,0.463512037,2.008488848
DEU,Germany,Europe & Central Asia,High income,2013,15.58472,2.7,103.2081,0.1734668,79.53912,0.396995584,1.504723303
DEU,Germany,Europe & Central Asia,High income,2014,16.60348,2.34,98.91163,0.1752024,80.17319,2.180186022,0.906794
DEU,Germany,Europe & Central Asia,High income,2015,16.08827,1.97,94.59281,0.1819574,82.58025,1.663006023,0.514426137
DEU,Germany,Europe & Central Asia,High income,2016,16.76427,1.71,92.29819,0.1883683,83.75291,2.222222163,0.491747008
DEU,Germany,Europe & Central Asia,High income,2017,18.60744,1.5,91.49477,0.1883025,84.31528,2.797906721,1.509494851
DEU,Germany,Europe & Central Asia,High income,2018,22.48842,1.24,90.62551,0.2021663,85.68807,1.135696046,1.732168798
DEU,Germany,Europe & Central Asia,High income,2019,16.76535,1.05,90.61008,-0.715566,87.36482,0.977734697,1.445659769
DEU,Germany,Europe & Central Asia,High income,2020,15.46659,,87.77673,-0.201803,97.11584,-4.131914432,0.144877926
DEU,Germany,Europe & Central Asia,High income,2021,16.04881,,89.40473,0.1176192,95.02325,3.909999942,3.066666667
GHA,Ghana,Sub-Saharan Africa,Lower middle income,2000,,11.9,84.27189,,16.39338,3.700000082,40.24093312
GHA,Ghana,Sub-Saharan Africa,Lower middle income,2001,,19.6,64.30507,,18.21994,4.000000128,41.50949629
GHA,Ghana,Sub-Saharan Africa,Lower middle income,2002,,22.700001,56.71735,,20.97625,4.499999559,9.360932396
GHA,Ghana,Sub-Saharan Africa,Lower middle income,2003,,18.299999,57.21963,,20.49841,5.200000133,29.77297972
GHA,Ghana,Sub-Saharan Africa,Lower middle income,2004,,16.299999,59.01471,,21.96956,5.599999991,18.04273882
GHA,Ghana,Sub-Saharan Africa,Lower middle income,2005,12.40597,13,75.6142,,20.40564,5.900003819,15.43899202
GHA,Ghana,Sub-Saharan Africa,Lower middle income,2006,12.91767,7.9000001,69.55788,7.396749,15.84206,6.399912606,11.67918394
GHA,Ghana,Sub-Saharan Africa,Lower middle income,2007,10.8071,6.4000001,72.66906,4.846445,19.84027,4.346819104,10.73426655
GHA,Ghana,Sub-Saharan Africa,Lower middle income,2008,9.605982,7.6999998,55.46231,3.032286,22.64411,9.149798938,16.49463961
GHA,Ghana,Sub-Saharan Africa,Lower middle income,2009,10.52352,16.200001,70.71938,1.898923,24.91915,4.844487052,19.24694822
GHA,Ghana,Sub-Saharan Africa,Lower middle income,2010,12.12848,18.081857,61.79861,3.812305,25.81193,7.899711941,10.73338984
GHA,Ghana,Sub-Saharan Africa,Lower middle income,2011,11.809,14.145989,61.60706,3.339738,26.83125,14.04712358,8.728459371
GHA,Ghana,Sub-Saharan Africa,Lower middle income,2012,13.40157,13.196671,64.4888,4.830761,26.61497,9.292789406,11.18634094
GHA,Ghana,Sub-Saharan Africa,Lower middle income,2013,14.68872,11.998935,72.44203,6.376649,20.2104,7.312525017,11.66619231
GHA,Ghana,Sub-Saharan Africa,Lower middle income,2014,13.386,11.269173,72.39731,5.586254,22.19787,2.856240163,15.48961603
GHA,Ghana,Sub-Saharan Africa,Lower middle income,2015,13.37064,14.673617,71.59618,4.444715,24.32533,2.120759338,17.1499695
GHA,Ghana,Sub-Saharan Africa,Lower middle income,2016,12.63036,17.294401,67.48672,3.996604,25.26495,3.37346575,17.45463471
GHA,Ghana,Sub-Saharan Africa,Lower middle income,2017,13.94477,21.591249,62.87732,4.658961,24.89446,8.128894881,12.37192155
GHA,Ghana,Sub-Saharan Africa,Lower middle income,2018,13.92056,18.187153,54.42196,4.255168,24.33982,6.200077681,7.808765166
GHA,Ghana,Sub-Saharan Africa,Lower middle income,2019,14.12575,13.941911,55.16365,4.45167,24.33401,6.507774794,7.143640033
GHA,Ghana,Sub-Saharan Africa,Lower middle income,2020,14.15553,14.815376,44.72012,4.596446,27.2572,0.513941671,9.887289563
GHA,Ghana,Sub-Saharan Africa,Lower middle income,2021,13.92242,,42.87614,4.904575,23.92728,5.076466435,9.971088675
GRC,Greece,Europe & Central Asia,High income,2001,,5.5999999,56.57527,,88.33463,4.650414594,3.373968322
GRC,Greece,Europe & Central Asia,High income,2002,,7.4000001,66.01256,,80.62902,4.683137271,3.629358719
GRC,Greece,Europe & Central Asia,High income,2003,,7,73.36056,,77.74349,5.796822743,3.530650278
GRC,Greece,Europe & Central Asia,High income,2004,4.80545,7,80.12096,,77.59245,5.377866346,2.898848108
GRC,Greece,Europe & Central Asia,High income,2005,5.112296,6.3000002,88.30403,1.867103,81.39197,1.183506355,3.545072733
GRC,Greece,Europe & Central Asia,High income,2006,5.180621,5.4000001,92.8823,1.226715,81.97713,6.443397625,3.195946841
GRC,Greece,Europe & Central Asia,High income,2007,5.11802,4.5999999,95.41539,1.101952,88.45957,3.506869766,2.895003215
GRC,Greece,Europe & Central Asia,High income,2008,3.458258,4.6999998,93.527,0.3434246,95.32047,0.057474024,4.152797081
GRC,Greece,Europe & Central Asia,High income,2009,4.494339,7,86.97448,-0.0110862,101.0276,-4.119276067,1.210072692
GRC,Greece,Europe & Central Asia,High income,2010,3.888523,9.1173443,119.5669,-0.6265913,93.98904,-5.693741216,4.712989078
GRC,Greece,Europe & Central Asia,High income,2011,-0.1872253,14.428254,137.3561,-10.88227,86.71474,-9.876778753,3.329853234
GRC,Greece,Europe & Central Asia,High income,2012,2.27715,23.270389,135.5714,-3.498568,87.30233,-8.331134211,1.501526962
GRC,Greece,Europe & Central Asia,High income,2013,7.468579,31.898938,126.7044,0.460339,93.43633,-2.272116999,-0.921269454
GRC,Greece,Europe & Central Asia,High income,2014,5.429644,33.775271,125.6517,-2.452717,93.02962,0.792225061,-1.312260964
GRC,Greece,Europe & Central Asia,High income,2015,5.945258,36.647436,155.5986,-3.93698,72.33491,-0.228301892,-1.735888048
GRC,Greece,Europe & Central Asia,High income,2016,7.967101,36.298666,150.8424,-0.0239493,71.83857,-0.031794768,-0.825653978
GRC,Greece,Europe & Central Asia,High income,2017,9.335051,45.57232,136.7164,-0.729494,73.64771,1.473124727,1.12125452
GRC,Greece,Europe & Central Asia,High income,2018,7.744936,41.987867,118.1543,-0.2310397,77.45687,2.064672079,0.625621413
GRC,Greece,Europe & Central Asia,High income,2019,7.77626,36.44854,100.1278,0.1110804,80.6794,2.277180653,0.253007522
GRC,Greece,Europe & Central Asia,High income,2020,7.356091,26.978044,81.49692,-0.0221916,100.7277,-9.196231497,-1.247983556
GRC,Greece,Europe & Central Asia,High income,2021,6.641998,,57.13287,-1.81786,99.36717,8.65449786,1.22382501
GRD,Grenada,Latin America & Caribbean,Upper middle income,2000,,,85.57813,,73.10059,4.887952137,2.181818182
GRD,Grenada,Latin America & Caribbean,Upper middle income,2001,,,77.18135,,81.73022,-2.023900041,3.140993052
GRD,Grenada,Latin America & Caribbean,Upper middle income,2002,,,70.48308,,87.15884,3.43732353,1.06721548
GRD,Grenada,Latin America & Caribbean,Upper middle income,2003,,,69.38744,,84.25838,9.463973431,2.154928099
GRD,Grenada,Latin America & Caribbean,Upper middle income,2004,,,61.68217,,99.89596,-0.647450316,2.312916782
GRD,Grenada,Latin America & Caribbean,Upper middle income,2005,,,72.28031,,80.1968,13.27618833,3.475806938
GRD,Grenada,Latin America & Caribbean,Upper middle income,2006,,,79.3019,,81.80981,-3.995328244,4.25195322
GRD,Grenada,Latin America & Caribbean,Upper middle income,2007,,,80.95716,,84.97503,6.123450947,3.858829225
GRD,Grenada,Latin America & Caribbean,Upper middle income,2008,,,84.97267,,82.46993,0.947542625,8.033273277
GRD,Grenada,Latin America & Caribbean,Upper middle income,2009,,5.9000001,86.9641,,91.27547,-6.613281348,-0.30865478
GRD,Grenada,Latin America & Caribbean,Upper middle income,2010,,7.5599999,88.67834,,94.70174,-0.511146187,3.436509059
GRD,Grenada,Latin America & Caribbean,Upper middle income,2011,,9.3699999,90.60447,,93.67752,0.76477355,3.033472803
GRD,Grenada,Latin America & Caribbean,Upper middle income,2012,,11.77,96.06297,,86.19846,-1.154838164,2.41077704
GRD,Grenada,Latin America & Caribbean,Upper middle income,2013,,13.8,87.38949,,84.97693,2.351098017,-0.043999786
GRD,Grenada,Latin America & Caribbean,Upper middle income,2014,,14.63,78.23869,,83.33706,7.34212396,-0.983603056
GRD,Grenada,Latin America & Caribbean,Upper middle income,2015,,,70.04515,,81.83498,6.445223147,-0.515448031
GRD,Grenada,Latin America & Caribbean,Upper middle income,2016,,,66.85302,,80.36039,3.739603956,1.650389944
GRD,Grenada,Latin America & Caribbean,Upper middle income,2017,,,65.68001,,77.66853,4.438675669,0.908458256
GRD,Grenada,Latin America & Caribbean,Upper middle income,2018,,,61.27691,,82.54256,4.361440394,0.804102313
GRD,Grenada,Latin America & Caribbean,Upper middle income,2019,,,63.59515,,79.47792,0.676511739,0.598149765
GRD,Grenada,Latin America & Caribbean,Upper middle income,2020,,,66.98728,,89.94455,-13.75662226,-0.740732597
GRD,Grenada,Latin America & Caribbean,Upper middle income,2021,,,64.40303,,89.007,4.697724023,1.219511939
GTM,Guatemala,Latin America & Caribbean,Upper middle income,2000,27.90404,,108.4534,1.13763,18.22509,3.608868717,5.977577347
GTM,Guatemala,Latin America & Caribbean,Upper middle income,2001,27.0477,8.1000004,94.15608,0.4741593,23.46895,2.332574866,7.285873666
GTM,Guatemala,Latin America & Caribbean,Upper middle income,2002,26.76402,7.9000001,87.20483,0.5498875,23.98241,3.839287086,8.132630543
GTM,Guatemala,Latin America & Caribbean,Upper middle income,2003,27.9502,6.5,74.70674,0.664745,34.82519,2.560377668,5.603476754
GTM,Guatemala,Latin America & Caribbean,Upper middle income,2004,28.11806,7.0999999,72.62467,1.468207,35.80744,3.137916836,7.578622473
GTM,Guatemala,Latin America & Caribbean,Upper middle income,2005,26.47028,2.4000001,67.01367,1.696711,37.48986,3.276026926,9.108649857
GTM,Guatemala,Latin America & Caribbean,Upper middle income,2006,24.05425,2.3,74.08736,1.690687,38.05795,5.351397787,6.560852828
GTM,Guatemala,Latin America & Caribbean,Upper middle income,2007,26.72228,1.6,75.59734,2.02436,37.10326,6.33771869,6.821617536
GTM,Guatemala,Latin America & Caribbean,Upper middle income,2008,30.00762,2.2,74.70253,2.195427,36.44322,3.293524,11.35576113
GTM,Guatemala,Latin America & Caribbean,Upper middle income,2009,30.66261,2.7,64.45376,2.036659,39.18597,0.476898107,1.859102547
GTM,Guatemala,Latin America & Caribbean,Upper middle income,2010,31.0119,2.1103967,59.61687,2.244143,39.80902,2.884175428,3.859509098
GTM,Guatemala,Latin America & Caribbean,Upper middle income,2011,30.51082,1.6061324,60.75382,2.298675,38.5327,4.163906883,6.214123931
GTM,Guatemala,Latin America & Caribbean,Upper middle income,2012,29.66189,1.3445397,79.37569,2.074833,39.85648,2.974708568,3.781807547
GTM,Guatemala,Latin America & Caribbean,Upper middle income,2013,30.36126,1.1931253,79.28474,2.058376,41.07889,3.694768146,4.343371313
GTM,Guatemala,Latin America & Caribbean,Upper middle income,2014,30.54368,1.2877549,79.97037,2.029965,41.19663,4.443978258,3.418361697
GTM,Guatemala,Latin America & Caribbean,Upper middle income,2015,30.32703,1.347323,82.63261,1.81105,41.9382,4.092171701,2.388720328
GTM,Guatemala,Latin America & Caribbean,Upper middle income,2016,29.15103,2.0547544,83.3215,1.553969,42.17865,2.677803193,4.448441999
GTM,Guatemala,Latin America & Caribbean,Upper middle income,2017,30.12516,2.3239982,80.76389,1.655095,42.79897,3.079851221,4.424536552
GTM,Guatemala,Latin America & Caribbean,Upper middle income,2018,30.28761,2.176221,76.8583,1.519493,44.88989,3.406873282,3.751861867
GTM,Guatemala,Latin America & Caribbean,Upper middle income,2019,31.63215,2.201272,74.66228,1.722567,44.94372,4.017898309,3.69998398
GTM,Guatemala,Latin America & Caribbean,Upper middle income,2020,29.76083,1.8300875,67.92442,1.518878,51.92645,-1.785551176,3.214440622
GTM,Guatemala,Latin America & Caribbean,Upper middle income,2021,30.71606,,70.42893,1.853341,50.14574,8.041703989,4.261051274
GIN,Guinea,Sub-Saharan Africa,Lower middle income,2005,,,39.61592,,11.18071,2.997272563,31.37330259
GIN,Guinea,Sub-Saharan Africa,Lower middle income,2006,,,30.26413,,12.43969,1.189602117,34.6952706
GIN,Guinea,Sub-Saharan Africa,Lower middle income,2007,,,37.45571,,7.475068,6.817471111,18.17556561
GIN,Guinea,Sub-Saharan Africa,Lower middle income,2008,,,29.15925,,9.486848,4.13301616,23.06561294
GIN,Guinea,Sub-Saharan Africa,Lower middle income,2009,,,26.91509,,9.761229,-1.122642048,4.68438869
GIN,Guinea,Sub-Saharan Africa,Lower middle income,2010,14.88611,,24.27541,,16.17352,4.81336017,15.05026886
GIN,Guinea,Sub-Saharan Africa,Lower middle income,2011,19.92868,,38.49072,4.172078,17.65522,5.612111774,21.31692685
GIN,Guinea,Sub-Saharan Africa,Lower middle income,2012,23.34181,,44.09724,3.525239,13.15415,5.915286261,15.2262941
GIN,Guinea,Sub-Saharan Africa,Lower middle income,2013,24.32562,6.2023356,48.39301,3.222574,14.85836,3.945687086,11.88758845
GIN,Guinea,Sub-Saharan Africa,Lower middle income,2014,,6.0462071,60.24615,,16.14458,3.696553117,6.150505567
GIN,Guinea,Sub-Saharan Africa,Lower middle income,2015,23.25316,6.0717533,63.10531,2.711887,18.23103,3.825910569,11.7800825
GIN,Guinea,Sub-Saharan Africa,Lower middle income,2016,27.55684,9.4423447,62.20419,3.137581,16.99413,10.8206272,8.172681123
GIN,Guinea,Sub-Saharan Africa,Lower middle income,2017,27.94649,10.675586,55.32177,3.449364,15.92402,10.30000534,8.914359479
GIN,Guinea,Sub-Saharan Africa,Lower middle income,2018,26.72409,11.555066,57.92767,3.084036,17.38563,6.358491927,9.827617013
GIN,Guinea,Sub-Saharan Africa,Lower middle income,2019,26.6458,9.899027,57.28001,3.922856,18.63651,5.616914469,9.470010393
GIN,Guinea,Sub-Saharan Africa,Lower middle income,2020,25.43583,9.3796823,51.4515,4.302861,18.88813,4.704590961,10.60162034
GIN,Guinea,Sub-Saharan Africa,Lower middle income,2021,,,50.02605,,17.96657,5.582332811,12.59728826
GNB,Guinea-Bissau,Sub-Saharan Africa,Low income,2000,,,57.66,,7.563656,1.100278158,8.636320949
GNB,Guinea-Bissau,Sub-Saharan Africa,Low income,2001,,,26.00938,,5.643707,4.78597165,3.348122655
GNB,Guinea-Bissau,Sub-Saharan Africa,Low income,2002,,,26.47407,,4.911877,3.653936036,3.300121753
GNB,Guinea-Bissau,Sub-Saharan Africa,Low income,2003,,,29.84352,,2.766945,-0.285931052,-3.502585511
GNB,Guinea-Bissau,Sub-Saharan Africa,Low income,2004,,,20.7389,,3.535505,1.171891523,0.883302697
GNB,Guinea-Bissau,Sub-Saharan Africa,Low income,2005,,,28.83299,,3.464887,6.559771118,3.329199228
GNB,Guinea-Bissau,Sub-Saharan Africa,Low income,2006,,,41.29045,,4.622075,2.666504933,1.954737176
GNB,Guinea-Bissau,Sub-Saharan Africa,Low income,2007,,,41.34513,,7.02407,2.559826471,4.617437722
GNB,Guinea-Bissau,Sub-Saharan Africa,Low income,2008,,,51.34877,,8.393231,4.524575146,10.46007314
GNB,Guinea-Bissau,Sub-Saharan Africa,Low income,2009,,,56.29252,,9.233948,2.447951061,-1.651397336
GNB,Guinea-Bissau,Sub-Saharan Africa,Low income,2010,,,47.66364,,11.61681,5.605363114,2.517851402
GNB,Guinea-Bissau,Sub-Saharan Africa,Low income,2011,,,55.62009,,17.84162,8.085041672,5.046102263
GNB,Guinea-Bissau,Sub-Saharan Africa,Low income,2012,,,81.07555,,14.78488,-1.712869584,2.130545803
GNB,Guinea-Bissau,Sub-Saharan Africa,Low income,2013,,,69.52287,,17.46856,3.256071909,1.207125557
GNB,Guinea-Bissau,Sub-Saharan Africa,Low income,2014,,,66.17989,,16.46793,0.964525746,-1.509244606
GNB,Guinea-Bissau,Sub-Saharan Africa,Low income,2015,,,54.46634,,16.86433,6.134089362,1.476720489
GNB,Guinea-Bissau,Sub-Saharan Africa,Low income,2016,,,44.10186,,14.96157,5.432678265,1.503120559
GNB,Guinea-Bissau,Sub-Saharan Africa,Low income,2017,,,82.74722,,13.6939,4.663679439,1.691114618
GNB,Guinea-Bissau,Sub-Saharan Africa,Low income,2018,,,88.90376,,15.54127,3.761453596,0.381324703
GNB,Guinea-Bissau,Sub-Saharan Africa,Low income,2019,,,92.07946,,15.47574,5.327495711,0.246600268
GNB,Guinea-Bissau,Sub-Saharan Africa,Low income,2020,,,84.67516,,18.5034,2.891499798,1.140009394
GNB,Guinea-Bissau,Sub-Saharan Africa,Low income,2021,,,78.34737,,19.60174,5.0173096,2.242488796
GUY,Guyana,Latin America & Caribbean,High income,2000,16.90548,,76.84807,1.454277,65.68083,-1.363803903,6.14854333
GUY,Guyana,Latin America & Caribbean,High income,2001,16.17895,,69.04865,0.8130858,76.44306,2.279521659,2.627413142
GUY,Guyana,Latin America & Caribbean,High income,2002,16.704,,66.10791,0.8599946,80.36876,1.132626962,5.341015214
GUY,Guyana,Latin America & Caribbean,High income,2003,14.96245,,53.57111,0.9518034,83.78881,-0.632225388,5.980978141
GUY,Guyana,Latin America & Caribbean,High income,2004,15.42694,,48.35304,1.332756,84.87793,1.56335211,4.668466224
GUY,Guyana,Latin America & Caribbean,High income,2005,15.85584,,49.2725,1.813413,84.68397,-1.950957595,6.925543039
GUY,Guyana,Latin America & Caribbean,High income,2006,16.28331,,48.70749,2.408224,34.14151,5.129609348,6.677157904
GUY,Guyana,Latin America & Caribbean,High income,2007,17.49597,,50.37637,2.775811,33.1067,7.191236241,12.20015444
GUY,Guyana,Latin America & Caribbean,High income,2008,18.27921,,53.36712,3.096889,33.14029,1.755223496,8.10202207
GUY,Guyana,Latin America & Caribbean,High income,2009,20.13987,,52.16716,3.247739,34.88223,3.611508472,2.952300964
GUY,Guyana,Latin America & Caribbean,High income,2010,20.90873,,52.65441,3.429211,37.07809,4.138441601,4.300553403
GUY,Guyana,Latin America & Caribbean,High income,2011,20.56034,,55.93832,3.171342,38.40006,5.196251561,4.407304145
GUY,Guyana,Latin America & Caribbean,High income,2012,21.20683,,58.73079,3.135615,39.75786,5.27633062,2.390575267
GUY,Guyana,Latin America & Caribbean,High income,2013,21.45928,,63.13415,3.331244,41.24748,3.653384333,1.911125092
GUY,Guyana,Latin America & Caribbean,High income,2014,23.95271,,68.87759,3.276269,41.66631,1.68649445,0.68370025
GUY,Guyana,Latin America & Caribbean,High income,2015,28.44514,,70.49924,3.966373,41.5823,0.687404591,-0.865401289
GUY,Guyana,Latin America & Caribbean,High income,2016,27.6426,,68.71114,3.175971,41.51966,3.807456264,0.826177341
GUY,Guyana,Latin America & Caribbean,High income,2017,29.58506,,72.47722,3.202082,37.94367,3.734491546,1.945716177
GUY,Guyana,Latin America & Caribbean,High income,2018,29.90983,,72.11217,3.186839,39.12623,4.440912885,1.25128567
GUY,Guyana,Latin America & Caribbean,High income,2019,29.48428,,67.90781,3.413757,41.31914,5.352840035,2.112389868
GUY,Guyana,Latin America & Caribbean,High income,2020,27.29902,,63.06912,2.587098,43.10662,43.47965172,0.722434046
GUY,Guyana,Latin America & Caribbean,High income,2021,26.12195,,60.25817,2.855821,36.32243,20.05999756,4.506198589
HTI,Haiti,Latin America & Caribbean,Lower middle income,2000,,,50.37722,,17.36822,0.870059259,9.333221976
HTI,Haiti,Latin America & Caribbean,Lower middle income,2001,,,45.61027,,17.62028,-0.342747883,13.31672224
HTI,Haiti,Latin America & Caribbean,Lower middle income,2002,,,49.78988,,19.54309,1.051820135,7.032874062
HTI,Haiti,Latin America & Caribbean,Lower middle income,2003,8.358157,,40.48174,,24.19086,3.480779732,28.69957779
HTI,Haiti,Latin America & Caribbean,Lower middle income,2004,6.642955,,38.56356,0.7711266,20.56781,-1.31785676,21.03183393
HTI,Haiti,Latin America & Caribbean,Lower middle income,2005,8.268808,,39.9652,1.128113,20.70024,3.072173377,13.97300833
HTI,Haiti,Latin America & Caribbean,Lower middle income,2006,10.88296,,39.77492,2.049836,19.57565,1.768750603,11.34521522
HTI,Haiti,Latin America & Caribbean,Lower middle income,2007,11.57364,,38.72461,2.047662,18.86155,4.70652994,6.557227726
HTI,Haiti,Latin America & Caribbean,Lower middle income,2008,10.67837,,43.18467,1.885635,18.7997,2.658032308,15.28177448
HTI,Haiti,Latin America & Caribbean,Lower middle income,2009,11.44342,,41.95516,1.603762,18.51698,5.890378948,0.39388604
HTI,Haiti,Latin America & Caribbean,Lower middle income,2010,9.960195,,31.83501,1.563882,22.90742,-5.651511534,4.827341901
HTI,Haiti,Latin America & Caribbean,Lower middle income,2011,10.98901,,36.1639,1.923969,22.24195,5.098213544,6.332794838
HTI,Haiti,Latin America & Caribbean,Lower middle income,2012,11.10097,,46.98013,1.777429,21.9959,0.502424404,5.018041554
HTI,Haiti,Latin America & Caribbean,Lower middle income,2013,12.03902,,49.16423,1.971091,20.92509,4.324784115,4.765024048
HTI,Haiti,Latin America & Caribbean,Lower middle income,2014,12.30199,,50.76647,1.968126,21.45687,2.888772509,3.4381666
HTI,Haiti,Latin America & Caribbean,Lower middle income,2015,11.69901,,40.88735,1.926768,25.07632,1.400000009,6.731840697
HTI,Haiti,Latin America & Caribbean,Lower middle income,2016,14.86317,,39.36025,3.071557,25.45016,1.812468078,11.50290739
HTI,Haiti,Latin America & Caribbean,Lower middle income,2017,16.87527,,40.10796,4.523406,23.5071,2.510271345,10.68008872
HTI,Haiti,Latin America & Caribbean,Lower middle income,2018,12.95728,,43.12444,1.646578,24.90975,1.667810955,12.48141112
HTI,Haiti,Latin America & Caribbean,Lower middle income,2019,12.23497,,41.72915,1.707195,24.23067,-1.723096998,18.70378257
HTI,Haiti,Latin America & Caribbean,Lower middle income,2020,13.172,,39.62779,1.389489,20.70943,-3.30550547,22.79631136
HTI,Haiti,Latin America & Caribbean,Lower middle income,2021,11.54701,,33.27132,1.79958,24.16631,-1.798239889,16.84152402
HND,Honduras,Latin America & Caribbean,Lower middle income,2000,27.80569,10.6,96.84795,0.7747248,35.22403,9.612218793,11.04803493
HND,Honduras,Latin America & Caribbean,Lower middle income,2001,28.37634,,96.24831,0.8489417,37.70398,2.723193273,9.674155569
HND,Honduras,Latin America & Caribbean,Lower middle income,2002,32.90298,,91.02352,1.088765,39.29294,3.754337861,7.69050972
HND,Honduras,Latin America & Caribbean,Lower middle income,2003,32.28172,,91.60426,1.754764,39.70128,4.547038052,7.674166394
HND,Honduras,Latin America & Caribbean,Lower middle income,2004,32.88403,,90.35361,1.841399,41.33658,6.232302961,8.113790971
HND,Honduras,Latin America & Caribbean,Lower middle income,2005,28.40506,,90.2102,2.072446,42.64969,6.050599222,8.809060748
HND,Honduras,Latin America & Caribbean,Lower middle income,2006,27.25973,4,93.98643,2.401493,46.96014,6.567243552,5.577752077
HND,Honduras,Latin America & Caribbean,Lower middle income,2007,27.57367,3.0999999,103.6549,2.275711,49.90221,6.188327167,6.936214709
HND,Honduras,Latin America & Caribbean,Lower middle income,2008,30.85066,4.3000002,109.0817,2.339397,47.09433,4.23160011,11.40342708
HND,Honduras,Latin America & Caribbean,Lower middle income,2009,31.94024,4.6999998,109.5367,1.983281,45.22319,-2.43162788,5.496342738
HND,Honduras,Latin America & Caribbean,Lower middle income,2010,31.16599,3.6635469,103.5362,1.836149,45.25714,3.731140344,4.69889065
HND,Honduras,Latin America & Caribbean,Lower middle income,2011,29.84337,2.937417,102.0654,2.674542,45.75613,3.835690662,6.762279573
HND,Honduras,Latin America & Caribbean,Lower middle income,2012,29.45166,3.2872032,111.0588,2.269479,45.64654,4.128687749,5.196186155
HND,Honduras,Latin America & Caribbean,Lower middle income,2013,28.76967,3.3933599,113.6431,2.039603,47.65389,2.791559757,5.161898986
HND,Honduras,Latin America & Caribbean,Lower middle income,2014,28.98955,3.2708024,111.1487,1.932009,49.01834,3.058080562,6.129249303
HND,Honduras,Latin America & Caribbean,Lower middle income,2015,33.64914,3.056321,113.3659,1.949797,47.60007,3.840079971,3.15783118
HND,Honduras,Latin America & Caribbean,Lower middle income,2016,34.15448,2.9212039,107.4647,2.041045,52.52943,3.892972197,2.724612233
HND,Honduras,Latin America & Caribbean,Lower middle income,2017,32.48211,2.3628317,106.7909,2.054533,52.80378,4.842913911,3.934360844
HND,Honduras,Latin America & Caribbean,Lower middle income,2018,31.68338,2.1452244,112.5201,1.806281,54.08372,3.84499477,4.347349378
HND,Honduras,Latin America & Caribbean,Lower middle income,2019,31.60967,2.262165,110.7805,1.908953,55.92024,2.559634346,4.365871598
HND,Honduras,Latin America & Caribbean,Lower middle income,2020,27.60089,3.0694204,97.6215,0.9955651,68.76589,-8.965082233,3.46841178
HND,Honduras,Latin America & Caribbean,Lower middle income,2021,28.60143,,99.76906,1.613449,64.50345,12.56528438,4.480879634
HKG,"Hong Kong SAR, China",East Asia & Pacific,High income,2000,28.18801,7.3000002,69.11332,0.4893526,217.5433,7.663443984,-3.685503686
HKG,"Hong Kong SAR, China",East Asia & Pacific,High income,2001,29.94102,6.5,68.06886,0.3435314,218.8617,0.560867138,-1.658163265
HKG,"Hong Kong SAR, China",East Asia & Pacific,High income,2002,29.74524,5,65.26678,1.033893,223.25,1.656701674,-2.983138781
HKG,"Hong Kong SAR, China",East Asia & Pacific,High income,2003,27.8298,3.9000001,59.84749,0.9580984,244.3406,3.056358867,-2.673796791
HKG,"Hong Kong SAR, China",East Asia & Pacific,High income,2004,11.57329,2.3,57.90604,2.187643,249.9942,8.700065558,-0.274725275
HKG,"Hong Kong SAR, China",East Asia & Pacific,High income,2005,12.00117,1.4,59.22812,1.574374,241.6539,7.388153952,0.826446281
HKG,"Hong Kong SAR, China",East Asia & Pacific,High income,2006,17.62644,1.1,51.65676,1.69182,264.8259,7.032647663,2.000251604
HKG,"Hong Kong SAR, China",East Asia & Pacific,High income,2007,15.09722,0.80000001,47.49091,1.583002,287.8014,6.464828091,2.035027134
HKG,"Hong Kong SAR, China",East Asia & Pacific,High income,2008,12.6705,1.2,48.43533,1.199522,289.6346,2.127936852,4.303154841
HKG,"Hong Kong SAR, China",East Asia & Pacific,High income,2009,15.57728,1.6,49.69797,1.185588,312.7404,-2.459091505,0.579441418
HKG,"Hong Kong SAR, China",East Asia & Pacific,High income,2010,15.10732,0.83,59.26899,1.228947,313.1183,6.767706833,2.292890886
HKG,"Hong Kong SAR, China",East Asia & Pacific,High income,2011,14.6562,0.69,64.13638,1.159257,315.4102,4.814668011,5.30524893
HKG,"Hong Kong SAR, China",East Asia & Pacific,High income,2012,15.40095,0.6,61.60929,1.178685,322.2423,1.700322145,4.053909509
HKG,"Hong Kong SAR, China",East Asia & Pacific,High income,2013,18.59706,0.54,64.94769,1.343571,335.9006,3.101552628,4.337993421
HKG,"Hong Kong SAR, China",East Asia & Pacific,High income,2014,18.38844,0.51,67.25687,0.9815852,346.746,2.762413783,4.42364532
HKG,"Hong Kong SAR, China",East Asia & Pacific,High income,2015,21.06087,0.73,59.68524,1.463703,348.3264,2.38780116,2.990848193
HKG,"Hong Kong SAR, China",East Asia & Pacific,High income,2016,19.90074,0.85431809,56.4772,1.223255,360.8833,2.175448203,2.409307439
HKG,"Hong Kong SAR, China",East Asia & Pacific,High income,2017,20.23917,0.66892575,64.40332,1.331375,371.0277,3.796109372,1.493872439
HKG,"Hong Kong SAR, China",East Asia & Pacific,High income,2018,20.58956,0.5469708,62.28564,1.387824,353.0639,2.846909227,2.40613432
HKG,"Hong Kong SAR, China",East Asia & Pacific,High income,2019,20.99495,0.56803224,63.90267,1.298615,370.4936,-1.67242866,2.883208538
HKG,"Hong Kong SAR, China",East Asia & Pacific,High income,2020,20.07034,0.90237353,62.28496,0.9031647,415.7495,-6.544796405,0.250962021
HKG,"Hong Kong SAR, China",East Asia & Pacific,High income,2021,19.74722,,64.5292,0.7973751,402.941,6.454430383,1.568758344
HUN,Hungary,Europe & Central Asia,High income,2000,5.955592,3,83.54888,1.583387,38.1562,4.409375018,9.803610169
HUN,Hungary,Europe & Central Asia,High income,2001,6.319304,3.5999999,85.11509,2.027454,38.3459,4.062026172,9.116809117
HUN,Hungary,Europe & Central Asia,High income,2002,6.970941,2.9000001,88.86161,2.318079,38.65991,4.730065308,5.265448216
HUN,Hungary,Europe & Central Asia,High income,2003,7.318236,2.5999999,105.6762,2.419873,39.51024,3.938777612,4.661016949
HUN,Hungary,Europe & Central Asia,High income,2004,8.460297,1.8,113.3416,3.15984,39.61339,4.963125362,6.744346796
HUN,Hungary,Europe & Central Asia,High income,2005,8.168284,2.3,119.6755,2.893142,41.67336,4.300283185,3.561517114
HUN,Hungary,Europe & Central Asia,High income,2006,8.655413,2.5999999,122.4702,3.164456,44.09783,3.933931627,3.930326038
HUN,Hungary,Europe & Central Asia,High income,2007,7.797125,2.3,133.3662,2.545592,45.49811,0.332354338,7.958745165
HUN,Hungary,Europe & Central Asia,High income,2008,6.708408,3,143.0157,1.679528,47.50249,0.993437085,6.042512539
HUN,Hungary,Europe & Central Asia,High income,2009,7.196523,8.1999998,117.5958,1.401256,50.79005,-6.740166085,4.211711712
HUN,Hungary,Europe & Central Asia,High income,2010,6.409255,10.037161,122.435,0.4929515,49.11575,1.067950682,4.855557957
HUN,Hungary,Europe & Central Asia,High income,2011,5.913123,13.677495,117.6137,-0.5161906,49.5654,1.916709166,3.929920989
HUN,Hungary,Europe & Central Asia,High income,2012,7.459937,16.042829,105.392,0.1460177,47.66258,-1.339484465,5.652145171
HUN,Hungary,Europe & Central Asia,High income,2013,8.120221,16.825728,97.9411,0.59584,47.00251,2.032169907,1.73319985
HUN,Hungary,Europe & Central Asia,High income,2014,6.695463,15.621527,92.44246,-0.8378456,45.97534,4.334353641,-0.227566271
HUN,Hungary,Europe & Central Asia,High income,2015,8.316404,11.663126,78.44907,0.7168831,44.70366,3.659816154,-0.06164468
HUN,Hungary,Europe & Central Asia,High income,2016,9.585453,7.4235621,71.81824,2.436245,46.46088,2.438641413,0.394769307
HUN,Hungary,Europe & Central Asia,High income,2017,9.697723,4.167788,70.6415,2.40698,45.85539,4.124183895,2.348242812
HUN,Hungary,Europe & Central Asia,High income,2018,9.478704,2.4652996,70.57359,1.901778,45.82058,5.606138138,2.850247926
HUN,Hungary,Europe & Central Asia,High income,2019,9.339087,1.5091188,73.8093,1.802849,45.19668,5.077184951,3.338586354
HUN,Hungary,Europe & Central Asia,High income,2020,7.338471,0.93471375,68.58461,0.7281933,55.01208,-4.3387254,3.326743858
HUN,Hungary,Europe & Central Asia,High income,2021,7.074254,,67.38325,1.180723,56.83633,7.222915808,5.110965344
ISL,Iceland,Europe & Central Asia,High income,2000,0.4460764,1.5,228.044,,41.01071,4.90518214,5.136471232
ISL,Iceland,Europe & Central Asia,High income,2001,0.5109389,1.2,230.5378,0.7911375,41.7691,3.840939353,6.405085504
ISL,Iceland,Europe & Central Asia,High income,2002,,2.5999999,222.3818,,45.21758,0.542286728,5.197022302
ISL,Iceland,Europe & Central Asia,High income,2003,,2.0999999,231.6369,,54.02649,2.281369718,2.055663298
ISL,Iceland,Europe & Central Asia,High income,2004,,0.89999998,284.5717,,55.45089,7.622605205,3.158193243
ISL,Iceland,Europe & Central Asia,High income,2005,,1.1,364.6682,,65.69308,7.029340612,3.987047828
ISL,Iceland,Europe & Central Asia,High income,2006,,0.80000001,332.7507,,91.53233,5.671612487,6.687079061
ISL,Iceland,Europe & Central Asia,High income,2007,,,284.1238,,86.79649,8.741329419,5.051557365
ISL,Iceland,Europe & Central Asia,High income,2008,,,196.4618,,98.14743,1.699610724,12.69439428
ISL,Iceland,Europe & Central Asia,High income,2009,1.102179,14.1,179.5886,-17.65767,96.10069,-8.321464149,12.00312985
ISL,Iceland,Europe & Central Asia,High income,2010,1.364644,,193.021,-1.957615,82.67703,-2.221818438,5.396731132
ISL,Iceland,Europe & Central Asia,High income,2011,1.108705,,161.4245,7.596941,84.48988,1.379996692,4.001026643
ISL,Iceland,Europe & Central Asia,High income,2012,1.373734,,153.3078,12.9172,76.8626,1.169311749,5.185899888
ISL,Iceland,Europe & Central Asia,High income,2013,1.44737,,142.4098,3.133619,75.25823,3.596956971,3.872279237
ISL,Iceland,Europe & Central Asia,High income,2014,1.604244,,123.8221,2.272916,76.10508,1.913816131,2.044614815
ISL,Iceland,Europe & Central Asia,High income,2015,5.466418,5.8522569,120.4285,38.8753,72.43608,3.768590202,1.633055582
ISL,Iceland,Europe & Central Asia,High income,2016,1.665123,4.1227981,133.1928,2.679066,63.20869,6.218087647,1.69692762
ISL,Iceland,Europe & Central Asia,High income,2017,1.555702,2.8640995,137.7407,2.041191,63.03479,3.485067042,1.760415592
ISL,Iceland,Europe & Central Asia,High income,2018,1.348341,2.5132964,145.0995,1.505804,62.6474,4.660770362,2.682917683
ISL,Iceland,Europe & Central Asia,High income,2019,1.302398,2.9280245,141.2494,1.500145,62.48023,1.138212273,3.013971792
ISL,Iceland,Europe & Central Asia,High income,2020,1.22992,2.9021704,143.9964,1.09323,69.6366,-6.645878105,2.847924015
ISL,Iceland,Europe & Central Asia,High income,2021,1.276241,,146.1739,2.328736,70.16038,5.180571907,4.444239702
IND,India,South Asia,Lower middle income,2000,12.8874,12.8,62.95348,1.096468,45.01665,3.840991157,4.00943591
IND,India,South Asia,Lower middle income,2001,11.68796,11.4,59.98666,0.8007599,47.70963,4.823966264,3.779293122
IND,India,South Asia,Lower middle income,2002,11.73829,10.4,62.07471,1.0974,52.04452,3.803975321,4.297152039
IND,India,South Asia,Lower middle income,2003,13.10912,8.8000002,60.48633,1.488803,52.28664,7.860381475,3.805858995
IND,India,South Asia,Lower middle income,2004,14.39205,7.1999998,67.32223,1.865153,53.75902,7.922936613,3.767251735
IND,India,South Asia,Lower middle income,2005,14.56117,5.1999998,73.43903,1.314812,56.68687,7.923430621,4.24634362
IND,India,South Asia,Lower middle income,2006,15.46981,3.5,76.41833,1.296052,59.99541,8.060732573,5.796523376
IND,India,South Asia,Lower middle income,2007,14.90547,2.7,74.46511,1.453961,63.67175,7.660815065,6.372881356
IND,India,South Asia,Lower middle income,2008,17.38812,2.4000001,75.33697,1.645486,66.48245,3.08669806,8.349267049
IND,India,South Asia,Lower middle income,2009,16.65333,2.2,71.40043,1.460704,71.64175,7.861888833,10.88235294
IND,India,South Asia,Lower middle income,2010,17.18352,2.3861329,76.30471,1.592607,69.34904,8.497584702,11.98938992
IND,India,South Asia,Lower middle income,2011,16.88878,2.670195,75.84528,1.579824,68.97489,5.2413162,8.911793365
IND,India,South Asia,Lower middle income,2012,17.02201,3.3739539,78.71188,1.378238,68.02185,5.456387552,9.478996914
IND,India,South Asia,Lower middle income,2013,17.16692,4.0277286,77.77428,1.359603,69.42916,6.386106401,10.01787847
IND,India,South Asia,Lower middle income,2014,16.44565,4.3458498,77.21124,1.071865,68.59116,7.410227605,6.665656719
IND,India,South Asia,Lower middle income,2015,16.17971,5.8835223,77.39363,0.3950269,68.92553,7.996253786,4.906973441
IND,India,South Asia,Lower middle income,2016,17.14082,9.1855195,70.80779,0.597372,71.32292,8.256305502,4.948216341
IND,India,South Asia,Lower middle income,2017,15.45114,9.98,75.43223,-0.3940205,66.48294,6.795383419,3.328173375
IND,India,South Asia,Lower middle income,2018,16.4891,9.4609569,79.0957,-0.1670659,64.37984,6.453851345,3.938826467
IND,India,South Asia,Lower middle income,2019,17.56805,9.234429,76.92273,0.4051674,67.1951,3.871436941,3.729505735
IND,India,South Asia,Lower middle income,2020,19.00172,7.9388307,73.69537,0.9288501,76.54307,-5.777724707,6.623436776
IND,India,South Asia,Lower middle income,2021,19.43808,,71.9641,1.162045,72.09265,9.689592492,5.131407472
IDN,Indonesia,East Asia & Pacific,Upper middle income,2000,2.127169,34.400002,40.34518,0.4972392,48.20732,4.920067747,3.688620371
IDN,Indonesia,East Asia & Pacific,Upper middle income,2001,2.22692,31.9,39.31619,0.8574643,46.17863,3.643466447,11.50011606
IDN,Indonesia,East Asia & Pacific,Upper middle income,2002,2.803483,24,44.26754,2.023923,43.69329,4.499475391,11.90012003
IDN,Indonesia,East Asia & Pacific,Upper middle income,2003,3.401655,6.8000002,50.07975,2.631912,42.31125,4.780369122,6.757312563
IDN,Indonesia,East Asia & Pacific,Upper middle income,2004,3.944155,4.5,61.58046,3.452789,40.14598,5.030873945,6.064061891
IDN,Indonesia,East Asia & Pacific,Upper middle income,2005,3.466815,7.5999999,65.84209,2.266593,38.78883,5.692571304,10.45320019
IDN,Indonesia,East Asia & Pacific,Upper middle income,2006,3.777734,6.0999999,64.99435,2.305041,36.72322,5.500951785,13.10867099
IDN,Indonesia,East Asia & Pacific,Upper middle income,2007,3.717174,4,67.78149,2.668303,37.12437,6.345022227,6.40656088
IDN,Indonesia,East Asia & Pacific,Upper middle income,2008,3.418616,3.2,77.08775,1.837873,31.17172,6.0137036,10.22666633
IDN,Indonesia,East Asia & Pacific,Upper middle income,2009,3.767753,3.3,73.15778,2.623695,31.84147,4.628871183,4.386413118
IDN,Indonesia,East Asia & Pacific,Upper middle income,2010,4.097018,2.5318756,75.77549,3.011666,32.12651,6.223854181,5.13420639
IDN,Indonesia,East Asia & Pacific,Upper middle income,2011,4.370431,2.1441268,82.7451,2.924728,32.56705,6.169784208,5.356048491
IDN,Indonesia,East Asia & Pacific,Upper middle income,2012,4.466622,1.7733819,87.7551,2.992788,34.10673,6.030050653,4.279514269
IDN,Indonesia,East Asia & Pacific,Upper middle income,2013,4.511139,1.6867668,93.35347,2.768274,34.65968,5.557263689,6.412494579
IDN,Indonesia,East Asia & Pacific,Upper middle income,2014,4.607392,2.0668175,93.29758,2.766774,35.18868,5.006668426,6.394928824
IDN,Indonesia,East Asia & Pacific,Upper middle income,2015,4.737085,2.4310425,93.61179,2.347084,35.3913,4.8763223,6.363120612
IDN,Indonesia,East Asia & Pacific,Upper middle income,2016,5.101857,2.8963491,91.74107,2.219149,36.12903,5.033069183,3.525804528
IDN,Indonesia,East Asia & Pacific,Upper middle income,2017,5.249229,2.5570048,91.49377,2.436348,35.44118,5.069785901,3.808798577
IDN,Indonesia,East Asia & Pacific,Upper middle income,2018,5.272263,2.2920825,94.92187,2.4617,34.5946,5.17429154,3.198347559
IDN,Indonesia,East Asia & Pacific,Upper middle income,2019,5.495973,2.4327436,94.13919,2.493611,34.55696,5.01928768,3.030584609
IDN,Indonesia,East Asia & Pacific,Upper middle income,2020,4.944037,2.7506008,83.66013,1.547286,39.74026,-2.065511829,1.919835273
IDN,Indonesia,East Asia & Pacific,Upper middle income,2021,5.274584,,77.46078,1.840094,41.23529,3.702885628,1.56007883
IRN,"Iran, Islamic Rep.","Middle East, North Africa, Afghanistan & Pakistan",Upper middle income,2000,,,80.16896,,32.74307,5.845527476,14.47675132
IRN,"Iran, Islamic Rep.","Middle East, North Africa, Afghanistan & Pakistan",Upper middle income,2001,,,80.57968,,37.32903,2.392172712,11.27424713
IRN,"Iran, Islamic Rep.","Middle East, North Africa, Afghanistan & Pakistan",Upper middle income,2002,,,83.56478,,34.82429,8.07882928,14.33593374
IRN,"Iran, Islamic Rep.","Middle East, North Africa, Afghanistan & Pakistan",Upper middle income,2003,,,89.48941,,36.24255,8.639298397,16.46801162
IRN,"Iran, Islamic Rep.","Middle East, North Africa, Afghanistan & Pakistan",Upper middle income,2004,,,96.92474,,36.18383,4.336665979,14.7615087
IRN,"Iran, Islamic Rep.","Middle East, North Africa, Afghanistan & Pakistan",Upper middle income,2005,,,98.08327,,39.09754,3.189804087,13.43311801
IRN,"Iran, Islamic Rep.","Middle East, North Africa, Afghanistan & Pakistan",Upper middle income,2006,,,100.0932,,44.59011,4.999795262,10.01589825
IRN,"Iran, Islamic Rep.","Middle East, North Africa, Afghanistan & Pakistan",Upper middle income,2007,,,104.6785,,45.0102,8.155773524,17.34104046
IRN,"Iran, Islamic Rep.","Middle East, North Africa, Afghanistan & Pakistan",Upper middle income,2008,,,111.2112,,40.70699,0.250856553,25.41050903
IRN,"Iran, Islamic Rep.","Middle East, North Africa, Afghanistan & Pakistan",Upper middle income,2009,,,99.71566,,49.31897,1.007385458,13.55155483
IRN,"Iran, Islamic Rep.","Middle East, North Africa, Afghanistan & Pakistan",Upper middle income,2010,,,103.6139,,50.21272,5.797938302,10.08936293
IRN,"Iran, Islamic Rep.","Middle East, North Africa, Afghanistan & Pakistan",Upper middle income,2011,,,111.1416,,44.36137,2.645717918,26.29338567
IRN,"Iran, Islamic Rep.","Middle East, North Africa, Afghanistan & Pakistan",Upper middle income,2012,,,96.97655,,54.11264,-3.747171399,27.25681272
IRN,"Iran, Islamic Rep.","Middle East, North Africa, Afghanistan & Pakistan",Upper middle income,2013,,,90.5735,,51.81504,-1.521979205,36.60303552
IRN,"Iran, Islamic Rep.","Middle East, North Africa, Afghanistan & Pakistan",Upper middle income,2014,,,84.09402,,58.96588,4.984775067,16.60655324
IRN,"Iran, Islamic Rep.","Middle East, North Africa, Afghanistan & Pakistan",Upper middle income,2015,,,76.22752,0.1489531,74.5575,-1.424884939,12.48468156
IRN,"Iran, Islamic Rep.","Middle East, North Africa, Afghanistan & Pakistan",Upper middle income,2016,,,75.49957,,85.25926,8.815086643,7.24542549
IRQ,Iraq,"Middle East, North Africa, Afghanistan & Pakistan",Upper middle income,2004,,,9.224021,,13.7254,53.38554729,26.96190682
IRQ,Iraq,"Middle East, North Africa, Afghanistan & Pakistan",Upper middle income,2005,15.42986,,21.20752,,7.430562,1.675228636,36.95948092
IRQ,Iraq,"Middle East, North Africa, Afghanistan & Pakistan",Upper middle income,2006,16.35677,,27.13417,2.900671,8.325438,5.638299152,53.23096291
IRQ,Iraq,"Middle East, North Africa, Afghanistan & Pakistan",Upper middle income,2007,18.22195,,21.27095,5.22259,11.61768,1.888539362,-10.06749258
IRQ,Iraq,"Middle East, North Africa, Afghanistan & Pakistan",Upper middle income,2008,13.61765,,23.15704,4.241215,11.57426,8.228107104,12.66285283
IRQ,Iraq,"Middle East, North Africa, Afghanistan & Pakistan",Upper middle income,2009,17.00788,,19.77532,1.944868,19.10383,3.379299094,6.873615472
IRQ,Iraq,"Middle East, North Africa, Afghanistan & Pakistan",Upper middle income,2010,17.04441,,23.62582,3.45942,22.82594,6.402564845,2.429868268
IRQ,Iraq,"Middle East, North Africa, Afghanistan & Pakistan",Upper middle income,2011,22.42129,,25.59872,3.970909,21.04455,7.5464712,5.604051443
IRQ,Iraq,"Middle East, North Africa, Afghanistan & Pakistan",Upper middle income,2012,19.23451,,32.32316,4.444563,18.27656,13.93643017,6.089096416
IRQ,Iraq,"Middle East, North Africa, Afghanistan & Pakistan",Upper middle income,2013,24.16522,,31.88433,4.839156,19.87064,7.628285923,1.879498007
IRQ,Iraq,"Middle East, North Africa, Afghanistan & Pakistan",Upper middle income,2014,24.77637,,31.98173,2.882622,20.74067,2.263688176,2.235974079
IRQ,Iraq,"Middle East, North Africa, Afghanistan & Pakistan",Upper middle income,2015,15.28461,,38.93469,,23.84146,2.606766429,1.393330288
IRQ,Iraq,"Middle East, North Africa, Afghanistan & Pakistan",Upper middle income,2016,19.44309,,41.12613,1.984537,24.37699,13.78737302,0.556521397
IRQ,Iraq,"Middle East, North Africa, Afghanistan & Pakistan",Upper middle income,2017,19.81134,,40.42444,1.555387,23.03335,-1.819750351,0.184058899
IRQ,Iraq,"Middle East, North Africa, Afghanistan & Pakistan",Upper middle income,2018,17.83978,,42.14687,0.7163176,20.41497,2.633850991,0.367441489
IRQ,Iraq,"Middle East, North Africa, Afghanistan & Pakistan",Upper middle income,2019,15.62685,,43.71161,1.832496,20.12508,5.513790579,-0.19896538
IRQ,Iraq,"Middle East, North Africa, Afghanistan & Pakistan",Upper middle income,2020,13.96709,,48.02835,0.8061574,29.62305,-12.0367931,0.574162679
IRQ,Iraq,"Middle East, North Africa, Afghanistan & Pakistan",Upper middle income,2021,37.25005,,49.905,-0.0076792,22.62835,1.50218071,6.041864891
IRL,Ireland,Europe & Central Asia,High income,2000,2.883734,1,,0.3568864,,9.403524764,5.577632699
IRL,Ireland,Europe & Central Asia,High income,2001,2.398847,1,104.3365,0.2423588,68.79325,5.305821335,4.852802796
IRL,Ireland,Europe & Central Asia,High income,2002,6.29248,1,112.2824,0.2013506,67.15835,5.899365061,4.628205128
IRL,Ireland,Europe & Central Asia,High income,2003,,0.89999998,119.9911,,71.43417,3.013838694,3.492219091
IRL,Ireland,Europe & Central Asia,High income,2004,8.421561,0.80000001,142.3225,,73.7028,6.788139906,2.178546057
IRL,Ireland,Europe & Central Asia,High income,2005,4.700133,0.69999999,160.6513,1.319789,77.58284,5.739782026,2.456546929
IRL,Ireland,Europe & Central Asia,High income,2006,3.55491,0.69999999,157.2572,0.9071914,91.93147,4.987853645,3.93576114
IRL,Ireland,Europe & Central Asia,High income,2007,3.616205,0.80000001,163.9162,0.9505834,96.45048,5.310118309,4.885745375
IRL,Ireland,Europe & Central Asia,High income,2008,2.850887,1.9,166.9835,0.3867289,99.60327,-4.48407081,4.035688349
IRL,Ireland,Europe & Central Asia,High income,2009,1.083576,9.8000002,153.8825,-2.826928,109.987,-5.095782779,-4.447546869
IRL,Ireland,Europe & Central Asia,High income,2010,0.0173334,13.046937,130.5163,-4.454832,102.1636,1.682971755,-0.918388645
IRL,Ireland,Europe & Central Asia,High income,2011,5.305152,16.121468,120.0895,-1.195058,96.34618,1.608866489,2.548978302
IRL,Ireland,Europe & Central Asia,High income,2012,6.780249,24.987679,119.094,-1.133412,93.48481,-0.405029417,1.694741167
IRL,Ireland,Europe & Central Asia,High income,2013,6.858834,25.708588,104.8652,-1.522869,99.55689,2.192937575,0.515099485
IRL,Ireland,Europe & Central Asia,High income,2014,10.70941,20.648804,93.27333,1.384663,86.45901,9.385793351,0.190916399
IRL,Ireland,Europe & Central Asia,High income,2015,16.06367,14.93488,74.22565,1.407209,71.55974,24.62398564,-0.330959783
IRL,Ireland,Europe & Central Asia,High income,2016,14.43176,13.610062,64.37567,1.545403,75.21125,1.222716611,0.020124774
IRL,Ireland,Europe & Central Asia,High income,2017,14.6578,11.458923,61.71972,0.6215614,71.71946,10.10885761,0.362173038
IRL,Ireland,Europe & Central Asia,High income,2018,15.39093,5.7296425,61.45213,1.055771,66.43479,7.688659374,0.471130714
IRL,Ireland,Europe & Central Asia,High income,2019,15.26282,3.3638371,51.6515,1.242362,69.70039,4.972880038,0.937842961
IRL,Ireland,Europe & Central Asia,High income,2020,11.42363,3.5406366,42.88333,0.1381002,75.6523,7.153695057,-0.326183651
IRL,Ireland,Europe & Central Asia,High income,2021,10.9863,,38.23834,1.004915,73.25712,16.25818812,2.340341134
ISR,Israel,"Middle East, North Africa, Afghanistan & Pakistan",High income,2000,26.13298,6.9000001,97.74392,0.991537,74.05857,8.591522006,1.03263641
ISR,Israel,"Middle East, North Africa, Afghanistan & Pakistan",High income,2001,24.31649,,100.8433,0.5180843,79.16677,0.270471415,1.123028391
ISR,Israel,"Middle East, North Africa, Afghanistan & Pakistan",High income,2002,23.60472,2.4000001,101.435,0.089959,82.52421,-0.152880393,5.802345895
ISR,Israel,"Middle East, North Africa, Afghanistan & Pakistan",High income,2003,27.32487,2.5999999,99.34081,0.6827747,80.54523,1.43455918,0.707630617
ISR,Israel,"Middle East, North Africa, Afghanistan & Pakistan",High income,2004,29.28053,2.5,99.46341,1.132048,79.89665,4.649444599,-0.421595035
ISR,Israel,"Middle East, North Africa, Afghanistan & Pakistan",High income,2005,26.83514,2.3,101.0398,1.033556,83.5083,4.352564277,1.340703281
ISR,Israel,"Middle East, North Africa, Afghanistan & Pakistan",High income,2006,30.13706,2,99.87119,1.451762,81.71545,5.591065501,2.054079146
ISR,Israel,"Middle East, North Africa, Afghanistan & Pakistan",High income,2007,30.9895,1.5,107.8829,1.438286,84.25166,6.313071371,0.466226973
ISR,Israel,"Middle East, North Africa, Afghanistan & Pakistan",High income,2008,25.59522,1.5,107.1039,0.0621434,86.69511,3.215813484,4.527447651
ISR,Israel,"Middle East, North Africa, Afghanistan & Pakistan",High income,2009,29.77962,1.4,102.2222,0.8223352,85.75643,1.220174809,3.367623173
ISR,Israel,"Middle East, North Africa, Afghanistan & Pakistan",High income,2010,31.0246,,104.7652,0.9924777,84.60584,5.544706071,2.702702703
ISR,Israel,"Middle East, North Africa, Afghanistan & Pakistan",High income,2011,29.23821,3.418928,99.85616,0.8668609,88.1966,5.513419691,3.488372093
ISR,Israel,"Middle East, North Africa, Afghanistan & Pakistan",High income,2012,31.12056,3.5010063,101.7265,0.9545428,66.44505,2.409937652,1.675537158
ISR,Israel,"Middle East, North Africa, Afghanistan & Pakistan",High income,2013,32.07264,2.8608375,95.82839,0.9326497,68.46842,4.090137433,1.589763474
ISR,Israel,"Middle East, North Africa, Afghanistan & Pakistan",High income,2014,31.43754,2.1510765,91.72404,0.8317756,71.71886,3.718144149,0.467557252
ISR,Israel,"Middle East, North Africa, Afghanistan & Pakistan",High income,2015,29.72975,1.8447861,91.31953,1.102089,72.77036,2.235998896,-0.617342578
ISR,Israel,"Middle East, North Africa, Afghanistan & Pakistan",High income,2016,30.28489,1.6051082,87.17706,1.057024,74.92051,4.536019392,-0.535168196
ISR,Israel,"Middle East, North Africa, Afghanistan & Pakistan",High income,2017,31.23741,1.2906601,85.95698,1.009339,75.8693,4.343945189,0.24980784
ISR,Israel,"Middle East, North Africa, Afghanistan & Pakistan",High income,2018,32.04547,1.227197,89.1631,0.9256631,73.96048,4.053499529,0.80506038
ISR,Israel,"Middle East, North Africa, Afghanistan & Pakistan",High income,2019,32.36272,1.3880091,86.61713,1.034798,74.90937,3.578987629,0.81764594
ISR,Israel,"Middle East, North Africa, Afghanistan & Pakistan",High income,2020,28.46502,1.4759949,73.30678,0.7253807,93.53629,-1.80206928,-0.575254621
ISR,Israel,"Middle East, North Africa, Afghanistan & Pakistan",High income,2021,29.30272,,70.74023,1.427123,99.30497,9.335346902,1.479654747
ITA,Italy,Europe & Central Asia,High income,2000,11.04384,7.8000002,,1.111019,,3.882098851,2.537685321
ITA,Italy,Europe & Central Asia,High income,2001,11.14171,6.6999998,119.3532,0.7798754,50.36836,2.006433298,2.785165427
ITA,Italy,Europe & Central Asia,High income,2002,13.39386,6.5,114.8951,0.3162235,53.85667,0.269929664,2.465323192
ITA,Italy,Europe & Central Asia,High income,2003,14.32788,6.6999998,114.3417,0.398673,56.9571,0.066553809,2.672555528
ITA,Italy,Europe & Central Asia,High income,2004,34.25506,6.5999999,119.3775,2.442379,56.46614,1.474021706,2.206736614
ITA,Italy,Europe & Central Asia,High income,2005,15.35978,5.3000002,122.9195,2.066015,57.40004,0.762410677,1.985292985
ITA,Italy,Europe & Central Asia,High income,2006,14.1104,6.5999999,129.9909,1.254125,58.05222,1.799479922,2.09084391
ITA,Italy,Europe & Central Asia,High income,2007,16.24557,5.8000002,121.0024,0.8412158,67.36761,1.462292053,1.829741122
ITA,Italy,Europe & Central Asia,High income,2008,14.68172,6.3000002,119.6055,0.4312671,69.84607,-1.023138512,3.347832584
ITA,Italy,Europe & Central Asia,High income,2009,15.21512,9.3999996,115.4186,0.270209,75.70375,-5.305154012,0.774768131
ITA,Italy,Europe & Central Asia,High income,2010,16.3626,10.027837,128.1468,0.3273209,72.48293,1.529105732,1.525516021
ITA,Italy,Europe & Central Asia,High income,2011,12.07697,11.742349,134.2469,-1.133919,69.96178,0.695463154,2.780632729
ITA,Italy,Europe & Central Asia,High income,2012,13.69699,13.74637,126.7309,-0.2676228,73.86164,-3.125238773,3.041363332
ITA,Italy,Europe & Central Asia,High income,2013,10.923,16.542706,119.9466,-1.452849,75.6204,-1.818025107,1.219993423
ITA,Italy,Europe & Central Asia,High income,2014,12.98474,18.033047,114.0741,-0.2547483,77.56994,-0.001387617,0.24104743
ITA,Italy,Europe & Central Asia,High income,2015,14.51827,18.064369,110.0577,0.055806,79.22766,0.885667635,0.0387904
ITA,Italy,Europe & Central Asia,High income,2016,11.89046,17.116239,104.5266,-0.674171,80.86927,1.236221085,-0.094016657
ITA,Italy,Europe & Central Asia,High income,2017,15.72168,14.383299,97.28606,0.6121733,82.14697,1.603699953,1.226533166
ITA,Italy,Europe & Central Asia,High income,2018,14.28886,8.3862832,91.72608,0.381222,82.53496,0.826646712,1.137487636
ITA,Italy,Europe & Central Asia,High income,2019,13.60503,6.7491844,85.62107,0.3271457,85.3179,0.429162534,0.611246944
ITA,Italy,Europe & Central Asia,High income,2020,11.82571,4.3597207,79.8727,-0.1072862,102.9492,-8.868221222,-0.137707574
ITA,Italy,Europe & Central Asia,High income,2021,13.16945,,75.41866,0.788333,102.9661,8.931062108,1.873783258
JAM,Jamaica,Latin America & Caribbean,Upper middle income,2000,,11,74.55641,,34.28861,0.87870355,8.171083561
JAM,Jamaica,Latin America & Caribbean,Upper middle income,2001,,,30.72786,,42.15087,1.344929566,6.801909308
JAM,Jamaica,Latin America & Caribbean,Upper middle income,2002,14.61776,,33.77915,,43.58853,1.997290942,7.076350093
JAM,Jamaica,Latin America & Caribbean,Upper middle income,2003,14.58794,,43.91656,3.458468,41.78871,3.66631759,10.08695652
JAM,Jamaica,Latin America & Caribbean,Upper middle income,2004,15.00312,,47.03613,3.105138,42.53273,1.323725105,13.55450237
JAM,Jamaica,Latin America & Caribbean,Upper middle income,2005,16.42848,,51.90305,3.625283,40.41769,0.893797935,15.05286589
JAM,Jamaica,Latin America & Caribbean,Upper middle income,2006,16.6248,,56.52401,3.620563,41.46744,2.899125345,8.561064087
JAM,Jamaica,Latin America & Caribbean,Upper middle income,2007,15.95144,,64.79937,4.006978,42.1404,1.431954038,9.244820673
JAM,Jamaica,Latin America & Caribbean,Upper middle income,2008,15.53319,,76.56666,4.206559,39.43148,-0.811736702,22.0228385
JAM,Jamaica,Latin America & Caribbean,Upper middle income,2009,16.94711,,70.29478,3.423635,40.69068,-4.345301858,9.592245989
JAM,Jamaica,Latin America & Caribbean,Upper middle income,2010,18.52735,,66.685,3.508435,39.59758,-1.457147209,12.610552
JAM,Jamaica,Latin America & Caribbean,Upper middle income,2011,24.82473,,69.79723,5.604025,38.39086,1.73037627,7.555856466
JAM,Jamaica,Latin America & Caribbean,Upper middle income,2012,19.91226,,73.22504,1.515131,39.58786,-0.613636042,6.873977087
JAM,Jamaica,Latin America & Caribbean,Upper middle income,2013,17.7556,,72.23113,1.334578,41.21451,0.517686011,9.341500766
JAM,Jamaica,Latin America & Caribbean,Upper middle income,2014,18.18909,,71.8839,2.316938,40.79214,0.68982236,8.274078862
JAM,Jamaica,Latin America & Caribbean,Upper middle income,2015,20.69767,,70.06274,2.066272,42.86073,0.921487124,3.691542289
JAM,Jamaica,Latin America & Caribbean,Upper middle income,2016,18.98878,,70.11076,2.043094,45.6677,2.760437614,2.351021975
JAM,Jamaica,Latin America & Caribbean,Upper middle income,2017,17.78896,,85.73193,2.05381,47.33302,2.293033713,4.37839865
JAM,Jamaica,Latin America & Caribbean,Upper middle income,2018,17.92842,,87.91679,2.474499,48.3191,2.515844586,3.736638822
JAM,Jamaica,Latin America & Caribbean,Upper middle income,2019,18.18927,,94.34785,2.43989,50.73663,1.809431473,3.905100009
JAM,Jamaica,Latin America & Caribbean,Upper middle income,2020,17.06366,,87.65456,1.686545,63.7403,-8.304419236,5.226777793
JAM,Jamaica,Latin America & Caribbean,Upper middle income,2021,15.47712,,84.60086,1.782467,68.71378,5.704679783,5.862782428
JPN,Japan,East Asia & Pacific,High income,2000,15.58677,5.3000002,83.53844,0.294178,217.5075,2.978326888,-0.676578684
JPN,Japan,East Asia & Pacific,High income,2001,14.18202,8.3999996,59.65083,-0.0437786,178.1529,0.284608556,-0.740055504
JPN,Japan,East Asia & Pacific,High income,2002,10.35778,7.1999998,54.65796,-0.9267758,181.7295,0.084988805,-0.923494027
JPN,Japan,East Asia & Pacific,High income,2003,7.899784,5.1999998,52.0809,-0.7672565,182.6421,1.380109358,-0.256541816
JPN,Japan,East Asia & Pacific,High income,2004,11.93397,2.9000001,50.55994,0.0948657,181.8625,2.112948237,-0.008573388
JPN,Japan,East Asia & Pacific,High income,2005,13.3004,1.8,52.26429,0.2546623,181.2075,1.848281337,-0.282946069
JPN,Japan,East Asia & Pacific,High income,2006,16.89051,1.8,52.57343,0.7172173,179.0667,1.546308431,0.249355116
JPN,Japan,East Asia & Pacific,High income,2007,17.89192,1.5,52.18351,0.6152316,178.9086,1.728379129,0.060039454
JPN,Japan,East Asia & Pacific,High income,2008,14.48181,2.4000001,52.4934,0.452741,184.3094,-1.166622094,1.380078862
JPN,Japan,East Asia & Pacific,High income,2009,11.20296,2.4000001,50.84319,-0.045153,200.119,-5.935941138,-1.35283673
JPN,Japan,East Asia & Pacific,High income,2010,15.36315,2.4565025,49.7477,0.3174109,199.3458,4.136455892,-0.728243208
JPN,Japan,East Asia & Pacific,High income,2011,15.69216,2.4474133,47.58101,0.370078,208.4471,-0.200357853,-0.272455616
JPN,Japan,East Asia & Pacific,High income,2012,16.07545,2.4288916,47.50429,0.4174805,211.6501,1.64893453,-0.04406451
JPN,Japan,East Asia & Pacific,High income,2013,17.22339,2.1290902,47.84449,0.390231,215.402,1.997276534,0.335037912
JPN,Japan,East Asia & Pacific,High income,2014,17.33325,1.7464563,47.33924,0.4689893,216.8568,0.905915486,2.759226714
JPN,Japan,East Asia & Pacific,High income,2015,17.35316,1.5336,46.99934,0.440836,214.4757,1.799977358,0.795279631
JPN,Japan,East Asia & Pacific,High income,2016,16.86931,1.3967698,46.79572,0.3430561,218.6006,0.704986495,-0.127258844
JPN,Japan,East Asia & Pacific,High income,2017,16.95478,1.191848,47.32147,0.3516955,221.335,1.623450622,0.484199796
JPN,Japan,East Asia & Pacific,High income,2018,16.26689,1.0733867,46.866,0.2440381,224.3427,0.834143846,0.989094598
JPN,Japan,East Asia & Pacific,High income,2019,14.27734,1.11,47.17262,0.1743616,228.3845,-0.308496921,0.468776159
JPN,Japan,East Asia & Pacific,High income,2020,14.28424,1.14,46.54947,0.1940515,254.1537,-4.283279427,-0.024995834
JPN,Japan,East Asia & Pacific,High income,2021,12.85732,,45.92572,0.2076024,259.6056,3.564195315,-0.233352779
JOR,Jordan,"Middle East, North Africa, Afghanistan & Pakistan",Upper middle income,2000,29.47083,18.4,79.45263,1.100421,87.71775,4.245711921,0.666880926
JOR,Jordan,"Middle East, North Africa, Afghanistan & Pakistan",Upper middle income,2001,31.28983,19.299999,82.10062,1.091469,89.17365,5.269957575,1.772204374
JOR,Jordan,"Middle East, North Africa, Afghanistan & Pakistan",Upper middle income,2002,34.16538,17.1,76.40091,0.9132164,92.05498,5.783807927,1.83299389
JOR,Jordan,"Middle East, North Africa, Afghanistan & Pakistan",Upper middle income,2003,36.15309,15.5,68.33337,0.9417562,100.1802,4.161667555,1.63
JOR,Jordan,"Middle East, North Africa, Afghanistan & Pakistan",Upper middle income,2004,39.36583,10.3,69.70876,1.233503,103.6029,8.567214242,3.361868215
JOR,Jordan,"Middle East, North Africa, Afghanistan & Pakistan",Upper middle income,2005,47.29347,6.5999999,75.64848,1.692999,112.6656,8.146594811,3.493685346
JOR,Jordan,"Middle East, North Africa, Afghanistan & Pakistan",Upper middle income,2006,66.27002,4.3000002,82.08208,1.904531,108.2209,8.092975278,6.251724667
JOR,Jordan,"Middle East, North Africa, Afghanistan & Pakistan",Upper middle income,2007,65.76335,4.0999999,83.52668,2.011425,106.2118,8.176169952,4.74390639
JOR,Jordan,"Middle East, North Africa, Afghanistan & Pakistan",Upper middle income,2008,62.66364,4.1999998,83.32655,1.884528,93.98741,7.220386373,13.971231
JOR,Jordan,"Middle East, North Africa, Afghanistan & Pakistan",Upper middle income,2009,62.56835,6.6999998,75.42496,1.522493,97.0646,5.11667227,-0.739069743
JOR,Jordan,"Middle East, North Africa, Afghanistan & Pakistan",Upper middle income,2010,60.39407,,72.59222,1.154152,98.022,2.637715826,4.845518759
JOR,Jordan,"Middle East, North Africa, Afghanistan & Pakistan",Upper middle income,2011,60.349,,73.25008,1.395685,97.92828,2.907293154,4.162441629
JOR,Jordan,"Middle East, North Africa, Afghanistan & Pakistan",Upper middle income,2012,61.39158,,76.16653,1.538119,93.47924,2.404657165,4.515229567
JOR,Jordan,"Middle East, North Africa, Afghanistan & Pakistan",Upper middle income,2013,62.43721,,75.42702,1.866309,93.39211,2.72311206,4.824623143
JOR,Jordan,"Middle East, North Africa, Afghanistan & Pakistan",Upper middle income,2014,55.66782,,72.40725,1.491544,94.16964,3.32287328,2.89947905
JOR,Jordan,"Middle East, North Africa, Afghanistan & Pakistan",Upper middle income,2015,54.55595,5.7676894,70.1322,1.57554,97.27351,2.522616711,-0.87685136
JOR,Jordan,"Middle East, North Africa, Afghanistan & Pakistan",Upper middle income,2016,56.04966,5.4553063,74.2711,1.573242,97.88265,2.11166807,-0.778430463
JOR,Jordan,"Middle East, North Africa, Afghanistan & Pakistan",Upper middle income,2017,55.93142,5.2651866,79.77866,1.506931,93.72793,2.507703981,3.323894476
JOR,Jordan,"Middle East, North Africa, Afghanistan & Pakistan",Upper middle income,2018,55.21555,5.3854511,84.11643,1.860672,90.7304,1.853834156,4.462311085
JOR,Jordan,"Middle East, North Africa, Afghanistan & Pakistan",Upper middle income,2019,54.2682,5.6712586,83.83067,1.778393,91.6461,1.856330066,0.761514047
JOR,Jordan,"Middle East, North Africa, Afghanistan & Pakistan",Upper middle income,2020,50.48962,,87.20145,0.6025702,95.25914,-1.152575342,0.333294351
JOR,Jordan,"Middle East, North Africa, Afghanistan & Pakistan",Upper middle income,2021,50.10564,,84.77141,1.15399,98.75117,3.752012768,1.346093772
KAZ,Kazakhstan,Europe & Central Asia,Upper middle income,2000,3.638269,,100.9019,4.223803,11.01096,9.800000002,13.18089059
KAZ,Kazakhstan,Europe & Central Asia,Upper middle income,2001,3.346086,,121.9575,3.503519,13.00936,13.5,8.354137772
KAZ,Kazakhstan,Europe & Central Asia,Upper middle income,2002,2.997406,,124.5523,3.474848,14.86209,9.8,5.836924521
KAZ,Kazakhstan,Europe & Central Asia,Upper middle income,2003,2.923339,,138.2047,2.289722,15.85965,9.3,6.438218101
KAZ,Kazakhstan,Europe & Central Asia,Upper middle income,2004,2.866586,,136.3226,2.45611,19.42388,9.600000001,6.88205439
KAZ,Kazakhstan,Europe & Central Asia,Upper middle income,2005,2.353401,,165.5147,2.568545,21.55674,9.699999999,7.579999291
KAZ,Kazakhstan,Europe & Central Asia,Upper middle income,2006,1.742012,,159.824,1.528872,29.89142,10.7,8.721693861
KAZ,Kazakhstan,Europe & Central Asia,Upper middle income,2007,2.667984,,197.9487,2.126737,29.77456,8.9,10.84683621
KAZ,Kazakhstan,Europe & Central Asia,Upper middle income,2008,2.470084,7.0999999,173.7415,0.0156488,28.57394,3.3,17.13989978
KAZ,Kazakhstan,Europe & Central Asia,Upper middle income,2009,1.610268,18.9,144.4213,-55.41156,34.805,1.199999999,7.316078583
KAZ,Kazakhstan,Europe & Central Asia,Upper middle income,2010,7.133468,20.930624,126.9537,21.92484,30.95074,7.300000003,7.400463563
KAZ,Kazakhstan,Europe & Central Asia,Upper middle income,2011,2.477125,20.665468,126.9571,-1.965605,27.6754,7.400000001,8.452904662
KAZ,Kazakhstan,Europe & Central Asia,Upper middle income,2012,2.888314,19.389867,131.4573,1.748475,27.28997,4.799999995,5.19568369
KAZ,Kazakhstan,Europe & Central Asia,Upper middle income,2013,2.447769,19.470831,127.5552,2.019818,27.3312,5.999999997,5.942838716
KAZ,Kazakhstan,Europe & Central Asia,Upper middle income,2014,2.330827,12.392143,119.5883,2.013628,28.02376,4.200000006,6.84944977
KAZ,Kazakhstan,Europe & Central Asia,Upper middle income,2015,2.022221,7.9525406,90.30184,0.9593226,37.65747,1.200000001,6.678285856
KAZ,Kazakhstan,Europe & Central Asia,Upper middle income,2016,2.061025,6.7183522,81.25954,0.9794973,36.45721,1.099999999,14.36109424
KAZ,Kazakhstan,Europe & Central Asia,Upper middle income,2017,2.127621,9.3097681,85.99556,-0.440565,30.03757,4.100000003,7.442663213
KAZ,Kazakhstan,Europe & Central Asia,Upper middle income,2018,2.589877,7.3853829,83.82745,2.789043,26.96785,4.099999993,6.163662476
KAZ,Kazakhstan,Europe & Central Asia,Upper middle income,2019,3.061974,8.1426394,83.94308,3.878564,25.25296,4.500000001,5.333560989
KAZ,Kazakhstan,Europe & Central Asia,Upper middle income,2020,2.811964,8.3507847,74.17669,3.276226,29.65814,-2.499999996,6.718154549
KAZ,Kazakhstan,Europe & Central Asia,Upper middle income,2021,2.950683,,76.73489,4.36518,31.02265,4.299999997,8.04147134
KEN,Kenya,Sub-Saharan Africa,Lower middle income,2000,16.15675,33.299999,86.50878,0.8173631,29.6099,0.599695391,9.980025154
KEN,Kenya,Sub-Saharan Africa,Lower middle income,2001,17.95836,13.1,81.43311,2.11218,30.78716,3.779906498,5.738598143
KEN,Kenya,Sub-Saharan Africa,Lower middle income,2002,15.6131,,78.02983,0.2159996,32.93837,0.54685953,1.961308217
KEN,Kenya,Sub-Saharan Africa,Lower middle income,2003,16.83773,34.900002,73.29735,2.261913,34.10048,2.932475546,9.81569063
KEN,Kenya,Sub-Saharan Africa,Lower middle income,2004,16.16448,29.299999,78.87955,2.749374,34.39645,5.104299776,11.62403554
KEN,Kenya,Sub-Saharan Africa,Lower middle income,2005,17.95073,,76.41012,4.011554,34.1988,5.90666608,10.31277836
KEN,Kenya,Sub-Saharan Africa,Lower middle income,2006,18.46835,,74.68518,4.205567,30.48418,6.4724943,14.45373421
KEN,Kenya,Sub-Saharan Africa,Lower middle income,2007,19.77238,10.6,72.59649,3.694571,31.58995,6.85072977,9.75888023
KEN,Kenya,Sub-Saharan Africa,Lower middle income,2008,18.76598,8.8000002,78.20712,3.93857,32.32663,0.232282745,26.23981664
KEN,Kenya,Sub-Saharan Africa,Lower middle income,2009,19.69903,8,75.79092,3.697993,28.75601,3.306939816,9.234125924
KEN,Kenya,Sub-Saharan Africa,Lower middle income,2010,23.05273,6.2914888,75.26713,4.937764,31.75802,8.058473603,3.961388891
KEN,Kenya,Sub-Saharan Africa,Lower middle income,2011,20.42355,4.4286704,82.62142,4.615845,32.95835,5.12110612,14.0224913
KEN,Kenya,Sub-Saharan Africa,Lower middle income,2012,22.17769,4.5942296,79.5682,4.584584,33.12192,4.568679614,9.377770035
KEN,Kenya,Sub-Saharan Africa,Lower middle income,2013,22.99755,5.0464177,84.59068,5.264709,33.40884,3.797848393,5.71749357
KEN,Kenya,Sub-Saharan Africa,Lower middle income,2014,25.37654,5.4551197,89.42282,4.964142,38.53749,5.020111002,6.878154993
KEN,Kenya,Sub-Saharan Africa,Lower middle income,2015,21.19606,5.9887641,93.44667,4.375178,39.21786,4.967721128,6.582154293
KEN,Kenya,Sub-Saharan Africa,Lower middle income,2016,23.69231,11.66126,96.28916,3.980951,36.89449,4.213517068,6.297249538
KEN,Kenya,Sub-Saharan Africa,Lower middle income,2017,24.62016,9.9491283,91.30845,4.03977,36.26152,3.837958174,8.005649677
KEN,Kenya,Sub-Saharan Africa,Lower middle income,2018,23.96219,11.69122,86.12044,4.117735,36.18499,5.647946407,4.689806468
KEN,Kenya,Sub-Saharan Africa,Lower middle income,2019,24.18792,12.014092,86.81724,3.853722,35.41241,5.114158858,5.239637958
KEN,Kenya,Sub-Saharan Africa,Lower middle income,2020,21.51275,14.138663,84.22851,1.692144,37.99851,-0.272766327,5.405162079
KEN,Kenya,Sub-Saharan Africa,Lower middle income,2021,23.23094,,86.06927,3.785148,35.91799,7.590489473,6.107936037
KOR,"Korea, Rep.",East Asia & Pacific,High income,2000,7.188823,8.8999996,115.6931,0.6150663,60.6527,9.201858388,2.259165801
KOR,"Korea, Rep.",East Asia & Pacific,High income,2001,,3.4000001,115.9894,,63.49864,4.725935603,4.066575879
KOR,"Korea, Rep.",East Asia & Pacific,High income,2002,,2.4000001,125.8964,,63.58856,7.743998953,2.762262103
KOR,"Korea, Rep.",East Asia & Pacific,High income,2003,,2.5999999,128.2915,,63.68911,3.074726618,3.514874515
KOR,"Korea, Rep.",East Asia & Pacific,High income,2004,,1.9,131.0283,,58.23169,5.18363686,3.590662989
KOR,"Korea, Rep.",East Asia & Pacific,High income,2005,9.690445,1.2,136.635,,56.88091,4.358236673,2.753791627
KOR,"Korea, Rep.",East Asia & Pacific,High income,2006,,0.80000001,149.9567,,56.2724,5.245005506,2.242340285
KOR,"Korea, Rep.",East Asia & Pacific,High income,2007,,0.69999999,168.4629,,52.2123,5.841963392,2.534573821
KOR,"Korea, Rep.",East Asia & Pacific,High income,2008,,0.60000002,166.8223,,57.33775,3.004404517,4.673896555
KOR,"Korea, Rep.",East Asia & Pacific,High income,2009,,0.60000002,152.7186,,61.15065,0.819861756,2.756496545
KOR,"Korea, Rep.",East Asia & Pacific,High income,2010,12.1465,0.58800142,138.8289,,64.39145,6.981661389,2.939286527
KOR,"Korea, Rep.",East Asia & Pacific,High income,2011,12.09469,0.48415559,134.1449,1.147331,66.50169,3.68803206,4.025965004
KOR,"Korea, Rep.",East Asia & Pacific,High income,2012,11.91095,0.5942918,130.1511,0.7483296,67.22956,2.547665506,2.187071044
KOR,"Korea, Rep.",East Asia & Pacific,High income,2013,11.80614,0.57068216,108.8964,0.5105085,118.1551,3.291395954,1.301347545
KOR,"Korea, Rep.",East Asia & Pacific,High income,2014,11.51376,0.48782902,108.3421,0.5125419,121.8836,3.214680197,1.274774464
KOR,"Korea, Rep.",East Asia & Pacific,High income,2015,10.98631,0.45685901,106.2019,0.4727345,124.2235,2.920292673,0.706331772
KOR,"Korea, Rep.",East Asia & Pacific,High income,2016,11.16038,0.46922079,106.3973,0.5892764,126.9369,3.17152749,0.97168574
KOR,"Korea, Rep.",East Asia & Pacific,High income,2017,11.6591,0.35236143,108.5161,0.6649447,125.7076,3.433191764,1.944332308
KOR,"Korea, Rep.",East Asia & Pacific,High income,2018,11.44263,0.25443574,108.4205,0.6940866,130.0977,3.176115682,1.47583935
KOR,"Korea, Rep.",East Asia & Pacific,High income,2019,11.27304,0.25114939,107.8417,1.028058,140.5416,2.313802106,0.383000304
KOR,"Korea, Rep.",East Asia & Pacific,High income,2020,10.48836,0.23639452,107.7703,0.6526015,152.5773,-0.700242318,0.537288023
KOR,"Korea, Rep.",East Asia & Pacific,High income,2021,10.19327,,106.9277,0.6709262,160.3865,4.612967955,2.498333333
XKX,Kosovo,Europe & Central Asia,Upper middle income,2009,,,91.41375,,38.97796,5.034854138,-2.410264017
XKX,Kosovo,Europe & Central Asia,Upper middle income,2010,,,84.66183,,42.22213,4.93995096,3.480507637
XKX,Kosovo,Europe & Central Asia,Upper middle income,2011,,,88.41206,,40.8821,6.319810229,7.336417713
XKX,Kosovo,Europe & Central Asia,Upper middle income,2012,,,86.62685,,41.3807,1.712195959,2.476737822
XKX,Kosovo,Europe & Central Asia,Upper middle income,2013,,,82.19176,,42.35099,5.340799119,1.767324284
XKX,Kosovo,Europe & Central Asia,Upper middle income,2014,,,83.6788,,42.05847,3.348804784,0.428957808
XKX,Kosovo,Europe & Central Asia,Upper middle income,2015,,,85.70199,,41.33004,5.916231283,-0.536929393
XKX,Kosovo,Europe & Central Asia,Upper middle income,2016,,,85.83907,,42.8127,5.571775047,0.273169431
XKX,Kosovo,Europe & Central Asia,Upper middle income,2017,,,91.23045,,42.7252,4.825655653,1.488234306
XKX,Kosovo,Europe & Central Asia,Upper middle income,2018,,,93.75957,,43.87266,3.406632271,1.053797737
XKX,Kosovo,Europe & Central Asia,Upper middle income,2019,,,89.69802,,47.72496,4.75680057,2.675992026
XKX,Kosovo,Europe & Central Asia,Upper middle income,2020,,,85.00175,,56.18782,-5.340275478,0.198227923
XKX,Kosovo,Europe & Central Asia,Upper middle income,2021,,,86.13327,,55.50517,10.74565608,3.353691392
KWT,Kuwait,"Middle East, North Africa, Afghanistan & Pakistan",High income,2000,15.09553,19.200001,67.79362,2.161528,66.95245,4.694581871,1.812946139
KWT,Kuwait,"Middle East, North Africa, Afghanistan & Pakistan",High income,2001,14.80805,10.3,68.80036,2.263378,82.31139,0.213332576,1.3
KWT,Kuwait,"Middle East, North Africa, Afghanistan & Pakistan",High income,2002,14.53187,7.8000002,73.45901,2.067221,79.41446,3.014283152,0.888450148
KWT,Kuwait,"Middle East, North Africa, Afghanistan & Pakistan",High income,2003,15.19276,6.0999999,85.63486,2.186385,69.43967,17.32602042,0.961350294
KWT,Kuwait,"Middle East, North Africa, Afghanistan & Pakistan",High income,2004,17.18506,5.3000002,88.51533,2.692971,63.67773,10.24029806,1.248564437
KWT,Kuwait,"Middle East, North Africa, Afghanistan & Pakistan",High income,2005,18.7562,4.0999999,96.07516,3.421519,53.01336,10.60904498,4.142975836
KWT,Kuwait,"Middle East, North Africa, Afghanistan & Pakistan",High income,2006,18.38129,4.5999999,98.87859,3.493008,51.79674,7.514773,3.057013392
KWT,Kuwait,"Middle East, North Africa, Afghanistan & Pakistan",High income,2007,17.76678,3.8,109.3276,3.127981,56.30873,5.991575511,5.484949833
KWT,Kuwait,"Middle East, North Africa, Afghanistan & Pakistan",High income,2008,11.62383,6.8000002,112.6064,0.2457447,53.61568,2.479756943,10.58270979
KWT,Kuwait,"Middle East, North Africa, Afghanistan & Pakistan",High income,2009,15.69382,11.5,99.97463,1.097623,79.09199,-7.076056431,4.609595484
KWT,Kuwait,"Middle East, North Africa, Afghanistan & Pakistan",High income,2010,18.97585,8.8999996,99.59171,1.82301,74.94539,-2.370548044,4.496402878
KWT,Kuwait,"Middle East, North Africa, Afghanistan & Pakistan",High income,2011,18.887,7.3000002,96.7159,1.64275,62.87099,9.628634195,4.839403499
KWT,Kuwait,"Middle East, North Africa, Afghanistan & Pakistan",High income,2012,18.24903,5.1999998,95.56458,1.520864,58.33058,6.625874851,3.255146003
KWT,Kuwait,"Middle East, North Africa, Afghanistan & Pakistan",High income,2013,16.96409,3.5999999,94.43761,1.24919,63.27149,1.149465528,2.682296841
KWT,Kuwait,"Middle East, North Africa, Afghanistan & Pakistan",High income,2014,15.78601,2.9000001,96.3899,1.290434,70.17309,0.500914669,2.908926729
KWT,Kuwait,"Middle East, North Africa, Afghanistan & Pakistan",High income,2015,16.55494,2.8,102.7714,1.195617,95.85227,0.592770817,3.271701661
KWT,Kuwait,"Middle East, North Africa, Afghanistan & Pakistan",High income,2016,16.71043,,101.8668,1.226372,103.2592,2.926075843,3.198397767
KWT,Kuwait,"Middle East, North Africa, Afghanistan & Pakistan",High income,2017,16.65886,,102.0711,1.296057,96.69605,-4.712222705,2.171832985
KWT,Kuwait,"Middle East, North Africa, Afghanistan & Pakistan",High income,2018,17.17954,,102.9135,1.407624,88.34519,2.74333045,0.543133148
KWT,Kuwait,"Middle East, North Africa, Afghanistan & Pakistan",High income,2019,17.63516,,,1.297249,,2.263817066,1.091848027
KWT,Kuwait,"Middle East, North Africa, Afghanistan & Pakistan",High income,2020,16.10375,,,0.5579771,,-4.817315934,2.101729548
KWT,Kuwait,"Middle East, North Africa, Afghanistan & Pakistan",High income,2021,16.57787,,,1.119025,,1.672130543,3.423629476
KGZ,Kyrgyz Republic,Europe & Central Asia,Lower middle income,2000,23.76618,,81.29566,,5.041776,5.443336633,18.70073428
KGZ,Kyrgyz Republic,Europe & Central Asia,Lower middle income,2001,24.79841,,86.38906,2.985116,4.355517,5.321621412,6.919679894
KGZ,Kyrgyz Republic,Europe & Central Asia,Lower middle income,2002,24.32227,,74.52335,2.800915,5.516241,-0.017324613,2.134209863
KGZ,Kyrgyz Republic,Europe & Central Asia,Lower middle income,2003,22.62794,,73.38795,1.58837,6.43772,7.030293197,2.974612952
KGZ,Kyrgyz Republic,Europe & Central Asia,Lower middle income,2004,14.98696,,79.85289,2.250736,8.80417,7.026812425,4.110650847
KGZ,Kyrgyz Republic,Europe & Central Asia,Lower middle income,2005,16.1771,,96.5457,3.228065,8.219374,-0.175515404,4.338673918
KGZ,Kyrgyz Republic,Europe & Central Asia,Lower middle income,2006,17.03571,6.1999998,91.57431,2.721652,11.38431,3.102898742,5.552123332
KGZ,Kyrgyz Republic,Europe & Central Asia,Lower middle income,2007,19.54161,3.5999999,129.529,4.660874,11.59315,8.542874775,10.23010327
KGZ,Kyrgyz Republic,Europe & Central Asia,Lower middle income,2008,18.116,5.3000002,136.3952,3.097705,9.992105,8.401616049,24.52010242
KGZ,Kyrgyz Republic,Europe & Central Asia,Lower middle income,2009,20.32942,8.1999998,103.8778,3.530191,12.15811,2.886294575,6.836562481
KGZ,Kyrgyz Republic,Europe & Central Asia,Lower middle income,2010,16.40867,15.8,100.9698,3.288514,12.58642,-0.471566597,7.967722256
KGZ,Kyrgyz Republic,Europe & Central Asia,Lower middle income,2011,18.99195,10.2,101.1761,5.133998,11.29702,5.956274297,16.63632627
KGZ,Kyrgyz Republic,Europe & Central Asia,Lower middle income,2012,17.91123,7.1999998,93.89228,4.791255,14.15967,-0.0881502,2.768442365
KGZ,Kyrgyz Republic,Europe & Central Asia,Lower middle income,2013,16.64027,5.5,94.16377,3.756407,16.60485,10.91546945,6.613752024
KGZ,Kyrgyz Republic,Europe & Central Asia,Lower middle income,2014,14.94015,4.5,115.2389,3.043759,18.12861,4.024038631,7.534247298
KGZ,Kyrgyz Republic,Europe & Central Asia,Lower middle income,2015,14.13635,7.0999999,108.5122,1.890843,20.91434,3.875825445,6.50331839
KGZ,Kyrgyz Republic,Europe & Central Asia,Lower middle income,2016,15.35707,,103.0256,1.047879,19.87856,4.335855922,0.388838297
KGZ,Kyrgyz Republic,Europe & Central Asia,Lower middle income,2017,16.07154,,103.5833,1.464357,20.53925,4.739937224,3.175309864
KGZ,Kyrgyz Republic,Europe & Central Asia,Lower middle income,2018,15.92686,,111.0037,1.289687,20.94632,3.757910136,1.542661452
KGZ,Kyrgyz Republic,Europe & Central Asia,Lower middle income,2019,16.8391,,112.5994,1.92139,21.68808,4.600625657,1.133622577
KGZ,Kyrgyz Republic,Europe & Central Asia,Lower middle income,2020,16.39312,,105.1362,1.088048,26.92419,-7.148977577,6.325422963
KGZ,Kyrgyz Republic,Europe & Central Asia,Lower middle income,2021,14.62098,,87.30995,1.701797,29.72721,5.507007627,11.90503982
LAO,Lao PDR,East Asia & Pacific,Lower middle income,2000,,,49.22921,,16.00982,5.798782329,25.08464143
LAO,Lao PDR,East Asia & Pacific,Lower middle income,2001,,,55.28463,,15.6035,5.75141288,7.811807948
LAO,Lao PDR,East Asia & Pacific,Lower middle income,2002,,,40.27269,,18.66618,5.918743684,10.63134463
LAO,Lao PDR,East Asia & Pacific,Lower middle income,2003,,,34.35982,,18.04117,6.067002303,15.48935292
LAO,Lao PDR,East Asia & Pacific,Lower middle income,2004,,,34.06947,,17.90511,6.35769548,10.46226673
LAO,Lao PDR,East Asia & Pacific,Lower middle income,2005,,,43.74188,,15.82173,7.107568368,7.165417599
LAO,Lao PDR,East Asia & Pacific,Lower middle income,2006,,,34.22292,,16.5772,8.619266208,6.545594391
LAO,Lao PDR,East Asia & Pacific,Lower middle income,2007,,,33.43569,,19.56969,7.596828801,4.661972695
LAO,Lao PDR,East Asia & Pacific,Lower middle income,2008,17.32906,,48.75454,,19.62132,7.824902763,7.628808876
LAO,Lao PDR,East Asia & Pacific,Lower middle income,2009,,,70.83099,0.8043912,24.3422,7.501774912,0.141187675
LAO,Lao PDR,East Asia & Pacific,Lower middle income,2010,,,71.10194,,29.42151,8.526905517,5.982545216
LAO,Lao PDR,East Asia & Pacific,Lower middle income,2012,11.36226,,,1.302864,,8.026098435,4.255126778
LAO,Lao PDR,East Asia & Pacific,Lower middle income,2013,15.68997,,,2.184518,,8.026300227,6.371427178
LAO,Lao PDR,East Asia & Pacific,Lower middle income,2014,12.22057,,,0.7218271,,7.61196344,4.129243069
LAO,Lao PDR,East Asia & Pacific,Lower middle income,2015,11.45338,,,1.151151,,7.270065844,1.277354271
LAO,Lao PDR,East Asia & Pacific,Lower middle income,2016,9.661771,,,1.018287,,7.022836255,1.596912276
LAO,Lao PDR,East Asia & Pacific,Lower middle income,2017,11.69519,,,1.169217,,6.892530873,0.825478608
LAO,Lao PDR,East Asia & Pacific,Lower middle income,2018,12.10984,,,1.258964,,6.247960008,2.040392669
LAO,Lao PDR,East Asia & Pacific,Lower middle income,2019,10.80275,,,1.19315,,5.457735092,3.322558813
LAO,Lao PDR,East Asia & Pacific,Lower middle income,2020,9.840033,,,0.7890108,,0.503031829,5.10407263
LAO,Lao PDR,East Asia & Pacific,Lower middle income,2021,19.47947,,,0.3089655,,2.528351005,3.755620367
LVA,Latvia,Europe & Central Asia,High income,2000,5.776068,4.5999999,103.0205,2.041288,18.37828,5.841026424,2.654254778
LVA,Latvia,Europe & Central Asia,High income,2001,6.242424,2.8,125.7507,1.855026,20.786,6.460578267,2.487040036
LVA,Latvia,Europe & Central Asia,High income,2002,6.183351,2,138.9584,1.882906,22.82573,7.665487786,1.938875739
LVA,Latvia,Europe & Central Asia,High income,2003,6.085133,1.4,150.3214,1.850421,25.43446,8.429132571,2.942647529
LVA,Latvia,Europe & Central Asia,High income,2004,5.9533,1.1,165.2079,2.100628,29.2993,8.725143417,6.192385472
LVA,Latvia,Europe & Central Asia,High income,2005,6.011862,0.69999999,189.0113,2.338254,34.0245,11.61531786,6.748450279
LVA,Latvia,Europe & Central Asia,High income,2006,5.844496,0.5,210.2129,2.468476,38.47549,12.82501785,6.536199088
LVA,Latvia,Europe & Central Asia,High income,2007,6.218521,0.80000001,239.0115,2.449591,34.3625,10.41453728,10.09297758
LVA,Latvia,Europe & Central Asia,High income,2008,4.991768,2.0999999,278.4113,0.2938264,30.52503,-3.388716658,15.40231911
LVA,Latvia,Europe & Central Asia,High income,2009,3.166431,14.3,,-4.625038,,-16.04001953,3.534106729
LVA,Latvia,Europe & Central Asia,High income,2010,4.127305,15.934006,212.5217,-1.762899,44.54893,-3.661258596,-1.08463595
LVA,Latvia,Europe & Central Asia,High income,2011,6.085433,14.054796,204.4909,0.2403322,39.20797,3.036344827,4.370735599
LVA,Latvia,Europe & Central Asia,High income,2012,6.852037,8.7237917,175.6626,0.407321,36.82646,7.305240572,2.257789244
LVA,Latvia,Europe & Central Asia,High income,2013,7.21825,6.4070405,145.4915,0.7015785,40.02372,2.096090282,-0.029454778
LVA,Latvia,Europe & Central Asia,High income,2014,7.384685,4.5977375,129.5142,0.9810329,39.63887,2.094959771,0.620490637
LVA,Latvia,Europe & Central Asia,High income,2015,8.277837,4.6446544,116.2017,1.295437,41.5715,3.783367121,0.174242244
LVA,Latvia,Europe & Central Asia,High income,2016,8.138029,6.2557443,107.1435,1.986951,43.58858,2.55168602,0.140633335
LVA,Latvia,Europe & Central Asia,High income,2017,7.095502,5.5069776,99.17975,0.8132994,42.46893,3.398948726,2.930363124
LVA,Latvia,Europe & Central Asia,High income,2018,8.351654,5.288402,87.97295,1.010428,41.61071,4.309712863,2.534454242
LVA,Latvia,Europe & Central Asia,High income,2019,7.930617,5.0015714,79.89077,0.3348947,43.01532,0.675372772,2.811409201
LVA,Latvia,Europe & Central Asia,High income,2020,6.765033,3.0913758,67.32635,0.2899347,51.1189,-3.469227508,0.219064905
LVA,Latvia,Europe & Central Asia,High income,2021,7.114153,,62.84222,0.747068,50.67773,6.942541731,3.275829374
LBN,Lebanon,"Middle East, North Africa, Afghanistan & Pakistan",Lower middle income,2000,15.96243,7.8000002,46.74689,0.9454719,182.8678,1.34187162,
LBN,Lebanon,"Middle East, North Africa, Afghanistan & Pakistan",Lower middle income,2001,15.11677,10,43.31482,0.874657,192.5591,3.839669277,
LBN,Lebanon,"Middle East, North Africa, Afghanistan & Pakistan",Lower middle income,2002,14.88727,12.4,41.34583,0.7800683,192.0566,3.423149828,
LBN,Lebanon,"Middle East, North Africa, Afghanistan & Pakistan",Lower middle income,2003,14.79157,,36.95613,0.7886677,204.1003,3.227098269,
LBN,Lebanon,"Middle East, North Africa, Afghanistan & Pakistan",Lower middle income,2004,13.93351,17.700001,35.18531,0.7409861,214.0178,6.679444616,
LBN,Lebanon,"Middle East, North Africa, Afghanistan & Pakistan",Lower middle income,2005,16.71166,16.4,30.43157,0.8634096,221.0379,2.68577931,
LBN,Lebanon,"Middle East, North Africa, Afghanistan & Pakistan",Lower middle income,2006,16.60315,13.5,29.84656,0.8347297,233.0369,1.549515001,
LBN,Lebanon,"Middle East, North Africa, Afghanistan & Pakistan",Lower middle income,2007,16.751,10.1,30.76751,0.9341164,232.3998,9.310622526,
LBN,Lebanon,"Middle East, North Africa, Afghanistan & Pakistan",Lower middle income,2008,18.66661,7.5,31.77978,1.212339,227.5971,9.069128268,
LBN,Lebanon,"Middle East, North Africa, Afghanistan & Pakistan",Lower middle income,2009,19.70326,6,30.63251,1.46311,223.7112,10.23215558,1.195096712
LBN,Lebanon,"Middle East, North Africa, Afghanistan & Pakistan",Lower middle income,2010,20.7356,,34.17138,1.159835,230.775,7.975135558,3.983479419
LBN,Lebanon,"Middle East, North Africa, Afghanistan & Pakistan",Lower middle income,2011,18.57228,3.7569354,36.23569,1.159412,236.5598,0.867339879,4.971485717
LBN,Lebanon,"Middle East, North Africa, Afghanistan & Pakistan",Lower middle income,2012,20.166,3.7869763,37.50385,1.145074,229.1568,2.564791337,6.581474477
LBN,Lebanon,"Middle East, North Africa, Afghanistan & Pakistan",Lower middle income,2013,19.7054,3.9655306,38.52653,1.111473,229.6451,3.827873499,4.821019563
LBN,Lebanon,"Middle East, North Africa, Afghanistan & Pakistan",Lower middle income,2014,19.9906,4.008041,39.75257,1.16015,237.0977,2.484060105,1.854604213
LBN,Lebanon,"Middle East, North Africa, Afghanistan & Pakistan",Lower middle income,2015,20.47624,4.1952847,40.12846,1.203232,239.1392,0.462320793,-3.749145248
LBN,Lebanon,"Middle East, North Africa, Afghanistan & Pakistan",Lower middle income,2016,20.62111,4.8790835,39.70905,1.485203,250.1193,1.554549409,-0.783359624
LBN,Lebanon,"Middle East, North Africa, Afghanistan & Pakistan",Lower middle income,2017,20.47074,5.6661917,40.57735,1.238077,250.3682,0.903028464,4.321352183
LBN,Lebanon,"Middle East, North Africa, Afghanistan & Pakistan",Lower middle income,2018,18.79907,10.255207,,1.126901,,-1.884705756,6.076989079
LBN,Lebanon,"Middle East, North Africa, Afghanistan & Pakistan",Lower middle income,2019,14.52089,15.193751,,-0.5668539,,-6.914924729,3.005389494
LBN,Lebanon,"Middle East, North Africa, Afghanistan & Pakistan",Lower middle income,2020,17.7362,23.819353,,-0.1958471,,-21.39989969,84.86433305
LBN,Lebanon,"Middle East, North Africa, Afghanistan & Pakistan",Lower middle income,2021,20.1897,,,0.0349914,,-7.001238625,154.756096
LSO,Lesotho,Sub-Saharan Africa,Lower middle income,2000,16.63031,,54.20945,,24.98795,3.875546776,6.131975387
LSO,Lesotho,Sub-Saharan Africa,Lower middle income,2001,15.48398,,53.2486,2.99696,23.06327,3.561581834,-9.616153539
LSO,Lesotho,Sub-Saharan Africa,Lower middle income,2002,14.51661,,55.21177,3.801106,22.33502,0.723836067,33.81257834
LSO,Lesotho,Sub-Saharan Africa,Lower middle income,2003,15.6295,,23.31671,4.310822,22.21012,4.559777164,6.629163571
LSO,Lesotho,Sub-Saharan Africa,Lower middle income,2004,16.48939,1,25.07584,4.050772,20.29434,1.692374174,5.023420686
LSO,Lesotho,Sub-Saharan Africa,Lower middle income,2005,,3,34.47076,,20.45504,3.466122228,3.437884231
LSO,Lesotho,Sub-Saharan Africa,Lower middle income,2006,,3,29.17671,,24.66314,4.230095228,6.072718797
LSO,Lesotho,Sub-Saharan Africa,Lower middle income,2007,,3,32.38941,,30.27459,4.1879141,8.01243669
LSO,Lesotho,Sub-Saharan Africa,Lower middle income,2008,13.97834,1.8,33.10565,,29.73931,5.52341967,10.71566613
LSO,Lesotho,Sub-Saharan Africa,Lower middle income,2009,15.87992,3,36.21721,4.744283,34.30525,-1.253757799,-16.85969105
LSO,Lesotho,Sub-Saharan Africa,Lower middle income,2010,15.42929,3.0344671,36.96106,4.263953,35.83715,5.269670781,-2.405242546
LSO,Lesotho,Sub-Saharan Africa,Lower middle income,2011,16.24013,2.0951442,44.57293,3.63398,31.80134,4.616413945,5.036630521
LSO,Lesotho,Sub-Saharan Africa,Lower middle income,2012,18.7845,2.4647735,58.74569,4.296112,31.25497,6.334083747,6.051436621
LSO,Lesotho,Sub-Saharan Africa,Lower middle income,2013,17.15207,3.7868197,58.51922,4.580638,33.70553,1.792525556,4.865118995
LSO,Lesotho,Sub-Saharan Africa,Lower middle income,2014,18.02627,4.2292561,63.21992,4.355666,30.21404,1.710549905,5.37028961
LSO,Lesotho,Sub-Saharan Africa,Lower middle income,2015,17.66736,4.0377922,59.81233,3.710772,30.16596,3.12406678,3.218445137
LSO,Lesotho,Sub-Saharan Africa,Lower middle income,2016,21.73222,3.6944119,64.55289,4.901433,27.59198,3.608907317,6.596504907
LSO,Lesotho,Sub-Saharan Africa,Lower middle income,2017,20.05368,4.4164002,55.17945,3.537381,35.65599,-3.138174937,4.447699374
LSO,Lesotho,Sub-Saharan Africa,Lower middle income,2018,19.59272,3.6604649,54.56136,3.536682,36.97871,-1.480633158,4.751803016
LSO,Lesotho,Sub-Saharan Africa,Lower middle income,2019,22.37866,3.2990574,65.99613,4.134861,31.01095,-1.417993831,5.187083592
LSO,Lesotho,Sub-Saharan Africa,Lower middle income,2020,20.19481,4.1990843,56.75465,2.376437,34.38913,-8.155957855,4.978096763
LSO,Lesotho,Sub-Saharan Africa,Lower middle income,2021,16.92211,,58.21643,0.9469422,36.22596,2.266709618,6.04774592
LBR,Liberia,Sub-Saharan Africa,Low income,2002,,,60.7481,,3.182347,3.763017617,14.15964701
LBR,Liberia,Sub-Saharan Africa,Low income,2003,,,58.40119,,4.331192,-30.14513273,10.33028812
LBR,Liberia,Sub-Saharan Africa,Low income,2004,,,52.89291,,5.952179,2.619846895,7.829087049
LBR,Liberia,Sub-Saharan Africa,Low income,2005,,,46.37423,,7.776118,5.281212453,10.83435885
LBR,Liberia,Sub-Saharan Africa,Low income,2006,,,48.45147,,9.171823,8.043909972,7.341446083
LBR,Liberia,Sub-Saharan Africa,Low income,2007,,,50.46382,,10.51736,9.535275363,11.39189668
LBR,Liberia,Sub-Saharan Africa,Low income,2008,,,49.14341,,12.55137,7.145691128,17.48944864
LBR,Liberia,Sub-Saharan Africa,Low income,2009,,,47.33668,,16.65298,5.300540503,7.427643059
LBR,Liberia,Sub-Saharan Africa,Low income,2010,,,50.9207,,18.63853,6.09982524,7.289927969
LBR,Liberia,Sub-Saharan Africa,Low income,2011,,,48.95943,,21.67038,8.200768225,8.488167518
LBR,Liberia,Sub-Saharan Africa,Low income,2012,,,54.9426,,18.77031,7.993814446,6.831787034
LBR,Liberia,Sub-Saharan Africa,Low income,2013,,,61.46859,,20.25052,8.687287816,7.577306817
LBR,Liberia,Sub-Saharan Africa,Low income,2014,,,66.48914,,17.94809,0.7013931,9.861112856
LBR,Liberia,Sub-Saharan Africa,Low income,2015,6.730481,,68.82658,-1.631114,19.5396,-0.01856497,7.748696876
LBR,Liberia,Sub-Saharan Africa,Low income,2016,8.177073,,72.53671,0.8267112,18.24649,-1.554958617,8.834248683
LBR,Liberia,Sub-Saharan Africa,Low income,2017,7.988188,,102.6542,-0.2017838,16.43019,2.45515592,12.41963239
LBR,Liberia,Sub-Saharan Africa,Low income,2018,9.941512,,100.2511,1.698315,17.53307,1.157575122,23.5635149
LBR,Liberia,Sub-Saharan Africa,Low income,2019,9.998554,,88.21487,1.71054,17.20292,-2.467297635,26.96627602
LBR,Liberia,Sub-Saharan Africa,Low income,2020,6.244452,,77.18568,-1.542928,17.91815,-2.982491276,16.95572415
LBR,Liberia,Sub-Saharan Africa,Low income,2021,9.723547,,,3.17064,,4.986712835,7.815593859
LBY,Libya,"Middle East, North Africa, Afghanistan & Pakistan",Upper middle income,2000,24.99412,,61.41293,1.058227,33.2613,3.679270408,-2.9
LBY,Libya,"Middle East, North Africa, Afghanistan & Pakistan",Upper middle income,2001,26.39656,,60.81274,0.674832,32.17885,-1.762838871,-8.813937521
LBY,Libya,"Middle East, North Africa, Afghanistan & Pakistan",Upper middle income,2002,21.68523,,61.05238,0.230178,28.1131,-0.958897333,-9.797647059
LBY,Libya,"Middle East, North Africa, Afghanistan & Pakistan",Upper middle income,2003,26.3632,,53.65419,0.6412521,23.75732,13.01603725,-2.19115192
LBY,Libya,"Middle East, North Africa, Afghanistan & Pakistan",Upper middle income,2004,34.29222,,47.43256,1.142163,21.72754,4.461638996,-2.197567741
LBY,Libya,"Middle East, North Africa, Afghanistan & Pakistan",Upper middle income,2005,35.42133,,38.94853,1.299276,18.89143,11.87075652,2.650205761
LBY,Libya,"Middle East, North Africa, Afghanistan & Pakistan",Upper middle income,2006,31.89885,,34.41887,1.664479,19.01141,6.50052542,1.459268762
LBY,Libya,"Middle East, North Africa, Afghanistan & Pakistan",Upper middle income,2007,30.50729,,25.97701,1.614959,23.76149,6.229982786,6.25098783
LBY,Libya,"Middle East, North Africa, Afghanistan & Pakistan",Upper middle income,2008,28.78234,,23.82039,1.26913,35.84686,-0.162048239,10.3607289
LBY,Libya,"Middle East, North Africa, Afghanistan & Pakistan",Upper middle income,2009,49.03598,,23.88726,1.130227,55.80672,-4.400181763,2.459900256
LBY,Libya,"Middle East, North Africa, Afghanistan & Pakistan",Upper middle income,2010,51.32356,,24.0748,0.8548016,41.8823,5.027247672,2.799895001
LBY,Libya,"Middle East, North Africa, Afghanistan & Pakistan",Upper middle income,2011,66.63377,,21.19494,0.3891597,100.3396,-50.33851514,15.51848153
LBY,Libya,"Middle East, North Africa, Afghanistan & Pakistan",Upper middle income,2012,49.8479,,23.13577,0.949411,46.68648,86.82674844,6.059803922
LBY,Libya,"Middle East, North Africa, Afghanistan & Pakistan",Upper middle income,2013,43.78758,,25.32462,0.7939897,78.58273,-17.99796157,2.605818027
LBY,Libya,"Middle East, North Africa, Afghanistan & Pakistan",Upper middle income,2014,33.48941,,29.533,0.132613,154.3731,-23.04280583,2.432941416
LBY,Libya,"Middle East, North Africa, Afghanistan & Pakistan",Upper middle income,2015,24.39205,,28.85463,0.3254399,210.616,-0.842656252,10.40229336
LBY,Libya,"Middle East, North Africa, Afghanistan & Pakistan",Upper middle income,2016,19.04932,,20.93228,0.3460936,242.0947,-1.490941117,25.85387421
LBY,Libya,"Middle East, North Africa, Afghanistan & Pakistan",Upper middle income,2017,21.22112,,16.56188,0.5297145,174.9085,32.49180219,25.80361848
LBY,Libya,"Middle East, North Africa, Afghanistan & Pakistan",Upper middle income,2018,24.68672,,16.81099,1.035613,120.3822,7.941367853,13.17020385
LBY,Libya,"Middle East, North Africa, Afghanistan & Pakistan",Upper middle income,2019,26.63289,,17.34244,0.693656,118.7975,-11.19608289,-2.162178835
LBY,Libya,"Middle East, North Africa, Afghanistan & Pakistan",Upper middle income,2020,32.0531,,14.72178,0.8084321,295.3071,-29.45529673,1.44703657
LBY,Libya,"Middle East, North Africa, Afghanistan & Pakistan",Upper middle income,2021,,,21.46507,,32.90868,28.29968234,2.868330278
LTU,Lithuania,Europe & Central Asia,High income,2000,6.912165,11.3,77.33964,0.5402824,16.88811,3.418622066,0.981615479
LTU,Lithuania,Europe & Central Asia,High income,2001,6.261259,8.3000002,67.41813,-0.0583118,19.9267,6.484126652,1.367120308
LTU,Lithuania,Europe & Central Asia,High income,2002,7.376592,5.3000002,75.88622,1.046261,21.09506,6.719839451,0.28150661
LTU,Lithuania,Europe & Central Asia,High income,2003,7.348288,2.4000001,100.5646,1.387782,22.42755,10.55189596,-1.13430855
LTU,Lithuania,Europe & Central Asia,High income,2004,6.576754,2.2,104.9045,1.280001,27.29027,6.502035361,1.164102521
LTU,Lithuania,Europe & Central Asia,High income,2005,5.316152,0.60000002,125.1359,0.9713331,32.51266,7.731446758,2.658484841
LTU,Lithuania,Europe & Central Asia,High income,2006,5.515723,1,142.284,1.723469,35.05669,7.395481225,3.739120041
LTU,Lithuania,Europe & Central Asia,High income,2007,5.967435,1,163.7201,2.167963,36.08268,11.07792826,5.737173828
LTU,Lithuania,Europe & Central Asia,High income,2008,6.313632,6.0999999,197.4131,1.246613,31.40056,2.599461546,10.92588562
LTU,Lithuania,Europe & Central Asia,High income,2009,2.035037,24,,-5.16025,,-14.83861179,4.453044565
LTU,Lithuania,Europe & Central Asia,High income,2010,4.874434,23.333772,142.5226,-0.4551776,41.12174,0.427199567,1.319213621
LTU,Lithuania,Europe & Central Asia,High income,2011,7.235579,18.843122,132.7566,1.643563,37.27668,6.323636648,4.130275626
LTU,Lithuania,Europe & Central Asia,High income,2012,7.503041,14.801694,124.6811,1.092157,37.30302,4.382905844,3.089982771
LTU,Lithuania,Europe & Central Asia,High income,2013,8.231067,11.586029,115.0382,1.623144,37.38634,4.046913186,1.047479371
LTU,Lithuania,Europe & Central Asia,High income,2014,7.878546,8.1860501,98.63249,1.120903,41.37905,3.772543796,0.103758009
LTU,Lithuania,Europe & Central Asia,High income,2015,8.752463,4.9495691,95.95621,1.277891,43.30619,2.832806433,-0.884097406
LTU,Lithuania,Europe & Central Asia,High income,2016,7.18599,3.6606462,95.03693,1.37645,44.91916,2.671922151,0.905525075
LTU,Lithuania,Europe & Central Asia,High income,2017,6.807589,3.1770958,92.55262,1.197763,44.2754,4.612243103,3.722888623
LTU,Lithuania,Europe & Central Asia,High income,2018,6.853796,2.2701487,86.7529,1.349327,46.53871,4.918367801,2.697927792
LTU,Lithuania,Europe & Central Asia,High income,2019,6.270332,1.0443855,81.48623,1.344878,47.92276,4.677351835,2.33450938
LTU,Lithuania,Europe & Central Asia,High income,2020,5.52647,0.99147834,62.27651,1.185674,60.44169,0.042815834,1.19989445
LTU,Lithuania,Europe & Central Asia,High income,2021,5.122434,,64.22234,1.003587,59.41521,6.394817729,4.683544209
LUX,Luxembourg,Europe & Central Asia,High income,2000,24.13867,0.5,,0.6629352,,6.938095047,3.15076707
LUX,Luxembourg,Europe & Central Asia,High income,2001,25.92074,0.40000001,23.08524,0.621622,339.8484,3.074275202,2.663821106
LUX,Luxembourg,Europe & Central Asia,High income,2002,29.11919,0.40000001,19.91188,0.6643979,338.9626,3.22528847,2.074086136
LUX,Luxembourg,Europe & Central Asia,High income,2003,29.63142,0.5,19.87555,0.7681877,347.4321,2.619250213,2.049840306
LUX,Luxembourg,Europe & Central Asia,High income,2004,29.4112,0.30000001,18.6243,0.814872,354.3568,4.230678922,2.225679164
LUX,Luxembourg,Europe & Central Asia,High income,2005,30.84502,0.2,17.75668,0.6780291,401.3839,2.482504994,2.487696652
LUX,Luxembourg,Europe & Central Asia,High income,2006,30.74508,0.1,17.82762,0.9637097,419.1479,6.016627397,2.666314946
LUX,Luxembourg,Europe & Central Asia,High income,2007,31.22254,0.40000001,18.77723,0.9529692,454.3368,8.098520981,2.312458618
LUX,Luxembourg,Europe & Central Asia,High income,2008,29.47565,0.60000002,21.88852,0.1018913,462.1295,-0.302272983,3.40187963
LUX,Luxembourg,Europe & Central Asia,High income,2009,34.39798,0.69999999,29.07977,0.4346481,347.2303,-3.238952688,0.368041998
LUX,Luxembourg,Europe & Central Asia,High income,2010,35.6054,0.2472326,26.14411,0.5815102,329.394,3.760405787,2.273679116
LUX,Luxembourg,Europe & Central Asia,High income,2011,34.29649,0.37941649,25.36353,-0.0094266,331.8806,1.044286006,3.410683411
LUX,Luxembourg,Europe & Central Asia,High income,2012,41.28843,0.14558849,27.19327,0.5083002,307.3663,1.649711344,2.662841655
LUX,Luxembourg,Europe & Central Asia,High income,2013,44.26462,0.21316441,26.47625,0.573337,327.3178,3.171685138,1.734039635
LUX,Luxembourg,Europe & Central Asia,High income,2014,38.70667,,24.05363,0.5014369,359.5931,2.623088381,0.628543985
LUX,Luxembourg,Europe & Central Asia,High income,2015,46.61733,,23.71883,0.683605,386.9359,2.268365727,0.474743161
LUX,Luxembourg,Europe & Central Asia,High income,2016,54.32573,0.90484428,25.26301,0.8322576,382.8632,4.978190471,0.290833333
LUX,Luxembourg,Europe & Central Asia,High income,2017,57.44071,0.791205,25.95423,0.6083249,388.9182,1.317119423,1.730799591
LUX,Luxembourg,Europe & Central Asia,High income,2018,53.49949,0.89696633,26.27008,0.5489272,402.6625,1.611298912,1.528195243
LUX,Luxembourg,Europe & Central Asia,High income,2019,55.10573,0.73889754,26.30163,0.6348883,413.207,2.749320919,1.743320757
LUX,Luxembourg,Europe & Central Asia,High income,2020,54.36499,1.028041,24.67016,0.5001937,428.7701,-0.510051634,0.819957302
LUX,Luxembourg,Europe & Central Asia,High income,2021,51.66831,,22.70554,0.6267755,437.1502,6.929732708,2.526920091
MAC,"Macao SAR, China",East Asia & Pacific,High income,2000,36.80785,,47.02803,1.371153,153.0295,5.747145935,-1.60971884
MAC,"Macao SAR, China",East Asia & Pacific,High income,2001,38.09732,,38.97542,1.14474,162.6763,2.888240107,-1.984650086
MAC,"Macao SAR, China",East Asia & Pacific,High income,2002,38.64956,,33.35376,1.207696,163.6406,8.904809049,-2.637516998
MAC,"Macao SAR, China",East Asia & Pacific,High income,2003,39.01148,,29.33529,1.254027,164.3758,11.64335514,-1.562452037
MAC,"Macao SAR, China",East Asia & Pacific,High income,2004,40.65371,,29.42107,0.7869906,138.4068,26.63687423,0.980728452
MAC,"Macao SAR, China",East Asia & Pacific,High income,2005,40.3254,,32.23182,1.186646,136.2046,8.0779493,4.395892843
MAC,"Macao SAR, China",East Asia & Pacific,High income,2006,36.24501,,29.42144,1.859303,139.0646,13.39217119,5.149973378
MAC,"Macao SAR, China",East Asia & Pacific,High income,2007,34.53637,,38.60181,1.751153,122.563,14.48177281,5.571496891
MAC,"Macao SAR, China",East Asia & Pacific,High income,2008,38.52495,,48.46791,1.284209,109.9326,3.392515608,8.611018586
MAC,"Macao SAR, China",East Asia & Pacific,High income,2009,38.77197,,47.77026,1.075284,120.285,1.298379469,1.169066955
MAC,"Macao SAR, China",East Asia & Pacific,High income,2010,37.46931,0.39313005,54.0845,1.017136,105.151,25.10310752,2.809472421
MAC,"Macao SAR, China",East Asia & Pacific,High income,2011,40.18044,0.34471959,56.86969,0.9367654,98.69912,21.62230644,5.806246167
MAC,"Macao SAR, China",East Asia & Pacific,High income,2012,18.66265,0.18725945,54.09826,1.257601,106.4279,9.217474796,6.107389283
MAC,"Macao SAR, China",East Asia & Pacific,High income,2013,17.05116,0.09233531,59.55014,1.003969,105.0252,10.78167116,5.500577792
MAC,"Macao SAR, China",East Asia & Pacific,High income,2014,17.12971,0.11844461,71.20094,1.095363,108.6871,-2.03874228,6.048234521
MAC,"Macao SAR, China",East Asia & Pacific,High income,2015,22.87301,0.11984371,84.50567,1.101588,128.066,-21.75400788,4.56056338
MAC,"Macao SAR, China",East Asia & Pacific,High income,2016,22.864,0.19561868,81.5219,1.117744,143.9604,-0.701510213,2.368957497
MAC,"Macao SAR, China",East Asia & Pacific,High income,2017,23.34351,0.22748698,79.55841,1.066118,142.3718,9.918558445,1.228124041
MAC,"Macao SAR, China",East Asia & Pacific,High income,2018,23.13064,0.217152,79.66371,1.046857,142.3395,6.359170306,3.004462932
MAC,"Macao SAR, China",East Asia & Pacific,High income,2019,22.96726,0.23974335,79.32201,0.9748568,150.6664,-2.460909401,2.751930811
MAC,"Macao SAR, China",East Asia & Pacific,High income,2020,22.18295,0.34755154,80.88323,0.8444992,346.5976,-54.40209258,0.811410511
MAC,"Macao SAR, China",East Asia & Pacific,High income,2021,20.2597,,85.41013,0.7775736,278.8793,22.462202,0.026454365
MDG,Madagascar,Sub-Saharan Africa,Low income,2000,15.84935,8.6000004,62.83599,4.026793,11.70038,4.45685894,11.8596845
MDG,Madagascar,Sub-Saharan Africa,Low income,2001,13.90121,,54.42739,3.65724,12.82343,5.98023577,7.916944845
MDG,Madagascar,Sub-Saharan Africa,Low income,2002,11.19974,,49.06787,1.448379,13.56995,-12.40797111,16.49852553
MDG,Madagascar,Sub-Saharan Africa,Low income,2003,14.51835,,55.45069,3.817373,13.59527,9.784892125,-1.704004796
MDG,Madagascar,Sub-Saharan Africa,Low income,2004,13.61521,,58.37661,3.986836,14.74438,5.257003622,13.9558018
MDG,Madagascar,Sub-Saharan Africa,Low income,2005,16.65616,,69.60565,5.333755,12.20539,4.755845095,18.36382465
MDG,Madagascar,Sub-Saharan Africa,Low income,2006,17.5731,,64.26833,5.722195,13.52899,5.398508449,10.76563716
MDG,Madagascar,Sub-Saharan Africa,Low income,2007,16.09652,,61.95096,4.956739,14.12424,5.710564199,10.28796632
MDG,Madagascar,Sub-Saharan Africa,Low income,2008,14.38456,,69.96888,3.629282,14.01212,6.712632539,9.296508394
MDG,Madagascar,Sub-Saharan Africa,Low income,2009,12.58847,,66.65987,2.19411,15.35965,-3.978708612,8.954218024
MDG,Madagascar,Sub-Saharan Africa,Low income,2010,12.91804,9.6209689,68.71306,1.538866,14.88391,0.619239745,9.247321736
MDG,Madagascar,Sub-Saharan Africa,Low income,2011,14.0358,10.693575,62.70418,3.000591,15.03958,1.578427054,9.482540486
MDG,Madagascar,Sub-Saharan Africa,Low income,2012,13.12575,11.125741,62.57171,2.359408,15.08233,3.011148116,5.713844342
MDG,Madagascar,Sub-Saharan Africa,Low income,2013,15.21086,11.625851,70.35332,3.045084,14.47769,2.300376228,5.826429445
MDG,Madagascar,Sub-Saharan Africa,Low income,2014,16.85603,10.119648,75.36632,3.894521,14.56284,3.339203112,6.080408111
MDG,Madagascar,Sub-Saharan Africa,Low income,2015,18.53925,9.0069564,75.29464,4.461597,15.23206,3.132298075,7.404191742
MDG,Madagascar,Sub-Saharan Africa,Low income,2016,16.61008,8.3638932,69.33392,3.952328,15.94467,3.993146062,6.035758582
MDG,Madagascar,Sub-Saharan Africa,Low income,2017,16.45541,7.6726212,70.79044,4.324442,17.84226,3.933307595,8.609050754
MDG,Madagascar,Sub-Saharan Africa,Low income,2018,16.66277,7.2696922,73.80708,4.353096,17.24345,3.194356517,8.594229589
MDG,Madagascar,Sub-Saharan Africa,Low income,2019,15.92543,7.2064714,78.54736,4.156359,17.37362,4.411232129,5.610514415
MDG,Madagascar,Sub-Saharan Africa,Low income,2020,14.06469,7.6304921,78.86115,3.201811,19.78046,-7.137671621,4.201793122
MDG,Madagascar,Sub-Saharan Africa,Low income,2021,,,86.94474,,20.05327,4.650683432,5.812251188
MWI,Malawi,Sub-Saharan Africa,Low income,2000,14.71622,,40.474,7.122671,5.67067,1.576077626,29.58148846
MWI,Malawi,Sub-Saharan Africa,Low income,2001,14.76221,,34.86765,6.661744,6.136481,-4.974963619,22.7
MWI,Malawi,Sub-Saharan Africa,Low income,2002,15.67429,,33.40432,6.348408,5.840311,1.700000031,14.74463461
MWI,Malawi,Sub-Saharan Africa,Low income,2003,16.94797,,35.06413,8.08065,6.354048,5.705639405,9.576797869
MWI,Malawi,Sub-Saharan Africa,Low income,2004,15.01901,,39.27831,5.809952,6.651844,5.42049755,11.42980608
MWI,Malawi,Sub-Saharan Africa,Low income,2005,14.84861,,41.62448,5.32378,6.897953,3.268726023,15.41034466
MWI,Malawi,Sub-Saharan Africa,Low income,2006,16.18094,,58.55164,7.499361,6.189285,4.699999764,13.97429435
MWI,Malawi,Sub-Saharan Africa,Low income,2007,17.6015,,52.07073,8.822132,7.472087,9.599999877,7.952209909
MWI,Malawi,Sub-Saharan Africa,Low income,2008,18.41408,,59.57531,8.402564,10.86466,7.639736399,8.712601866
MWI,Malawi,Sub-Saharan Africa,Low income,2009,18.97351,,64.8589,7.99569,11.90823,8.328109852,8.422044277
MWI,Malawi,Sub-Saharan Africa,Low income,2010,18.39302,,72.0441,6.75973,13.63359,6.874065854,7.411590929
MWI,Malawi,Sub-Saharan Africa,Low income,2011,17.56169,,64.14963,6.761364,15.42515,4.932669998,7.622822628
MWI,Malawi,Sub-Saharan Africa,Low income,2012,16.93449,,66.11107,7.300181,15.65701,1.900000001,21.271265
MWI,Malawi,Sub-Saharan Africa,Low income,2013,18.55195,,56.15847,9.822045,15.74917,5.410349998,27.28333333
MWI,Malawi,Sub-Saharan Africa,Low income,2014,21.38731,,56.56635,9.609413,14.31802,5.625270001,23.79206495
MWI,Malawi,Sub-Saharan Africa,Low income,2015,17.33309,7.2717117,58.41151,6.160577,14.83785,2.8,21.86734755
MWI,Malawi,Sub-Saharan Africa,Low income,2016,16.3916,10.29958,54.34929,5.156635,13.53119,2.499999999,21.71111321
MWI,Malawi,Sub-Saharan Africa,Low income,2017,15.36753,8.5543332,,4.178349,,4.000000001,11.54339392
MWI,Malawi,Sub-Saharan Africa,Low income,2018,15.4544,2.8284353,,4.237049,,4.353564716,12.42017811
MWI,Malawi,Sub-Saharan Africa,Low income,2019,16.12405,5.0630775,,5.052553,,5.716825192,9.370836056
MWI,Malawi,Sub-Saharan Africa,Low income,2020,16.98583,5.425447,,6.235968,,0.79359643,8.625514697
MWI,Malawi,Sub-Saharan Africa,Low income,2021,14.50642,,,4.562049,,4.55829212,9.330144108
MYS,Malaysia,East Asia & Pacific,Upper middle income,2000,16.62093,15.4,112.2977,0.8198808,112.8513,8.85886817,1.534740237
MYS,Malaysia,East Asia & Pacific,Upper middle income,2001,14.46746,17.799999,100.9292,1.204314,126.0609,0.517675319,1.416784732
MYS,Malaysia,East Asia & Pacific,Upper middle income,2002,14.90391,15.9,101.2233,1.472142,119.8852,5.390988307,1.807872463
MYS,Malaysia,East Asia & Pacific,Upper middle income,2003,14.67114,13.9,98.81043,1.584584,120.0191,5.788499286,1.089676326
MYS,Malaysia,East Asia & Pacific,Upper middle income,2004,16.71206,11.7,94.84209,2.523597,117.6996,6.783437724,1.421271159
MYS,Malaysia,East Asia & Pacific,Upper middle income,2005,15.79909,9.3999996,97.36262,1.475725,109.1722,5.332139161,2.975070927
MYS,Malaysia,East Asia & Pacific,Upper middle income,2006,13.55801,8.5,92.87351,0.613744,111.4303,5.584847067,3.609235642
MYS,Malaysia,East Asia & Pacific,Upper middle income,2007,13.62471,6.5,90.64994,0.8172782,111.8813,6.298785927,2.027353178
MYS,Malaysia,East Asia & Pacific,Upper middle income,2008,14.55326,4.8000002,89.58011,0.5645542,107.8416,4.831769889,5.440782211
MYS,Malaysia,East Asia & Pacific,Upper middle income,2009,14.5398,3.5999999,86.76668,0.9414785,128.4448,-1.513528716,0.583308406
MYS,Malaysia,East Asia & Pacific,Upper middle income,2010,15.13594,3.3540267,89.1182,1.39982,120.1073,7.424847383,1.622852356
MYS,Malaysia,East Asia & Pacific,Upper middle income,2011,20.73016,2.6813903,86.96878,3.559997,124.5906,5.293912834,3.174470922
MYS,Malaysia,East Asia & Pacific,Upper middle income,2012,19.24909,2.0158431,89.19823,2.120816,127.8656,5.473454193,1.663571025
MYS,Malaysia,East Asia & Pacific,Upper middle income,2013,19.0734,1.8491466,91.38457,1.808207,131.0874,4.693722526,2.105012312
MYS,Malaysia,East Asia & Pacific,Upper middle income,2014,19.77577,1.6457855,94.17793,1.674442,127.98,6.006721946,3.142990509
MYS,Malaysia,East Asia & Pacific,Upper middle income,2015,16.5578,1.6068283,98.94976,1.223453,124.3711,5.091532422,2.104389802
MYS,Malaysia,East Asia & Pacific,Upper middle income,2016,18.00918,1.6142683,101.8336,1.291856,119.7394,4.449781398,2.090566595
MYS,Malaysia,East Asia & Pacific,Upper middle income,2017,19.69873,1.5491872,103.3141,1.543745,113.3701,5.81272241,3.871201158
MYS,Malaysia,East Asia & Pacific,Upper middle income,2018,20.40258,1.468191,104.0366,1.511395,115.6057,4.843086976,0.884709161
MYS,Malaysia,East Asia & Pacific,Upper middle income,2019,21.13619,1.5161209,105.982,1.447128,114.0213,4.413187421,0.662891866
MYS,Malaysia,East Asia & Pacific,Upper middle income,2020,20.40033,1.5671267,106.0901,0.9174353,126.4027,-5.456846584,-1.138702154
MYS,Malaysia,East Asia & Pacific,Upper middle income,2021,20.71885,,104.0908,1.212864,122.5862,3.315349544,2.477102415
MDV,Maldives,South Asia,Upper middle income,2000,,,60.4808,,31.65961,3.845810408,-1.174756812
MDV,Maldives,South Asia,Upper middle income,2001,,,68.16076,,25.16928,-3.943634523,0.67257737
MDV,Maldives,South Asia,Upper middle income,2002,,,63.51228,,28.89561,7.268386561,4.178672399
MDV,Maldives,South Asia,Upper middle income,2003,,,58.81248,,28.4184,13.75004964,-1.260651135
MDV,Maldives,South Asia,Upper middle income,2004,,,69.2674,,32.61611,5.924892511,-1.685412125
MDV,Maldives,South Asia,Upper middle income,2005,,,95.59154,,38.5012,-11.17730971,1.300275009
MDV,Maldives,South Asia,Upper middle income,2006,,,117.9921,,34.43283,23.63027199,2.738421316
MDV,Maldives,South Asia,Upper middle income,2007,,,139.3489,,36.66777,7.133380247,6.794773539
MDV,Maldives,South Asia,Upper middle income,2008,,,151.2204,,36.95187,8.97645459,12.04145835
MDV,Maldives,South Asia,Upper middle income,2009,,,126.6389,,40.90046,-8.340698616,4.530176591
MDV,Maldives,South Asia,Upper middle income,2010,,,106.1712,,43.17224,6.785467823,6.149885368
MDV,Maldives,South Asia,Upper middle income,2011,,,93.82671,,42.31988,8.843426005,11.27341461
MDV,Maldives,South Asia,Upper middle income,2012,,20.924697,81.06932,,40.32923,2.38928798,10.88469566
MDV,Maldives,South Asia,Upper middle income,2013,,17.567835,70.09143,,41.2243,6.974962264,3.805630009
MDV,Maldives,South Asia,Upper middle income,2014,,17.476878,61.36905,,43.10711,7.860686431,2.120001757
MDV,Maldives,South Asia,Upper middle income,2015,,14.058106,60.61098,,43.92109,3.868135365,0.953206659
MDV,Maldives,South Asia,Upper middle income,2016,18.85819,10.630476,66.96484,,41.22009,6.375283067,0.502509414
MDV,Maldives,South Asia,Upper middle income,2017,18.73351,10.454729,71.19537,5.821291,39.77084,7.074428632,2.817473382
MDV,Maldives,South Asia,Upper middle income,2018,19.15519,8.8962478,76.80003,6.670602,36.8093,8.568955583,-0.133373386
MDV,Maldives,South Asia,Upper middle income,2019,18.9871,9.3916101,74.51615,5.376828,38.30955,6.923059891,0.220029731
MDV,Maldives,South Asia,Upper middle income,2020,14.79171,8.2773701,71.48657,1.590019,65.95155,-32.90882878,-1.369774256
MDV,Maldives,South Asia,Upper middle income,2021,,,57.68155,,65.38271,37.50787012,0.543149689
MLI,Mali,Sub-Saharan Africa,Low income,2000,13.76883,,109.2092,0.0645113,12.34787,-0.736019992,-0.677661659
MLI,Mali,Sub-Saharan Africa,Low income,2001,18.24378,,111.1768,2.201257,12.11637,15.80603174,5.187011919
MLI,Mali,Sub-Saharan Africa,Low income,2002,19.17532,,108.7265,1.623917,13.95977,3.036275407,5.032822757
MLI,Mali,Sub-Saharan Africa,Low income,2003,18.25192,,108.4131,1.520141,16.26792,9.797122561,-1.34672619
MLI,Mali,Sub-Saharan Africa,Low income,2004,17.9455,,104.9362,1.358577,17.0769,1.477324903,-3.099781281
MLI,Mali,Sub-Saharan Africa,Low income,2005,15.83616,,97.24281,0.0814807,15.02808,2.538378349,6.397882939
MLI,Mali,Sub-Saharan Africa,Low income,2006,18.24539,,101.7037,2.071403,15.66705,3.689602653,1.543525969
MLI,Mali,Sub-Saharan Africa,Low income,2007,19.97883,,93.01657,1.994847,17.01501,1.760046079,1.412002017
MLI,Mali,Sub-Saharan Africa,Low income,2008,18.45459,,98.6059,2.67258,15.58817,3.638710709,9.170988137
MLI,Mali,Sub-Saharan Africa,Low income,2009,14.63653,,88.18312,1.420912,17.4712,5.454735627,2.463751886
MLI,Mali,Sub-Saharan Africa,Low income,2010,16.33547,,86.51839,1.584365,18.38775,5.576788598,1.108926907
MLI,Mali,Sub-Saharan Africa,Low income,2011,15.23003,,98.11819,2.405372,17.46338,2.935378971,2.955643952
MLI,Mali,Sub-Saharan Africa,Low income,2012,19.01946,,91.72414,1.531685,18.86505,-1.072399241,5.323128471
MLI,Mali,Sub-Saharan Africa,Low income,2013,16.00088,,94.40454,2.126584,19.9452,3.290687421,-0.606736356
MLI,Mali,Sub-Saharan Africa,Low income,2014,12.17493,,95.42754,1.693027,21.47984,6.502638784,0.883814547
MLI,Mali,Sub-Saharan Africa,Low income,2015,13.5586,,95.89211,1.161977,23.5208,6.238878902,1.450690576
MLI,Mali,Sub-Saharan Africa,Low income,2016,13.93234,,117.9302,1.440351,22.35688,6.005063086,-1.799647071
MLI,Mali,Sub-Saharan Africa,Low income,2017,13.06048,,118.8906,1.058645,21.77793,5.375547696,1.759857429
MLI,Mali,Sub-Saharan Africa,Low income,2018,14.88264,,108.3878,1.535025,23.55886,4.867849999,0.299546507
MLI,Mali,Sub-Saharan Africa,Low income,2019,14.01081,,104.9783,1.046422,23.28216,4.999999117,-1.658266948
MLI,Mali,Sub-Saharan Africa,Low income,2020,12.82675,,96.56625,1.177631,27.05879,-1.169108349,0.43808894
MLI,Mali,Sub-Saharan Africa,Low income,2021,,,93.16011,,30.5753,3.100941245,3.925602831
MLT,Malta,"Middle East, North Africa, Afghanistan & Pakistan",High income,2000,18.14401,,85.22176,1.497151,119.9431,19.68126935,2.369592875
MLT,Malta,"Middle East, North Africa, Afghanistan & Pakistan",High income,2001,17.53679,,84.71908,1.084934,126.7915,-0.757203652,2.929492443
MLT,Malta,"Middle East, North Africa, Afghanistan & Pakistan",High income,2002,17.00887,,77.52348,1.025908,134.109,2.741135034,2.188490481
MLT,Malta,"Middle East, North Africa, Afghanistan & Pakistan",High income,2003,31.44428,,71.74851,1.517809,129.1696,3.693310663,1.303837774
MLT,Malta,"Middle East, North Africa, Afghanistan & Pakistan",High income,2004,28.02992,6.5,76.14475,1.596537,128.8506,0.407354424,2.790828481
MLT,Malta,"Middle East, North Africa, Afghanistan & Pakistan",High income,2005,27.94771,7.4000001,84.36935,1.97122,115.3177,2.881236524,3.007966525
MLT,Malta,"Middle East, North Africa, Afghanistan & Pakistan",High income,2006,34.52384,5.9000001,90.11683,1.894807,118.0101,2.336188703,2.773780065
MLT,Malta,"Middle East, North Africa, Afghanistan & Pakistan",High income,2007,24.46074,5.9000001,81.96066,1.571319,132.1591,5.03640178,1.249219238
MLT,Malta,"Middle East, North Africa, Afghanistan & Pakistan",High income,2008,17.49671,5.5,88.34882,-0.2906041,130.0531,4.410596898,4.258621719
MLT,Malta,"Middle East, North Africa, Afghanistan & Pakistan",High income,2009,25.58214,5.8000002,94.13427,2.028955,129.6278,-1.395249561,2.084327461
MLT,Malta,"Middle East, North Africa, Afghanistan & Pakistan",High income,2010,24.20641,7.015466,93.59926,1.463603,123.6094,6.197349787,1.515635136
MLT,Malta,"Middle East, North Africa, Afghanistan & Pakistan",High income,2011,23.10364,7.088721,95.59438,0.9897324,124.1515,0.992201768,2.962985282
MLT,Malta,"Middle East, North Africa, Afghanistan & Pakistan",High income,2012,26.66566,7.7519804,89.55708,1.825258,123.0677,4.101674603,2.375820578
MLT,Malta,"Middle East, North Africa, Afghanistan & Pakistan",High income,2013,26.27657,8.9479479,82.34755,1.515256,124.0078,6.292333781,1.180284364
MLT,Malta,"Middle East, North Africa, Afghanistan & Pakistan",High income,2014,19.47697,8.8297769,65.77827,1.142368,146.7725,7.631362823,0.310306472
MLT,Malta,"Middle East, North Africa, Afghanistan & Pakistan",High income,2015,18.29171,7.0979511,58.58125,0.9789536,145.4323,9.620703028,1.100548264
MLT,Malta,"Middle East, North Africa, Afghanistan & Pakistan",High income,2016,18.69421,5.2946919,55.63021,1.272003,146.8404,4.078004222,0.642702772
MLT,Malta,"Middle East, North Africa, Afghanistan & Pakistan",High income,2017,20.53146,4.0699502,53.86152,1.253274,138.056,12.97134253,1.364354482
MLT,Malta,"Middle East, North Africa, Afghanistan & Pakistan",High income,2018,19.53803,3.3552893,104.7834,0.6888666,69.14959,7.189214255,1.157823625
MLT,Malta,"Middle East, North Africa, Afghanistan & Pakistan",High income,2019,20.78991,3.208181,117.0465,0.8604735,61.13752,4.085055731,1.642060018
MLT,Malta,"Middle East, North Africa, Afghanistan & Pakistan",High income,2020,19.10613,3.6629304,55.70834,0.2364565,147.221,-3.457282325,0.638544957
MLT,Malta,"Middle East, North Africa, Afghanistan & Pakistan",High income,2021,18.40884,,54.8913,0.5322224,140.6088,13.35098189,1.497892179
MRT,Mauritania,Sub-Saharan Africa,Lower middle income,2001,26.25073,,,2.376062,,-0.799493816,4.714896347
MRT,Mauritania,Sub-Saharan Africa,Lower middle income,2002,29.42013,,,2.689908,,1.381483962,3.895705258
MRT,Mauritania,Sub-Saharan Africa,Lower middle income,2003,26.60973,,,2.886127,,6.928269551,5.151901508
MRT,Mauritania,Sub-Saharan Africa,Lower middle income,2004,26.81993,,,2.579237,,4.732757925,10.36762335
MRT,Mauritania,Sub-Saharan Africa,Lower middle income,2005,26.60758,,133.6848,2.327714,134.264,8.566287249,12.12564872
MRT,Mauritania,Sub-Saharan Africa,Lower middle income,2006,34.58091,,136.2712,2.204856,105.8967,18.33319876,6.241033281
MRT,Mauritania,Sub-Saharan Africa,Lower middle income,2007,38.68299,,126.7762,2.082207,126.9133,-1.969422752,7.254108413
MRT,Mauritania,Sub-Saharan Africa,Lower middle income,2008,24.69516,,130.9451,0.3430934,137.595,-0.331079195,7.346635412
MRT,Mauritania,Sub-Saharan Africa,Lower middle income,2009,22.23899,,119.1841,1.043577,157.5577,0.097875872,2.220920324
MRT,Mauritania,Sub-Saharan Africa,Lower middle income,2010,26.75399,45.299999,121.9541,1.214921,142.1863,2.620229521,6.283540874
MRT,Mauritania,Sub-Saharan Africa,Lower middle income,2011,24.89534,39.200001,110.0734,1.146388,143.6929,4.172783283,5.686319596
MRT,Mauritania,Sub-Saharan Africa,Lower middle income,2012,21.61819,25.700001,115.0511,1.101202,149.3922,4.470013182,4.902427272
MRT,Mauritania,Sub-Saharan Africa,Lower middle income,2013,25.43288,20.4,113.7025,1.276665,15.95277,4.150813186,4.129101738
MRT,Mauritania,Sub-Saharan Africa,Lower middle income,2014,23.91242,23.9,97.70147,1.087231,19.73926,4.274823271,3.534368561
MRT,Mauritania,Sub-Saharan Africa,Lower middle income,2015,24.95151,27.6,104.8313,1.0588,19.91569,5.376339237,3.254726881
MRT,Mauritania,Sub-Saharan Africa,Lower middle income,2016,21.39767,,104.8997,0.648312,19.16906,1.260909224,1.471710457
MRT,Mauritania,Sub-Saharan Africa,Lower middle income,2017,20.30035,,97.70807,0.2185047,21.3845,6.270545694,2.254276519
MRT,Mauritania,Sub-Saharan Africa,Lower middle income,2018,24.45073,,101.458,-0.0088757,21.93735,4.772173639,3.067359961
MRT,Mauritania,Sub-Saharan Africa,Lower middle income,2019,21.98047,,103.2254,0.2682531,21.9014,3.141004893,2.300092621
MRT,Mauritania,Sub-Saharan Africa,Lower middle income,2020,23.53199,,,0.623077,,-0.360657387,2.385694885
MUS,Mauritius,Sub-Saharan Africa,Upper middle income,2000,28.60228,,77.88235,3.714393,69.47917,8.202791749,4.199288256
MUS,Mauritius,Sub-Saharan Africa,Upper middle income,2001,23.22253,,77.55208,3.574149,70.20845,3.347540727,5.389344262
MUS,Mauritius,Sub-Saharan Africa,Upper middle income,2002,18.60584,,75.35744,3.444741,73.32442,1.614918659,6.419333722
MUS,Mauritius,Sub-Saharan Africa,Upper middle income,2003,24.34273,,83.40204,2.587126,81.06101,5.925445489,3.921053576
MUS,Mauritius,Sub-Saharan Africa,Upper middle income,2004,22.62195,,78.51953,1.981817,86.40851,4.330019855,4.710370601
MUS,Mauritius,Sub-Saharan Africa,Upper middle income,2005,20.47689,,79.61195,2.088753,87.58006,1.77754302,4.93717005
MUS,Mauritius,Sub-Saharan Africa,Upper middle income,2006,19.35397,3,79.41616,1.840781,86.38333,4.865544608,8.913501057
MUS,Mauritius,Sub-Saharan Africa,Upper middle income,2007,12.69913,2.5,81.93373,1.998768,87.479,5.763802195,8.827292724
MUS,Mauritius,Sub-Saharan Africa,Upper middle income,2008,16.88337,2,90.62139,3.281347,90.22382,5.463056504,9.732283171
MUS,Mauritius,Sub-Saharan Africa,Upper middle income,2009,14.22788,3.3,88.87672,1.634748,90.06367,3.363520906,2.516091281
MUS,Mauritius,Sub-Saharan Africa,Upper middle income,2010,17.50082,2.7649823,93.88265,2.538124,90.83448,4.396726572,2.932363014
MUS,Mauritius,Sub-Saharan Africa,Upper middle income,2011,17.67597,2.8075771,99.32919,2.288703,89.86082,4.145552626,6.522492549
MUS,Mauritius,Sub-Saharan Africa,Upper middle income,2012,17.53375,3.637079,107.8137,1.345228,91.63897,3.510620902,3.852160333
MUS,Mauritius,Sub-Saharan Africa,Upper middle income,2013,17.24109,4.1503724,116.7647,1.760547,91.00375,3.397550852,3.543295739
MUS,Mauritius,Sub-Saharan Africa,Upper middle income,2014,15.97996,4.9197506,104.9956,1.183968,94.03471,3.857739053,3.21769192
MUS,Mauritius,Sub-Saharan Africa,Upper middle income,2015,17.02521,7.1953208,103.7718,1.064537,98.94362,3.717663621,1.286549708
MUS,Mauritius,Sub-Saharan Africa,Upper middle income,2016,16.75397,7.7566016,94.69202,1.285611,101.6326,3.885761211,0.977675135
MUS,Mauritius,Sub-Saharan Africa,Upper middle income,2017,17.02202,7.0294704,96.96654,1.848247,105.5446,3.95441731,3.666997027
MUS,Mauritius,Sub-Saharan Africa,Upper middle income,2018,17.68518,6.5213044,75.10789,2.075948,104.1506,4.116693695,3.216053831
MUS,Mauritius,Sub-Saharan Africa,Upper middle income,2019,16.01738,4.9403213,74.08279,1.48769,108.2892,2.863949387,0.40565519
MUS,Mauritius,Sub-Saharan Africa,Upper middle income,2020,14.39066,6.2057092,67.47547,0.5088359,142.1062,-14.19743581,2.580800772
MUS,Mauritius,Sub-Saharan Africa,Upper middle income,2021,10.95238,,61.9896,1.116919,143.4849,3.338090841,4.028528882
MEX,Mexico,Latin America & Caribbean,Upper middle income,2000,18.50949,5.8000002,72.9461,1.344545,19.31949,5.029283994,9.491561494
MEX,Mexico,Latin America & Caribbean,Upper middle income,2001,18.64912,5.0999999,56.99442,1.102623,20.36242,-0.450845253,6.367738062
MEX,Mexico,Latin America & Caribbean,Upper middle income,2002,19.82157,3.7,66.22569,0.8257961,19.90175,-0.236588002,5.030727332
MEX,Mexico,Latin America & Caribbean,Upper middle income,2003,19.10874,3.2,64.22871,1.283443,20.87461,1.185544867,4.546900121
MEX,Mexico,Latin America & Caribbean,Upper middle income,2004,20.93291,2.5,61.86447,2.21511,20.66711,3.565441026,4.688408848
MEX,Mexico,Latin America & Caribbean,Upper middle income,2005,22.88895,1.5,66.42897,0.2669101,20.93549,2.113247115,3.988057146
MEX,Mexico,Latin America & Caribbean,Upper middle income,2006,26.17932,1.8,78.75119,2.33605,20.7747,4.805013517,3.629467624
MEX,Mexico,Latin America & Caribbean,Upper middle income,2007,24.99971,2.3,81.25861,1.006807,21.95223,2.07786394,3.966849055
MEX,Mexico,Latin America & Caribbean,Upper middle income,2008,19.16679,3,75.9095,0.7040572,22.27879,0.943331873,5.124982746
MEX,Mexico,Latin America & Caribbean,Upper middle income,2009,21.58398,2.8,71.28079,0.7013814,25.31448,-6.295250567,5.297355842
MEX,Mexico,Latin America & Caribbean,Upper middle income,2010,15.17652,2.0432868,70.42429,0.8022155,26.03177,4.971334583,4.156727227
MEX,Mexico,Latin America & Caribbean,Upper middle income,2011,14.61256,2.1157234,74.42091,1.008188,26.08117,3.444045053,3.407378246
MEX,Mexico,Latin America & Caribbean,Upper middle income,2012,14.99272,2.444161,74.71163,0.9745536,26.65409,3.55321076,4.111509811
MEX,Mexico,Latin America & Caribbean,Upper middle income,2013,19.81271,3.2431985,79.11685,0.6905532,28.0555,0.85210155,3.806390697
MEX,Mexico,Latin America & Caribbean,Upper middle income,2014,18.84009,3.0367384,75.36167,0.9959756,29.08953,2.503763508,4.018616081
MEX,Mexico,Latin America & Caribbean,Upper middle income,2015,22.39428,2.5232119,78.6405,1.473231,30.34606,2.70232343,2.72064065
MEX,Mexico,Latin America & Caribbean,Upper middle income,2016,19.35907,2.0874783,83.15489,1.504262,31.15693,1.772493225,2.821707847
MEX,Mexico,Latin America & Caribbean,Upper middle income,2017,21.13066,2.0898729,84.32839,2.102521,31.87342,1.871728546,6.04145724
MEX,Mexico,Latin America & Caribbean,Upper middle income,2018,21.71797,2.050854,85.82325,2.237431,31.22583,1.972082111,4.899350154
MEX,Mexico,Latin America & Caribbean,Upper middle income,2019,22.35756,2.0904559,88.37867,2.296899,32.28854,-0.392690513,3.635961421
MEX,Mexico,Latin America & Caribbean,Upper middle income,2020,20.47244,2.4291992,78.73568,1.336158,36.38177,-8.354034594,3.396834156
MEX,Mexico,Latin America & Caribbean,Upper middle income,2021,23.75342,,76.24711,2.101538,34.99678,6.048483472,5.689208477
FSM,"Micronesia, Fed. Sts.",East Asia & Pacific,Upper middle income,2000,,,65.8242,,46.62109,4.624545465,2.158518106
FSM,"Micronesia, Fed. Sts.",East Asia & Pacific,Upper middle income,2001,,,60.65157,,47.82573,1.820163516,0.502497351
FSM,"Micronesia, Fed. Sts.",East Asia & Pacific,Upper middle income,2002,,,49.829,,41.84041,0.443219953,-0.111442426
FSM,"Micronesia, Fed. Sts.",East Asia & Pacific,Upper middle income,2003,,,41.00632,,39.79747,1.762756299,0.126643348
FSM,"Micronesia, Fed. Sts.",East Asia & Pacific,Upper middle income,2004,,,44.23408,,40.63614,-3.19037831,2.276696982
FSM,"Micronesia, Fed. Sts.",East Asia & Pacific,Upper middle income,2005,,,49.87397,,39.62525,2.743462735,4.257699782
FSM,"Micronesia, Fed. Sts.",East Asia & Pacific,Upper middle income,2006,,,57.73666,,35.81657,-0.41322314,4.637370086
FSM,"Micronesia, Fed. Sts.",East Asia & Pacific,Upper middle income,2007,,,56.79106,,36.97079,-1.659751037,3.30634278
FSM,"Micronesia, Fed. Sts.",East Asia & Pacific,Upper middle income,2008,,,53.34476,,37.24971,-2.53164557,8.423725662
FSM,"Micronesia, Fed. Sts.",East Asia & Pacific,Upper middle income,2009,,,51.8629,,40.65715,1.298701299,6.393602577
FSM,"Micronesia, Fed. Sts.",East Asia & Pacific,Upper middle income,2010,,,53.68122,,38.35938,1.709401709,3.313709631
FSM,"Micronesia, Fed. Sts.",East Asia & Pacific,Upper middle income,2011,,,51.27341,,38.02859,3.781512605,5.082594039
FSM,"Micronesia, Fed. Sts.",East Asia & Pacific,Upper middle income,2012,,,46.93673,,41.20019,-1.619433198,5.01850353
FSM,"Micronesia, Fed. Sts.",East Asia & Pacific,Upper middle income,2013,,,42.76316,,45.95681,-3.703703704,1.752327374
FSM,"Micronesia, Fed. Sts.",East Asia & Pacific,Upper middle income,2014,,,34.7669,,60.8788,-2.564102564,0.650284892
FSM,"Micronesia, Fed. Sts.",East Asia & Pacific,Upper middle income,2015,,,40.53054,,56.32638,4.385964912,-0.298115837
FSM,"Micronesia, Fed. Sts.",East Asia & Pacific,Upper middle income,2016,,,34.56332,,65.47186,1.260504202,-1.037468064
FSM,"Micronesia, Fed. Sts.",East Asia & Pacific,Upper middle income,2017,,,34.64215,,65.70193,2.074688797,0.582253735
FSM,"Micronesia, Fed. Sts.",East Asia & Pacific,Upper middle income,2018,,,32.31269,,61.34461,0.406504065,1.498400236
FSM,"Micronesia, Fed. Sts.",East Asia & Pacific,Upper middle income,2019,,,36.17787,,59.90834,3.643724696,1.923851708
FSM,"Micronesia, Fed. Sts.",East Asia & Pacific,Upper middle income,2020,,,31.2996,,69.90993,-2.05703125,0.554594631
MDA,Moldova,Europe & Central Asia,Upper middle income,2000,13.22522,20.6,96.35152,7.29906,13.12144,2.107716082,31.29930158
MDA,Moldova,Europe & Central Asia,Upper middle income,2001,15.8484,,94.89729,7.523419,15.5121,6.100000399,9.764662858
MDA,Moldova,Europe & Central Asia,Upper middle income,2002,12.47673,8,91.01172,5.823937,18.83916,7.799999658,5.301243903
MDA,Moldova,Europe & Central Asia,Upper middle income,2003,10.98403,6.4000001,96.93922,5.620849,20.93504,6.599999958,11.74607921
MDA,Moldova,Europe & Central Asia,Upper middle income,2004,11.07055,6.9000001,84.22317,5.658659,25.18655,7.399999734,12.52427684
MDA,Moldova,Europe & Central Asia,Upper middle income,2005,9.599434,5.3000002,78.95802,4.019874,29.89067,7.500000149,11.95918372
MDA,Moldova,Europe & Central Asia,Upper middle income,2006,10.12451,4.4000001,85.40353,4.4143,32.16842,4.799999837,12.77775578
MDA,Moldova,Europe & Central Asia,Upper middle income,2007,10.82438,3.7,95.279,4.97374,38.67115,3.000000226,12.36716684
MDA,Moldova,Europe & Central Asia,Upper middle income,2008,10.93365,5.1999998,95.22989,4.04354,38.27249,7.800000145,12.78304726
MDA,Moldova,Europe & Central Asia,Upper middle income,2009,9.011445,16.4,91.26315,0.1350966,39.43613,-6.000000264,-0.062718597
MDA,Moldova,Europe & Central Asia,Upper middle income,2010,9.576328,13.327322,88.96864,1.217227,31.33501,7.100000107,7.483850864
MDA,Moldova,Europe & Central Asia,Upper middle income,2011,10.30095,10.660064,91.95281,2.260651,30.59042,5.818166147,7.687251034
MDA,Moldova,Europe & Central Asia,Upper middle income,2012,8.629447,14.499594,92.33324,1.070672,34.49649,-0.589733955,4.546334274
MDA,Moldova,Europe & Central Asia,Upper middle income,2013,8.458534,11.577375,88.61502,1.725859,37.83696,9.043865607,4.597878974
MDA,Moldova,Europe & Central Asia,Upper middle income,2014,6.707672,11.728964,78.89389,1.013619,36.30717,4.999625854,5.088785546
MDA,Moldova,Europe & Central Asia,Upper middle income,2015,8.596913,9.9471425,81.00703,0.807421,33.27191,-0.338235622,9.676240331
MDA,Moldova,Europe & Central Asia,Upper middle income,2016,9.396053,16.405152,67.80034,2.32114,33.10221,4.646014363,6.35930898
MDA,Moldova,Europe & Central Asia,Upper middle income,2017,9.310052,18.377209,60.64857,2.399621,32.42559,4.175612051,6.570229975
MDA,Moldova,Europe & Central Asia,Upper middle income,2018,9.097478,12.491704,59.36706,2.021281,32.21372,4.075595466,3.045053973
MDA,Moldova,Europe & Central Asia,Upper middle income,2019,9.961493,8.491076,62.19666,2.905833,31.8273,3.552314085,4.837783514
MDA,Moldova,Europe & Central Asia,Upper middle income,2020,9.040374,7.3816165,59.82995,1.704474,37.86628,-8.27597832,3.765971222
MDA,Moldova,Europe & Central Asia,Upper middle income,2021,8.722918,,64.27983,2.337871,36.3947,13.92999979,5.10641129
MNG,Mongolia,East Asia & Pacific,Upper middle income,2000,39.19791,,53.16909,,11.03684,1.146062137,11.59553876
MNG,Mongolia,East Asia & Pacific,Upper middle income,2001,30.22384,,63.08549,2.161372,13.61773,2.952710543,6.277360205
MNG,Mongolia,East Asia & Pacific,Upper middle income,2002,30.29737,,66.63038,2.119409,19.25567,4.732978466,0.917074687
MNG,Mongolia,East Asia & Pacific,Upper middle income,2003,29.03756,,77.21499,1.825943,26.75424,7.004634574,5.128994994
MNG,Mongolia,East Asia & Pacific,Upper middle income,2004,26.51827,,87.08416,1.296254,25.56917,10.62540596,8.241154494
MNG,Mongolia,East Asia & Pacific,Upper middle income,2005,43.20338,,84.17171,1.36597,33.18925,7.253665438,12.71656741
MNG,Mongolia,East Asia & Pacific,Upper middle income,2006,39.97206,,91.99392,0.9488106,33.1391,8.556234817,5.095166617
MNG,Mongolia,East Asia & Pacific,Upper middle income,2007,31.57858,,99.78806,1.487144,42.32165,10.24801636,9.630963096
MNG,Mongolia,East Asia & Pacific,Upper middle income,2008,33.80553,,141.2235,1.39728,28.88538,8.900367941,27.95566502
MNG,Mongolia,East Asia & Pacific,Upper middle income,2009,30.38167,,104.2387,1.477753,38.661,-1.268598936,7.619505935
MNG,Mongolia,East Asia & Pacific,Upper middle income,2010,28.22292,,78.25552,2.02661,43.6918,6.365161679,10.04620659
MNG,Mongolia,East Asia & Pacific,Upper middle income,2011,28.3377,,98.10493,1.929842,44.33352,17.29077759,8.411214953
MNG,Mongolia,East Asia & Pacific,Upper middle income,2012,27.65587,,106.1592,1.25633,41.18513,12.31981985,14.33033483
MNG,Mongolia,East Asia & Pacific,Upper middle income,2013,26.49039,,132.4661,1.675873,45.20042,11.64891619,10.49065676
MNG,Mongolia,East Asia & Pacific,Upper middle income,2014,29.4281,,128.8738,1.214342,44.74965,7.885225482,12.25398081
MNG,Mongolia,East Asia & Pacific,Upper middle income,2015,37.57253,,128.5869,1.609739,40.70124,2.379835807,5.735682819
MNG,Mongolia,East Asia & Pacific,Upper middle income,2016,36.04773,,112.8272,0.9511023,47.91312,1.489784487,0.733272227
MNG,Mongolia,East Asia & Pacific,Upper middle income,2017,37.57542,,93.57703,1.043223,54.1367,5.636876387,4.301431053
MNG,Mongolia,East Asia & Pacific,Upper middle income,2018,36.64899,,93.26839,1.063664,57.60616,7.74488062,6.824247901
MNG,Mongolia,East Asia & Pacific,Upper middle income,2019,34.44346,,90.15118,1.291097,53.96191,5.602244221,7.301069536
MNG,Mongolia,East Asia & Pacific,Upper middle income,2020,36.30239,,72.09431,0.9918904,63.3097,-4.557751976,3.723723061
MNG,Mongolia,East Asia & Pacific,Upper middle income,2021,36.25018,,76.46336,1.860675,62.60632,1.636769577,7.358946579
MNE,Montenegro,Europe & Central Asia,Upper middle income,2003,16.99176,,94.0041,,12.00057,2.482658914,
MNE,Montenegro,Europe & Central Asia,Upper middle income,2004,14.08544,,109.62,2.395531,13.33353,4.426051471,
MNE,Montenegro,Europe & Central Asia,Upper middle income,2005,10.12906,,79.93741,0.3531446,22.4447,4.180602067,
MNE,Montenegro,Europe & Central Asia,Upper middle income,2006,7.525213,,87.31179,0.6371524,41.15633,8.566419918,2.924512581
MNE,Montenegro,Europe & Central Asia,Upper middle income,2007,5.32537,,121.1994,0.5109336,65.99443,7.137550165,4.347122157
MNE,Montenegro,Europe & Central Asia,Upper middle income,2008,5.280849,,168.8366,-0.2495709,51.20242,6.898600309,8.758727696
MNE,Montenegro,Europe & Central Asia,Upper middle income,2009,7.587656,,157.7997,0.3674665,48.22935,-5.994448625,3.466723732
MNE,Montenegro,Europe & Central Asia,Upper middle income,2010,4.102098,,139.6211,-4.342181,47.52961,2.775597825,0.65494657
MNE,Montenegro,Europe & Central Asia,Upper middle income,2011,7.327251,,119.2968,-0.1641551,46.26443,3.409788125,3.450143112
MNE,Montenegro,Europe & Central Asia,Upper middle income,2012,6.395607,,107.7667,-2.104299,50.9973,-2.48732883,4.14524725
MNE,Montenegro,Europe & Central Asia,Upper middle income,2013,9.251592,,105.8266,0.0414187,50.06801,3.386125485,2.205892681
MNE,Montenegro,Europe & Central Asia,Upper middle income,2014,10.42877,,95.78643,0.611253,53.48319,2.370308925,-0.710514052
MNE,Montenegro,Europe & Central Asia,Upper middle income,2015,8.815902,,87.36915,-0.3572476,56.85821,2.52306334,1.548691582
MNE,Montenegro,Europe & Central Asia,Upper middle income,2016,8.939162,,84.13644,0.0864767,57.9216,3.439305621,-0.271385023
MNE,Montenegro,Europe & Central Asia,Upper middle income,2017,9.150633,,80.90318,0.765123,60.10335,3.216685047,2.380235991
MNE,Montenegro,Europe & Central Asia,Upper middle income,2018,9.301689,,87.27338,1.044142,56.1908,4.732921134,2.611223783
MNE,Montenegro,Europe & Central Asia,Upper middle income,2019,9.970045,,96.19571,1.022027,50.95837,4.393915658,0.361563705
MNE,Montenegro,Europe & Central Asia,Upper middle income,2020,9.419744,,103.9738,0.509199,57.67763,-14.9926187,-0.2556557
MNE,Montenegro,Europe & Central Asia,Upper middle income,2021,8.927644,,93.07458,0.5427324,56.6576,13.04626074,2.410801984
MAR,Morocco,"Middle East, North Africa, Afghanistan & Pakistan",Lower middle income,2000,41.06769,17.5,85.71894,1.34793,56.38838,2.582180915,1.894634568
MAR,Morocco,"Middle East, North Africa, Afghanistan & Pakistan",Lower middle income,2001,38.95874,16.799999,78.38412,1.222556,59.50361,7.721825196,0.619801875
MAR,Morocco,"Middle East, North Africa, Afghanistan & Pakistan",Lower middle income,2002,36.69977,17.200001,76.03136,1.081094,60.73378,3.730197375,2.795619669
MAR,Morocco,"Middle East, North Africa, Afghanistan & Pakistan",Lower middle income,2003,35.66347,18.700001,74.82821,1.31236,62.24015,6.17110215,1.167733675
MAR,Morocco,"Middle East, North Africa, Afghanistan & Pakistan",Lower middle income,2004,34.77431,19.4,74.14394,1.358324,63.36499,4.571380165,1.493444034
MAR,Morocco,"Middle East, North Africa, Afghanistan & Pakistan",Lower middle income,2005,31.13902,15.7,73.43659,0.8393978,69.3163,3.19224973,0.98264166
MAR,Morocco,"Middle East, North Africa, Afghanistan & Pakistan",Lower middle income,2006,36.57412,10.9,73.79091,2.246896,73.68073,7.79082001,3.28476167
MAR,Morocco,"Middle East, North Africa, Afghanistan & Pakistan",Lower middle income,2007,34.1011,7.9000001,80.94706,1.741554,80.8188,3.441067767,2.042085127
MAR,Morocco,"Middle East, North Africa, Afghanistan & Pakistan",Lower middle income,2008,35.908,6,88.97651,1.903535,81.50926,5.684539363,3.714843115
MAR,Morocco,"Middle East, North Africa, Afghanistan & Pakistan",Lower middle income,2009,38.72444,5.5,93.51831,1.979346,81.25849,3.745769401,0.971862999
MAR,Morocco,"Middle East, North Africa, Afghanistan & Pakistan",Lower middle income,2010,39.649,4.8000002,76.98901,1.920858,86.69134,3.499557094,0.993557401
MAR,Morocco,"Middle East, North Africa, Afghanistan & Pakistan",Lower middle income,2011,37.75892,4.8000002,80.06309,1.753516,87.83833,5.524645233,0.90692491
MAR,Morocco,"Middle East, North Africa, Afghanistan & Pakistan",Lower middle income,2012,40.08586,5,81.12237,1.744673,88.19445,3.062343685,1.287122401
MAR,Morocco,"Middle East, North Africa, Afghanistan & Pakistan",Lower middle income,2013,39.99622,5.9000001,78.69768,1.515761,86.54394,4.122212869,1.880654667
MAR,Morocco,"Middle East, North Africa, Afghanistan & Pakistan",Lower middle income,2014,42.38619,6.9000001,76.03142,1.340729,89.72926,2.71924408,0.442310054
MAR,Morocco,"Middle East, North Africa, Afghanistan & Pakistan",Lower middle income,2015,41.86846,,71.66384,1.508946,88.92393,4.344582976,1.557907113
MAR,Morocco,"Middle East, North Africa, Afghanistan & Pakistan",Lower middle income,2016,43.3387,,70.89991,1.642728,90.1588,0.521185506,1.635311143
MAR,Morocco,"Middle East, North Africa, Afghanistan & Pakistan",Lower middle income,2017,42.1162,,69.96386,1.401484,89.94168,5.057898162,0.754663249
MAR,Morocco,"Middle East, North Africa, Afghanistan & Pakistan",Lower middle income,2018,41.84574,,70.49178,1.357786,88.3634,3.06564133,1.803916711
MAR,Morocco,"Middle East, North Africa, Afghanistan & Pakistan",Lower middle income,2019,44.51421,,72.69261,1.392332,87.02258,2.890974761,0.303386037
MAR,Morocco,"Middle East, North Africa, Afghanistan & Pakistan",Lower middle income,2020,41.71841,,70.95154,0.8725046,98.53936,-7.178207442,0.705968661
MAR,Morocco,"Middle East, North Africa, Afghanistan & Pakistan",Lower middle income,2021,42.40052,,70.09209,1.013066,95.02759,8.154738898,1.40195884
MOZ,Mozambique,Sub-Saharan Africa,Low income,2000,,17.799999,71.71323,-14.20424,17.78861,0.766234956,
MOZ,Mozambique,Sub-Saharan Africa,Low income,2001,9.205705,23.4,61.18489,10.43478,15.49207,12.85168202,
MOZ,Mozambique,Sub-Saharan Africa,Low income,2002,4.732173,22,52.59255,3.695928,18.12737,9.668505347,
MOZ,Mozambique,Sub-Saharan Africa,Low income,2003,,14.4,45.38678,,18.59341,7.217700866,
MOZ,Mozambique,Sub-Saharan Africa,Low income,2004,,5.9000001,42.42709,,16.58944,8.204704948,
MOZ,Mozambique,Sub-Saharan Africa,Low income,2005,3.636184,3.5,49.95184,,18.18283,6.31202378,6.427552781
MOZ,Mozambique,Sub-Saharan Africa,Low income,2006,3.713162,3.0999999,53.84013,2.839977,18.80987,9.910677568,13.24508791
MOZ,Mozambique,Sub-Saharan Africa,Low income,2007,4.593912,2.5999999,50.05447,4.348971,20.52694,7.649353938,8.489486755
MOZ,Mozambique,Sub-Saharan Africa,Low income,2008,4.269306,1.9,62.05886,3.111959,23.02774,6.878029426,14.5028053
MOZ,Mozambique,Sub-Saharan Africa,Low income,2009,4.092123,1.8,70.17969,3.064002,28.49129,5.928971875,3.788613309
MOZ,Mozambique,Sub-Saharan Africa,Low income,2010,4.268024,1.9299999,72.33629,2.485846,30.56936,6.679729357,12.42554217
MOZ,Mozambique,Sub-Saharan Africa,Low income,2011,4.918438,2.6199999,70.21941,1.840877,29.96752,7.134058423,11.16660561
MOZ,Mozambique,Sub-Saharan Africa,Low income,2012,5.611869,3.2,63.45916,2.860172,35.62156,7.994503161,2.60245457
MOZ,Mozambique,Sub-Saharan Africa,Low income,2013,5.233314,2.3,69.97564,2.63875,37.65129,6.571413897,4.261352509
MOZ,Mozambique,Sub-Saharan Africa,Low income,2014,5.422138,3.2,71.53568,2.670557,42.40243,7.702568448,2.559748758
MOZ,Mozambique,Sub-Saharan Africa,Low income,2015,5.312698,4.3000002,68.33543,2.361858,47.27499,7.393093699,3.550759674
MOZ,Mozambique,Sub-Saharan Africa,Low income,2016,5.308121,,71.59531,1.306174,43.68794,4.696990242,17.41804182
MOZ,Mozambique,Sub-Saharan Africa,Low income,2017,7.122042,,58.70862,3.978791,41.34388,2.638207373,15.11320739
MOZ,Mozambique,Sub-Saharan Africa,Low income,2018,6.786724,,51.89637,3.083258,42.51832,3.484932024,3.9113344
MOZ,Mozambique,Sub-Saharan Africa,Low income,2019,6.985748,,47.75199,3.200692,44.27256,2.317813948,2.802703079
MOZ,Mozambique,Sub-Saharan Africa,Low income,2020,5.940557,,44.83007,1.887256,54.17466,-1.2195225,3.483935675
MOZ,Mozambique,Sub-Saharan Africa,Low income,2021,7.062472,,44.18867,4.001365,51.18337,2.377435728,6.40847653
MMR,Myanmar,East Asia & Pacific,Lower middle income,2000,,,52.97998,,16.88515,13.74593056,-0.109165515
MMR,Myanmar,East Asia & Pacific,Lower middle income,2001,,,59.20671,,18.87489,11.34399707,21.10130538
MMR,Myanmar,East Asia & Pacific,Lower middle income,2002,,,68.78624,,16.10533,12.02551343,57.07451126
MMR,Myanmar,East Asia & Pacific,Lower middle income,2003,,,66.79419,,6.193682,13.84399689,36.58971753
MMR,Myanmar,East Asia & Pacific,Lower middle income,2004,,,58.60893,,7.635215,13.56466162,4.534213741
MMR,Myanmar,East Asia & Pacific,Lower middle income,2005,0.2208635,,63.10847,,7.411341,13.56895002,9.368618142
MMR,Myanmar,East Asia & Pacific,Lower middle income,2006,1.463256,,53.50104,0.0805471,7.319624,13.07610138,19.99648734
MMR,Myanmar,East Asia & Pacific,Lower middle income,2007,1.047813,,47.35506,0.1467974,7.331757,11.99143524,35.02459707
MMR,Myanmar,East Asia & Pacific,Lower middle income,2008,1.020795,,43.15889,0.1190131,7.267103,10.25530539,26.79953719
MMR,Myanmar,East Asia & Pacific,Lower middle income,2009,0.6489004,,39.08292,0,9.104448,10.5500091,1.472343114
MMR,Myanmar,East Asia & Pacific,Lower middle income,2010,0.5014642,,37.19898,0.0001849,13.73329,9.634439452,7.718381959
MMR,Myanmar,East Asia & Pacific,Lower middle income,2011,0.5361353,,43.9245,-2.004449,16.58724,5.591482378,5.021460146
MMR,Myanmar,East Asia & Pacific,Lower middle income,2012,5.423186,,45.99569,0.95511,21.02329,7.332670447,1.467583227
MMR,Myanmar,East Asia & Pacific,Lower middle income,2013,3.098038,,51.77738,0.0200879,26.03559,8.426001025,5.643038834
MMR,Myanmar,East Asia & Pacific,Lower middle income,2014,2.775956,,55.8577,0.7284355,29.49785,8.169907456,4.953299185
MMR,Myanmar,East Asia & Pacific,Lower middle income,2015,6.443028,,54.14565,0.5590701,35.2623,6.99284029,9.454171895
MMR,Myanmar,East Asia & Pacific,Lower middle income,2016,6.535042,,58.45456,1.278803,40.42411,5.862472915,6.928825258
MMR,Myanmar,East Asia & Pacific,Lower middle income,2017,5.645101,,58.74503,0.466958,45.16001,6.136108244,4.572536553
MMR,Myanmar,East Asia & Pacific,Lower middle income,2018,6.971704,,61.23283,0.5841954,46.2417,6.268862215,6.872328657
MMR,Myanmar,East Asia & Pacific,Lower middle income,2019,7.482056,,59.54754,0.7699895,47.86791,6.579110068,8.825066968
MMR,Myanmar,East Asia & Pacific,Lower middle income,2020,7.592739,,53.33974,1.973674,50.94155,-9.04834718,
NAM,Namibia,Sub-Saharan Africa,Lower middle income,2001,,3.4000001,114.5831,,35.94616,1.177948695,
NAM,Namibia,Sub-Saharan Africa,Lower middle income,2002,,3.5,124.623,,33.68014,4.788661219,
NAM,Namibia,Sub-Saharan Africa,Lower middle income,2003,,3.9000001,127.7195,,34.99599,4.239794296,7.136153115
NAM,Namibia,Sub-Saharan Africa,Lower middle income,2004,,2.4000001,131.0497,,35.57673,12.2695481,4.136632131
NAM,Namibia,Sub-Saharan Africa,Lower middle income,2005,32.0702,2.3,143.2515,,36.1074,2.529262658,2.28194607
NAM,Namibia,Sub-Saharan Africa,Lower middle income,2006,26.067,2.5999999,126.1529,1.295423,40.16491,7.073175318,4.961166893
NAM,Namibia,Sub-Saharan Africa,Lower middle income,2007,29.81353,2.8,129.151,4.470041,38.94242,5.374044152,6.547881411
NAM,Namibia,Sub-Saharan Africa,Lower middle income,2008,27.28857,3.0999999,118.2933,3.837818,40.07456,2.649812038,9.094643072
NAM,Namibia,Sub-Saharan Africa,Lower middle income,2009,25.30222,,77.94698,3.376474,61.55824,0.295970914,9.451726515
NAM,Namibia,Sub-Saharan Africa,Lower middle income,2010,25.30744,1.9647273,79.11591,3.057445,62.0761,6.03924948,4.874919876
NAM,Namibia,Sub-Saharan Africa,Lower middle income,2011,26.79571,1.4863493,77.90441,4.244393,63.27094,5.091338139,5.005595181
NAM,Namibia,Sub-Saharan Africa,Lower middle income,2012,25.26302,1.3373516,87.34834,3.508812,55.63821,5.06168207,6.721997773
NAM,Namibia,Sub-Saharan Africa,Lower middle income,2013,21.62047,1.2855614,88.96425,3.090826,56.90603,5.614719623,5.600925023
NAM,Namibia,Sub-Saharan Africa,Lower middle income,2014,21.85556,1.4533408,96.40399,3.523963,53.2663,6.09251916,5.350169669
NAM,Namibia,Sub-Saharan Africa,Lower middle income,2015,25.37547,1.5516954,100.9292,3.61122,53.48304,4.264174538,3.394015384
NAM,Namibia,Sub-Saharan Africa,Lower middle income,2016,25.55405,1.5445492,102.8892,3.880033,52.7329,0.03379445,6.728582346
NAM,Namibia,Sub-Saharan Africa,Lower middle income,2017,26.93535,2.5855726,94.60405,4.309618,55.36018,-1.027248089,6.145799811
NAM,Namibia,Sub-Saharan Africa,Lower middle income,2018,25.31444,3.5791729,94.98506,3.1557,56.00627,1.059939499,4.291591053
NAM,Namibia,Sub-Saharan Africa,Lower middle income,2019,24.37314,4.5649249,91.69685,3.140819,62.05573,-0.839152163,3.722394144
NAM,Namibia,Sub-Saharan Africa,Lower middle income,2020,25.25618,6.393323,86.71822,2.61834,70.00619,-8.101402014,2.209382369
NAM,Namibia,Sub-Saharan Africa,Lower middle income,2021,23.72112,,84.10503,2.784504,70.12787,3.603829192,3.616905301
NPL,Nepal,South Asia,Lower middle income,2000,20.44254,,78.10256,3.106446,31.59173,6.199999982,2.478820207
NPL,Nepal,South Asia,Lower middle income,2001,19.20501,,74.5584,2.647885,34.1222,4.799892143,2.688303735
NPL,Nepal,South Asia,Lower middle income,2002,21.02967,,65.15717,1.848116,33.89099,0.120143177,3.029399487
NPL,Nepal,South Asia,Lower middle income,2003,22.69986,,64.74326,-1.794452,35.24701,3.945037761,5.707009319
NPL,Nepal,South Asia,Lower middle income,2004,21.80719,,64.50857,2.179657,36.42909,4.682603252,2.841811312
NPL,Nepal,South Asia,Lower middle income,2005,23.62815,,68.11974,2.82926,36.51479,3.479181048,6.836332659
NPL,Nepal,South Asia,Lower middle income,2006,23.2137,,71.19691,2.395634,38.91995,3.364614781,6.920335807
NPL,Nepal,South Asia,Lower middle income,2007,23.50358,,74.04192,2.629505,42.4034,3.41156028,2.269219244
NPL,Nepal,South Asia,Lower middle income,2008,25.26674,,76.4866,2.829874,46.42583,6.104639144,9.907830053
NPL,Nepal,South Asia,Lower middle income,2009,25.73703,,87.83631,2.967089,58.53296,4.533078725,11.09482374
NPL,Nepal,South Asia,Lower middle income,2010,27.12056,,88.69429,2.765977,53.46735,4.816414647,9.326504107
NPL,Nepal,South Asia,Lower middle income,2011,29.92086,,81.96481,2.33428,56.0286,3.421808701,9.227075461
NPL,Nepal,South Asia,Lower middle income,2012,27.58294,,84.8269,1.921221,57.04906,4.670141924,9.459809804
NPL,Nepal,South Asia,Lower middle income,2013,25.40979,,80.25426,2.270454,62.53307,3.525153171,9.040163119
NPL,Nepal,South Asia,Lower middle income,2014,24.46841,,84.56432,2.313671,64.11699,6.011482843,8.364154697
NPL,Nepal,South Asia,Lower middle income,2015,26.58828,,79.73465,2.62761,71.091,3.976053272,7.868908956
NPL,Nepal,South Asia,Lower middle income,2016,28.35333,1.6843366,87.13718,2.7429,79.94035,0.433113719,8.79034332
NPL,Nepal,South Asia,Lower middle income,2017,35.6377,1.6990855,89.56272,2.905542,76.38979,8.977279356,2.777039983
NPL,Nepal,South Asia,Lower middle income,2018,35.74821,1.5623784,91.74895,2.554986,83.01885,7.622376104,4.406594102
NPL,Nepal,South Asia,Lower middle income,2019,33.88417,1.6610359,91.88419,2.661844,85.80957,6.657055431,5.566160352
NPL,Nepal,South Asia,Lower middle income,2020,30.41902,1.6772167,85.10596,1.731313,103.111,-2.369620629,5.056358262
NPL,Nepal,South Asia,Lower middle income,2021,28.87113,,96.22822,1.90602,109.4767,4.838149614,4.126767444
NLD,Netherlands,Europe & Central Asia,High income,2000,17.24958,1.8,,1.328576,,4.219700346,2.360522338
NLD,Netherlands,Europe & Central Asia,High income,2001,15.35433,2.3,145.336,0.7998785,76.00652,2.323584549,4.155841272
NLD,Netherlands,Europe & Central Asia,High income,2002,24.29278,2.4000001,143.4931,0.1257593,76.09156,0.245829517,3.287531047
NLD,Netherlands,Europe & Central Asia,High income,2003,39.24018,2,133.0807,2.242426,81.76557,0.09785494,2.09199839
NLD,Netherlands,Europe & Central Asia,High income,2004,8.852095,1.5,137.2759,0.8612452,82.17996,2.016283316,1.263647392
NLD,Netherlands,Europe & Central Asia,High income,2005,9.998373,,127.1387,1.182677,91.52361,2.034015765,1.688130179
NLD,Netherlands,Europe & Central Asia,High income,2006,10.74206,,120.096,0.8906192,94.52242,3.537295859,1.101501065
NLD,Netherlands,Europe & Central Asia,High income,2007,12.02108,,125.6249,0.5670268,90.24792,3.885423483,1.613858598
NLD,Netherlands,Europe & Central Asia,High income,2008,3.523042,1.7,120.0128,-2.205283,92.42102,2.116745142,2.486501983
NLD,Netherlands,Europe & Central Asia,High income,2009,6.208343,3.2,121.7599,-0.2675823,96.28194,-3.66528147,1.18977687
NLD,Netherlands,Europe & Central Asia,High income,2010,7.759908,2.8323487,118.1013,0.3038413,96.24461,1.319352879,1.275305696
NLD,Netherlands,Europe & Central Asia,High income,2011,7.153244,2.7108769,117.7308,0.2837044,97.25444,1.773303206,2.341070178
NLD,Netherlands,Europe & Central Asia,High income,2012,8.412597,3.0978443,120.7548,0.2224215,96.84486,-0.977826121,2.455547653
NLD,Netherlands,Europe & Central Asia,High income,2013,8.942967,3.2271689,121.0521,0.3275868,94.0413,-0.030241018,2.506898527
NLD,Netherlands,Europe & Central Asia,High income,2014,9.642394,2.9826622,113.6109,0.3788435,102.4711,1.612558851,0.97603508
NLD,Netherlands,Europe & Central Asia,High income,2015,9.511075,2.7119847,111.7594,0.527801,99.85855,2.120640072,0.600248147
NLD,Netherlands,Europe & Central Asia,High income,2016,11.03037,2.5405274,115.7731,0.6215938,98.95586,2.424280654,0.316666667
NLD,Netherlands,Europe & Central Asia,High income,2017,12.20702,2.3054271,113.0451,0.9568069,98.31741,2.781508347,1.381458714
NLD,Netherlands,Europe & Central Asia,High income,2018,12.15548,1.9598815,114.0112,0.7445264,92.52159,2.258731582,1.703497947
NLD,Netherlands,Europe & Central Asia,High income,2019,13.05325,1.8562873,108.001,0.6488312,92.29904,2.300161605,2.633699102
NLD,Netherlands,Europe & Central Asia,High income,2020,12.50759,1.8877411,97.72779,0.311369,103.2301,-3.867997142,1.272460378
NLD,Netherlands,Europe & Central Asia,High income,2021,13.0423,,93.10935,0.6372709,104.328,6.276835937,2.675720088
NZL,New Zealand,East Asia & Pacific,High income,2000,,,139.8433,,78.12801,2.868790873,2.615234462
NZL,New Zealand,East Asia & Pacific,High income,2001,,,136.1115,,79.88618,3.415574618,2.625816304
NZL,New Zealand,East Asia & Pacific,High income,2002,,,136.1117,,75.47609,4.715145935,2.677092577
NZL,New Zealand,East Asia & Pacific,High income,2003,,,139.716,,78.12397,4.725874847,1.753574448
NZL,New Zealand,East Asia & Pacific,High income,2004,,,149.4174,,74.78587,4.090535773,2.290249028
NZL,New Zealand,East Asia & Pacific,High income,2005,,,156.8976,,77.8967,3.352954442,3.037023326
NZL,New Zealand,East Asia & Pacific,High income,2006,32.70211,,159.2955,,82.66346,2.774442859,3.365401962
NZL,New Zealand,East Asia & Pacific,High income,2007,36.48391,0.30000001,161.7964,1.879729,84.841,3.063122219,2.376143103
NZL,New Zealand,East Asia & Pacific,High income,2008,35.56596,0.89999998,159.6309,1.252887,90.5434,-1.025611345,3.958949373
NZL,New Zealand,East Asia & Pacific,High income,2009,30.61076,1.7,162.0344,0.9090534,88.79797,-0.040259885,2.115651106
NZL,New Zealand,East Asia & Pacific,High income,2010,33.18513,2.0999999,156.6982,0.8438089,91.68484,1.471825043,2.30202386
NZL,New Zealand,East Asia & Pacific,High income,2011,33.97509,1.7,,1.053544,,2.144500445,4.027906674
NZL,New Zealand,East Asia & Pacific,High income,2012,37.26256,1.4,,1.142053,,2.302564295,1.059913184
NZL,New Zealand,East Asia & Pacific,High income,2013,41.52512,1,154.4184,1.313155,92.83057,2.564836074,1.134422664
NZL,New Zealand,East Asia & Pacific,High income,2014,40.38385,0.80000001,151.4143,1.359801,93.7622,3.819336193,1.227507506
NZL,New Zealand,East Asia & Pacific,High income,2015,42.18798,0.5,148.0876,1.437774,98.55534,3.729683121,0.292704628
NZL,New Zealand,East Asia & Pacific,High income,2016,42.01978,,146.8055,1.410719,100.2755,3.743524747,0.646240284
NZL,New Zealand,East Asia & Pacific,High income,2017,43.05983,,143.8052,1.424412,100.1336,3.315686216,1.850787675
NZL,New Zealand,East Asia & Pacific,High income,2018,43.92428,,142.2213,1.438198,100.9012,3.322196665,1.598297038
NZL,New Zealand,East Asia & Pacific,High income,2019,43.03194,,143.5083,1.381713,99.81349,2.323717084,1.619631902
NZL,New Zealand,East Asia & Pacific,High income,2020,41.67757,,131.9387,0.9588333,110.576,-0.240916115,1.7145617
NZL,New Zealand,East Asia & Pacific,High income,2021,44.78266,,131.8959,1.381037,109.3845,4.299160052,3.941120608
NIC,Nicaragua,Latin America & Caribbean,Lower middle income,2000,13.11015,5.1999998,88.62169,1.041881,26.53453,4.101590251,7.069913523
NIC,Nicaragua,Latin America & Caribbean,Lower middle income,2001,11.20434,,53.27896,-2.764725,25.65866,2.960843491,5.986041863
NIC,Nicaragua,Latin America & Caribbean,Lower middle income,2002,13.21037,,53.65197,1.563854,28.11182,0.753938876,3.750174658
NIC,Nicaragua,Latin America & Caribbean,Lower middle income,2003,13.26061,,60.53879,0.6882114,29.12413,2.520732896,5.302387732
NIC,Nicaragua,Latin America & Caribbean,Lower middle income,2004,15.9939,,66.2506,3.876558,29.55253,5.31217057,8.470210636
NIC,Nicaragua,Latin America & Caribbean,Lower middle income,2005,15.42983,,80.72272,3.316134,27.93543,4.282398338,9.599099861
NIC,Nicaragua,Latin America & Caribbean,Lower middle income,2006,16.85202,,98.71774,3.099167,26.73051,4.152945598,9.140199668
NIC,Nicaragua,Latin America & Caribbean,Lower middle income,2007,16.56682,,110.5562,2.184032,27.24586,5.076352018,11.12693474
NIC,Nicaragua,Latin America & Caribbean,Lower middle income,2008,18.67222,,114.4201,4.133038,24.6016,3.435716936,19.82620313
NIC,Nicaragua,Latin America & Caribbean,Lower middle income,2009,16.409,,88.36737,2.166221,28.7234,-3.292665159,3.687001605
NIC,Nicaragua,Latin America & Caribbean,Lower middle income,2010,15.84764,,76.59564,2.236899,31.67933,4.410099117,5.455134259
NIC,Nicaragua,Latin America & Caribbean,Lower middle income,2011,16.47563,,79.11208,2.909083,30.27218,6.316685535,8.082387981
NIC,Nicaragua,Latin America & Caribbean,Lower middle income,2012,17.92966,,86.33065,3.358379,30.97633,6.496136471,7.193550533
NIC,Nicaragua,Latin America & Caribbean,Lower middle income,2013,18.28453,,86.35379,3.404947,34.01056,4.927094134,7.135467853
NIC,Nicaragua,Latin America & Caribbean,Lower middle income,2014,18.50164,,90.69148,3.27692,34.37037,4.785460136,6.035968618
NIC,Nicaragua,Latin America & Caribbean,Lower middle income,2015,19.46932,,92.87785,3.47158,36.76317,4.792267683,3.997379967
NIC,Nicaragua,Latin America & Caribbean,Lower middle income,2016,19.82819,,100.0377,3.851399,36.67992,4.563147395,3.523173176
NIC,Nicaragua,Latin America & Caribbean,Lower middle income,2017,20.62994,,103.8908,3.257489,37.62008,4.631207576,3.850671663
NIC,Nicaragua,Latin America & Caribbean,Lower middle income,2018,23.91312,,119.1357,2.710256,30.19054,-3.36335666,4.94723728
NIC,Nicaragua,Latin America & Caribbean,Lower middle income,2019,25.54876,,97.33154,2.20246,30.91165,-2.896869867,5.376289908
NIC,Nicaragua,Latin America & Caribbean,Lower middle income,2020,24.29852,,82.85081,1.712974,33.68641,-2.236541763,3.681813416
NIC,Nicaragua,Latin America & Caribbean,Lower middle income,2021,25.13264,,77.98629,2.430003,33.12598,10.45438878,4.928413969
NER,Niger,Sub-Saharan Africa,Low income,2000,12.21779,,87.19579,,4.426136,-1.208477741,2.900149736
NER,Niger,Sub-Saharan Africa,Low income,2001,13.57597,,77.52683,1.229708,4.747654,7.268134902,4.005514284
NER,Niger,Sub-Saharan Africa,Low income,2002,17.31368,,80.03696,2.292745,4.907142,4.918470576,2.628865979
NER,Niger,Sub-Saharan Africa,Low income,2003,14.90366,,78.30203,1.308724,5.387251,2.170610384,-1.614407692
NER,Niger,Sub-Saharan Africa,Low income,2004,14.53829,,76.4867,1.529378,6.662599,0.363801579,0.262543757
NER,Niger,Sub-Saharan Africa,Low income,2005,13.49521,,88.10863,1.693173,5.688796,7.331868843,7.797497818
NER,Niger,Sub-Saharan Africa,Low income,2006,13.01568,,103.9089,1.304614,5.915548,5.931049974,0.04048583
NER,Niger,Sub-Saharan Africa,Low income,2007,9.863886,,86.9267,1.303999,7.990923,3.142724084,0.053959261
NER,Niger,Sub-Saharan Africa,Low income,2008,12.03327,,105.6115,1.816285,7.655858,7.731414228,11.30510988
NER,Niger,Sub-Saharan Africa,Low income,2009,14.82086,,109.9406,2.562209,8.308096,1.962600907,0.582906591
NER,Niger,Sub-Saharan Africa,Low income,2010,14.399,,102.6309,2.47371,8.949143,8.578166743,0.804073081
NER,Niger,Sub-Saharan Africa,Low income,2011,16.34802,,119.3578,2.899034,8.311367,2.357756936,2.94238514
NER,Niger,Sub-Saharan Africa,Low income,2012,16.5979,,110.745,3.063447,9.647212,10.54894458,0.45508982
NER,Niger,Sub-Saharan Africa,Low income,2013,16.61559,,108.402,3.135505,9.564295,5.315130634,2.29723115
NER,Niger,Sub-Saharan Africa,Low income,2014,15.53562,,95.69073,2.872682,11.14636,6.642136655,-0.93028726
NER,Niger,Sub-Saharan Africa,Low income,2015,17.69081,,106.3531,3.136227,10.65989,4.392648832,-0.57609037
NER,Niger,Sub-Saharan Africa,Low income,2016,11.95529,,114.9129,0.6339506,9.923732,4.281375585,1.653889224
NER,Niger,Sub-Saharan Africa,Low income,2017,14.26589,,111.5725,1.923702,10.1688,5.531985313,2.796373189
NER,Niger,Sub-Saharan Africa,Low income,2018,13.56817,,111.924,1.535635,9.080136,6.894584209,2.96760366
NER,Niger,Sub-Saharan Africa,Low income,2019,14.38157,,109.6205,1.612271,10.1569,6.07881529,-2.489792651
NER,Niger,Sub-Saharan Africa,Low income,2020,,,98.29668,,11.84819,4.454818038,2.89819376
NER,Niger,Sub-Saharan Africa,Low income,2021,,,97.19174,,13.31892,1.115200639,3.837868028
NGA,Nigeria,Sub-Saharan Africa,Lower middle income,2000,12.21564,22.6,78.08461,2.868216,10.52494,5.015934759,6.933292156
NGA,Nigeria,Sub-Saharan Africa,Lower middle income,2001,13.13141,19.700001,84.7373,4.123579,11.61604,5.917684649,18.87364621
NGA,Nigeria,Sub-Saharan Africa,Lower middle income,2002,14.26879,21.4,79.67166,3.393901,10.12907,15.32915574,12.8765792
NGA,Nigeria,Sub-Saharan Africa,Lower middle income,2003,13.79275,20.5,89.12019,2.52439,9.983012,7.347194968,14.03178361
NGA,Nigeria,Sub-Saharan Africa,Lower middle income,2004,14.6353,21.6,91.59791,2.371901,9.226208,9.250558229,14.99803382
NGA,Nigeria,Sub-Saharan Africa,Lower middle income,2005,20.31261,,95.37292,2.466386,8.834062,6.438516525,17.86349337
NGA,Nigeria,Sub-Saharan Africa,Lower middle income,2006,17.35191,9.3000002,86.33191,2.534681,9.395164,6.059428032,8.227436781
NGA,Nigeria,Sub-Saharan Africa,Lower middle income,2007,22.05418,9.5,100.5666,3.375186,14.75529,6.591130361,5.386104216
NGA,Nigeria,Sub-Saharan Africa,Lower middle income,2008,16.63062,6.3000002,103.3556,2.88573,20.10144,6.764472778,11.5830548
NGA,Nigeria,Sub-Saharan Africa,Lower middle income,2009,,37.299999,91.95659,-27.62548,21.31822,8.036925101,12.5379243
NGA,Nigeria,Sub-Saharan Africa,Lower middle income,2010,,20.1431,73.29123,4.222533,17.8054,8.005655916,13.74005214
NGA,Nigeria,Sub-Saharan Africa,Lower middle income,2011,14.99784,5.7716286,60.97476,0.5267339,17.72474,5.307924203,10.82613719
NGA,Nigeria,Sub-Saharan Africa,Lower middle income,2012,17.77566,3.7052249,56.58675,3.518353,18.42491,4.230061175,12.2242413
NGA,Nigeria,Sub-Saharan Africa,Lower middle income,2013,16.28585,3.3933912,60.12266,2.328005,18.95354,6.671335393,8.495518383
NGA,Nigeria,Sub-Saharan Africa,Lower middle income,2014,16.4411,2.9595384,71.89502,2.357488,18.26403,6.309718655,8.04741088
NGA,Nigeria,Sub-Saharan Africa,Lower middle income,2015,16.78471,4.8608856,74.08922,1.683465,17.44742,2.652693295,9.00943498
NGA,Nigeria,Sub-Saharan Africa,Lower middle income,2016,16.43923,12.815064,83.75281,1.576006,17.42893,-1.616868949,15.69681264
NGA,Nigeria,Sub-Saharan Africa,Lower middle income,2017,18.36757,14.80963,77.39462,2.141856,16.5093,0.805886619,16.50226621
NGA,Nigeria,Sub-Saharan Africa,Lower middle income,2018,14.80313,11.674526,62.03572,2.403932,16.40908,1.922757342,12.09510652
NGA,Nigeria,Sub-Saharan Africa,Lower middle income,2019,15.37705,6.0583903,63.35437,2.465314,16.46409,2.208429278,11.39642234
NGA,Nigeria,Sub-Saharan Africa,Lower middle income,2020,13.62957,6.0245155,53.88782,1.848594,20.8361,-6.368898405,13.24602343
NGA,Nigeria,Sub-Saharan Africa,Lower middle income,2021,12.19272,,56.00794,1.411627,21.83342,1.10925254,16.95284572
MKD,North Macedonia,Europe & Central Asia,Upper middle income,2000,15.34952,,119.7982,0.7717244,14.15265,4.549135783,6.60742291
MKD,North Macedonia,Europe & Central Asia,Upper middle income,2001,11.26591,,68.1669,-0.9239618,23.91826,-3.067256625,5.198885257
MKD,North Macedonia,Europe & Central Asia,Upper middle income,2002,14.54856,23.1,79.30673,0.404341,21.01895,1.493665472,2.314597941
MKD,North Macedonia,Europe & Central Asia,Upper middle income,2003,14.83928,22.4,71.83232,1.5963,24.44081,2.222601657,0.855562123
MKD,North Macedonia,Europe & Central Asia,Upper middle income,2004,14.54407,17,74.3299,1.850198,28.07512,4.67408958,-0.448650207
MKD,North Macedonia,Europe & Central Asia,Upper middle income,2005,12.28427,15,76.46696,1.59598,30.06189,4.724088642,0.525515951
MKD,North Macedonia,Europe & Central Asia,Upper middle income,2006,12.66938,11.2,78.67665,2.143167,35.19233,5.137025162,3.213629296
MKD,North Macedonia,Europe & Central Asia,Upper middle income,2007,11.51221,7.5,82.73229,2.430983,41.80038,6.473486858,2.251757983
MKD,North Macedonia,Europe & Central Asia,Upper middle income,2008,11.10823,6.6999998,98.67435,1.718466,42.29097,5.47200139,8.33189667
MKD,North Macedonia,Europe & Central Asia,Upper middle income,2009,9.927731,8.8999996,101.2752,0.8348144,43.32246,-0.358614857,-0.739633963
MKD,North Macedonia,Europe & Central Asia,Upper middle income,2010,9.369726,9.0407096,95.86916,0.9888702,46.47045,3.358750858,1.50997522
MKD,North Macedonia,Europe & Central Asia,Upper middle income,2011,9.218356,9.5226912,95.58074,0.4005703,47.53214,2.339886045,3.904754221
MKD,North Macedonia,Europe & Central Asia,Upper middle income,2012,9.64795,10.112397,97.33847,0.5642812,48.92385,-0.456183224,3.316055667
MKD,North Macedonia,Europe & Central Asia,Upper middle income,2013,9.987813,10.939568,100.3318,0.8292719,46.98938,2.925257665,2.785000567
MKD,North Macedonia,Europe & Central Asia,Upper middle income,2014,9.87875,10.805913,101.5263,0.9873376,48.51031,3.629123513,-0.281705033
MKD,North Macedonia,Europe & Central Asia,Upper middle income,2015,10.20535,10.31445,103.7241,1.252589,49.11585,3.85586514,-0.299920476
MKD,North Macedonia,Europe & Central Asia,Upper middle income,2016,10.55469,6.2866141,98.42765,1.702206,48.65122,2.848205194,-0.239290788
MKD,North Macedonia,Europe & Central Asia,Upper middle income,2017,11.05696,6.0984446,98.86015,2.048615,49.08098,1.081772738,1.351618897
MKD,North Macedonia,Europe & Central Asia,Upper middle income,2018,11.10239,5.036093,97.07478,1.967237,50.18581,2.88059671,1.458312985
MKD,North Macedonia,Europe & Central Asia,Upper middle income,2019,11.19481,4.6247113,95.30592,1.746087,51.8868,3.910419538,0.766439573
MKD,North Macedonia,Europe & Central Asia,Upper middle income,2020,11.27912,3.2612956,93.51594,1.464108,58.56668,-4.68845001,1.200073489
MKD,North Macedonia,Europe & Central Asia,Upper middle income,2021,9.520221,,91.87683,0.9985189,58.40352,4.51067949,3.230749121
NOR,Norway,Europe & Central Asia,High income,2000,8.611606,1.2,142.5755,1.163229,45.12008,3.443416131,3.085506091
NOR,Norway,Europe & Central Asia,High income,2001,8.74402,1.3,144.5338,0.9567565,47.56615,2.16343506,3.00419704
NOR,Norway,Europe & Central Asia,High income,2002,7.64935,2,142.1002,0.5937026,51.60022,1.457478861,1.286725284
NOR,Norway,Europe & Central Asia,High income,2003,7.410218,1.6,147.7579,0.5970424,51.47961,1.096357812,2.487825535
NOR,Norway,Europe & Central Asia,High income,2004,8.523538,1,150.6863,0.7526122,50.39887,4.330155977,0.454498502
NOR,Norway,Europe & Central Asia,High income,2005,8.440683,0.69999999,158.1537,1.376299,50.31292,2.96973597,1.532133676
NOR,Norway,Europe & Central Asia,High income,2006,7.207124,0.60000002,160.366,1.892195,52.8726,2.847263767,2.329349808
NOR,Norway,Europe & Central Asia,High income,2007,7.14616,0.5,184.202,1.242832,53.9669,3.420301199,0.712589074
NOR,Norway,Europe & Central Asia,High income,2008,6.057869,0.69999999,200.5509,0.6996576,51.04634,0.822805797,3.753930818
NOR,Norway,Europe & Central Asia,High income,2009,6.507341,1.3,193.4463,0.8337851,56.43316,-1.613271519,2.197385869
NOR,Norway,Europe & Central Asia,High income,2010,7.570398,1.5198137,195.1586,1.06159,56.4222,1.00493269,2.418906395
NOR,Norway,Europe & Central Asia,High income,2011,7.611197,1.6843491,194.4795,0.8757761,55.47549,1.385051171,1.284951588
NOR,Norway,Europe & Central Asia,High income,2012,8.035648,1.5121576,192.4441,1.070236,54.96358,2.823956735,0.696864111
NOR,Norway,Europe & Central Asia,High income,2013,8.557817,1.3387267,188.1486,0.9530359,56.90012,1.272901777,2.120486204
NOR,Norway,Europe & Central Asia,High income,2014,8.873162,1.1308879,185.5648,1.076218,59.39943,2.095213881,2.041702867
NOR,Norway,Europe & Central Asia,High income,2015,10.52222,1.0533756,208.4313,1.101524,56.68092,2.044288455,2.171136654
NOR,Norway,Europe & Central Asia,High income,2016,11.29774,1.1847304,194.3015,1.143181,63.61093,1.291587328,3.55
NOR,Norway,Europe & Central Asia,High income,2017,11.44286,1.0004036,195.6016,1.152425,63.5361,2.669644743,1.875100596
NOR,Norway,Europe & Central Asia,High income,2018,12.59829,0.74642785,195.8353,1.263504,62.20473,1.110391237,2.764831345
NOR,Norway,Europe & Central Asia,High income,2019,12.82647,0.80113169,197.4996,1.583115,64.73318,1.46970782,2.167730033
NOR,Norway,Europe & Central Asia,High income,2020,13.04555,0.73607419,184.8973,1.193058,75.95939,-1.360557233,1.286584907
NOR,Norway,Europe & Central Asia,High income,2021,12.5704,,175.0968,1.230514,69.29677,4.143146888,3.483880553
OMN,Oman,"Middle East, North Africa, Afghanistan & Pakistan",High income,2000,15.67961,,132.0824,1.644141,28.3612,6.192410637,
OMN,Oman,"Middle East, North Africa, Afghanistan & Pakistan",High income,2001,14.02346,10.6,127.7398,0.132714,31.41548,4.613166494,-0.816666667
OMN,Oman,"Middle East, North Africa, Afghanistan & Pakistan",High income,2002,16.04527,8.8000002,121.8099,1.548054,31.9346,-0.784165786,-0.279578823
OMN,Oman,"Middle East, North Africa, Afghanistan & Pakistan",High income,2003,14.56452,12.5,121.0206,-0.9668205,30.39798,-2.19466568,0.231328682
OMN,Oman,"Middle East, North Africa, Afghanistan & Pakistan",High income,2004,18.05082,11,124.6092,1.910828,27.46608,1.99251511,0.624969063
OMN,Oman,"Middle East, North Africa, Afghanistan & Pakistan",High income,2005,21.60221,7,114.9346,3.178964,26.66723,2.779443603,1.909835535
OMN,Oman,"Middle East, North Africa, Afghanistan & Pakistan",High income,2006,20.77575,,110.5578,3.506406,27.79545,4.669814819,3.544985916
OMN,Oman,"Middle East, North Africa, Afghanistan & Pakistan",High income,2007,19.77069,3.2,103.6245,3.221683,34.28512,4.980654671,5.830484181
OMN,Oman,"Middle East, North Africa, Afghanistan & Pakistan",High income,2008,18.70228,2,119.0747,2.601101,29.48431,8.95005895,12.37540915
OMN,Oman,"Middle East, North Africa, Afghanistan & Pakistan",High income,2009,17.98044,2.7,119.5244,1.855653,39.05173,5.981966949,3.468810238
OMN,Oman,"Middle East, North Africa, Afghanistan & Pakistan",High income,2010,17.86692,2.7,119.8304,1.943679,36.40073,2.471998566,3.256579591
OMN,Oman,"Middle East, North Africa, Afghanistan & Pakistan",High income,2011,15.50242,2.2,120.2524,1.59505,34.19338,2.894609735,4.042188671
OMN,Oman,"Middle East, North Africa, Afghanistan & Pakistan",High income,2012,15.2999,2.0999999,124.2511,1.692745,33.79435,8.863122256,2.947734953
OMN,Oman,"Middle East, North Africa, Afghanistan & Pakistan",High income,2013,15.59619,2,121.2071,1.735785,35.59266,5.227704081,1.053548203
OMN,Oman,"Middle East, North Africa, Afghanistan & Pakistan",High income,2014,14.93049,1.9400001,121.1647,1.557686,38.86876,1.292252294,1.014014839
OMN,Oman,"Middle East, North Africa, Afghanistan & Pakistan",High income,2015,16.71706,1.8,127.9671,1.683876,52.26893,5.017057997,0.065290133
OMN,Oman,"Middle East, North Africa, Afghanistan & Pakistan",High income,2016,17.84947,,136.2779,1.52871,56.19124,5.046423946,1.109208058
OMN,Oman,"Middle East, North Africa, Afghanistan & Pakistan",High income,2017,19.41836,,138.4301,1.581622,54.22858,0.304057566,1.589094136
OMN,Oman,"Middle East, North Africa, Afghanistan & Pakistan",High income,2018,19.60067,,132.9001,1.631593,52.66985,1.287103915,0.889312371
OMN,Oman,"Middle East, North Africa, Afghanistan & Pakistan",High income,2019,19.83832,,133.5228,1.509949,56.24214,-1.128638017,0.490815363
OMN,Oman,"Middle East, North Africa, Afghanistan & Pakistan",High income,2020,19.42753,,,0.9938882,,-3.379720527,-0.406402919
OMN,Oman,"Middle East, North Africa, Afghanistan & Pakistan",High income,2021,19.64149,,,1.16987,,2.582174989,1.682211859
PAK,Pakistan,"Middle East, North Africa, Afghanistan & Pakistan",Lower middle income,2000,7.741141,19.5,80.74223,1.339915,24.94313,4.260088011,4.366664513
PAK,Pakistan,"Middle East, North Africa, Afghanistan & Pakistan",Lower middle income,2001,8.350396,23.4,75.78499,1.63967,26.13966,3.651350171,3.148261446
PAK,Pakistan,"Middle East, North Africa, Afghanistan & Pakistan",Lower middle income,2002,9.037246,21.799999,67.10594,1.723204,29.22688,2.594816684,3.290344726
PAK,Pakistan,"Middle East, North Africa, Afghanistan & Pakistan",Lower middle income,2003,9.279836,17,70.74772,1.869498,31.54111,5.401310873,2.914134701
PAK,Pakistan,"Middle East, North Africa, Afghanistan & Pakistan",Lower middle income,2004,9.993199,11.6,78.29317,2.030953,33.3714,7.83125557,7.444624693
PAK,Pakistan,"Middle East, North Africa, Afghanistan & Pakistan",Lower middle income,2005,10.11191,8.3000002,76.08358,2.03373,34.34059,7.276574436,9.06332737
PAK,Pakistan,"Middle East, North Africa, Afghanistan & Pakistan",Lower middle income,2006,11.02719,6.9000001,79.4409,1.607171,33.6855,6.051637676,7.921084401
PAK,Pakistan,"Middle East, North Africa, Afghanistan & Pakistan",Lower middle income,2007,14.78137,7.5999999,76.63133,0.0003432,36.19509,4.44481434,7.598684411
PAK,Pakistan,"Middle East, North Africa, Afghanistan & Pakistan",Lower middle income,2008,13.87786,9.1000004,86.92537,-1.837474,32.90426,2.120441043,20.28612109
PAK,Pakistan,"Middle East, North Africa, Afghanistan & Pakistan",Lower middle income,2009,13.51521,12.2,74.25291,-0.7456819,30.46456,3.472550596,13.64776506
PAK,Pakistan,"Middle East, North Africa, Afghanistan & Pakistan",Lower middle income,2010,7.439963,14.747543,68.76348,-1.759763,30.9591,1.501717522,12.93887056
PAK,Pakistan,"Middle East, North Africa, Afghanistan & Pakistan",Lower middle income,2011,9.223564,16.207173,62.6346,0.0314203,28.7898,2.680116854,11.91609271
PAK,Pakistan,"Middle East, North Africa, Afghanistan & Pakistan",Lower middle income,2012,13.29162,14.470926,54.02969,3.501242,31.17128,3.027583911,9.682351861
PAK,Pakistan,"Middle East, North Africa, Afghanistan & Pakistan",Lower middle income,2013,11.91086,12.986887,49.73339,1.586902,32.20395,4.36686505,7.692156119
PAK,Pakistan,"Middle East, North Africa, Afghanistan & Pakistan",Lower middle income,2014,13.11812,12.265792,48.9679,2.273663,31.63031,4.116428172,7.189384028
PAK,Pakistan,"Middle East, North Africa, Afghanistan & Pakistan",Lower middle income,2015,12.2764,11.358884,48.41241,2.484688,31.61484,4.217942096,2.529328173
PAK,Pakistan,"Middle East, North Africa, Afghanistan & Pakistan",Lower middle income,2016,11.63105,10.055843,47.93327,2.16556,34.2329,6.573838285,3.765119164
PAK,Pakistan,"Middle East, North Africa, Afghanistan & Pakistan",Lower middle income,2017,9.721706,8.4294895,50.18073,1.472098,33.87024,4.432625907,4.08537368
PAK,Pakistan,"Middle East, North Africa, Afghanistan & Pakistan",Lower middle income,2018,9.251515,7.9737147,54.94855,1.141254,34.15339,6.151702611,5.078057259
PAK,Pakistan,"Middle East, North Africa, Afghanistan & Pakistan",Lower middle income,2019,9.704996,8.5820238,52.16853,1.28798,34.42509,2.497636929,10.57803057
PAK,Pakistan,"Middle East, North Africa, Afghanistan & Pakistan",Lower middle income,2020,10.05904,9.1857912,46.09781,1.62835,36.9067,-1.274087443,9.740116193
PAK,Pakistan,"Middle East, North Africa, Afghanistan & Pakistan",Lower middle income,2021,8.854549,,48.15987,1.586745,31.95672,6.513885759,9.496415773
PAN,Panama,Latin America & Caribbean,High income,2000,35.92801,1.4,124.3958,1.780737,72.47115,4.209005479,1.498961116
PAN,Panama,Latin America & Caribbean,High income,2001,36.81237,2.8,124.3214,1.363459,76.19547,0.94990815,0.307062436
PAN,Panama,Latin America & Caribbean,High income,2002,39.84031,3.5,107.7772,1.668348,71.73065,2.508843727,1.005830904
PAN,Panama,Latin America & Caribbean,High income,2003,43.7373,2.5,103.419,1.924625,70.46591,5.096860305,0.391666667
PAN,Panama,Latin America & Caribbean,High income,2004,41.28363,1.8,102.5594,1.769361,69.74397,8.17565334,0.474723078
PAN,Panama,Latin America & Caribbean,High income,2005,40.04752,1.8,108.2006,1.617106,69.68243,8.276183345,2.855883248
PAN,Panama,Latin America & Caribbean,High income,2006,37.02732,1.5,99.32719,1.286248,77.62933,9.857238706,2.457893464
PAN,Panama,Latin America & Caribbean,High income,2007,41.25524,1.4,101.6203,1.881242,76.51891,13.15306538,4.168633003
PAN,Panama,Latin America & Caribbean,High income,2008,38.52674,3,102.3803,1.767062,74.71487,10.19743259,8.758683177
PAN,Panama,Latin America & Caribbean,High income,2009,34.15313,3.3,94.32655,1.085653,76.56245,1.61186406,2.409053041
PAN,Panama,Latin America & Caribbean,High income,2010,34.5708,1.0509405,96.20033,1.308442,79.08722,6.073393531,3.491288726
PAN,Panama,Latin America & Caribbean,High income,2011,35.60765,0.85292965,102.3426,1.373065,73.11044,11.90887722,5.875802437
PAN,Panama,Latin America & Caribbean,High income,2012,31.7932,0.69559421,105.983,1.50999,69.96818,9.627293464,5.698199592
PAN,Panama,Latin America & Caribbean,High income,2013,29.70273,0.74627178,109.1847,1.197482,54.64858,6.324353887,4.027159916
PAN,Panama,Latin America & Caribbean,High income,2014,31.2068,0.92792404,111.8993,1.170873,67.56476,4.625813756,2.626526999
PAN,Panama,Latin America & Caribbean,High income,2015,38.63454,1.0088154,119.5161,1.567919,65.14147,5.266917196,0.137492058
PAN,Panama,Latin America & Caribbean,High income,2016,38.68009,1.2559581,123.6593,1.560042,63.96612,4.571967079,0.739734025
PAN,Panama,Latin America & Caribbean,High income,2017,40.26882,1.4209861,127.1737,1.656183,62.49163,5.744059464,0.875585919
PAN,Panama,Latin America & Caribbean,High income,2018,41.44457,1.7427433,128.2453,1.671543,61.71369,3.918242533,0.761578359
PAN,Panama,Latin America & Caribbean,High income,2019,43.10234,1.9552546,129.0403,1.606554,60.74163,3.102953956,-0.355083821
PAN,Panama,Latin America & Caribbean,High income,2020,38.07178,2.0134018,117.9324,0.8832962,81.10844,-17.82111741,-1.550275408
PAN,Panama,Latin America & Caribbean,High income,2021,40.39326,,144.937,1.308122,57.36525,16.4669992,1.630703373
PNG,Papua New Guinea,East Asia & Pacific,Lower middle income,2000,,,59.14526,,28.96967,-2.494841993,15.59589331
PNG,Papua New Guinea,East Asia & Pacific,Lower middle income,2001,,,55.78531,,29.41072,-0.121288606,9.298173328
PNG,Papua New Guinea,East Asia & Pacific,Lower middle income,2002,,,54.07385,,27.45148,-0.158900533,11.7994471
PNG,Papua New Guinea,East Asia & Pacific,Lower middle income,2003,,,56.35522,,24.00772,2.164102502,14.70907797
PNG,Papua New Guinea,East Asia & Pacific,Lower middle income,2004,,,48.93031,,27.70284,2.721175741,2.158931313
PNG,Papua New Guinea,East Asia & Pacific,Lower middle income,2005,,,45.99613,,30.56599,6.344795923,1.780804399
PNG,Papua New Guinea,East Asia & Pacific,Lower middle income,2006,,,44.77483,,25.51122,5.409944091,2.368462384
PNG,Papua New Guinea,East Asia & Pacific,Lower middle income,2007,11.29626,,47.17683,,29.61249,7.815189229,0.911350456
PNG,Papua New Guinea,East Asia & Pacific,Lower middle income,2008,,,58.7268,,29.80778,-0.296457846,10.76141823
PNG,Papua New Guinea,East Asia & Pacific,Lower middle income,2009,,,53.46304,,34.27804,6.800421483,6.918325326
PNG,Papua New Guinea,East Asia & Pacific,Lower middle income,2010,12.74083,,58.02673,,30.9522,10.12845407,6.013608936
PNG,Papua New Guinea,East Asia & Pacific,Lower middle income,2011,14.01424,,53.52903,6.76115,32.90961,1.107543626,4.44083401
PNG,Papua New Guinea,East Asia & Pacific,Lower middle income,2012,13.47289,,53.64968,5.996799,35.31793,4.657119597,4.537205082
PNG,Papua New Guinea,East Asia & Pacific,Lower middle income,2013,,,59.12489,,35.07832,3.824946328,4.96031746
PNG,Papua New Guinea,East Asia & Pacific,Lower middle income,2014,,,59.36504,,30.21994,13.54377062,5.222117202
PNG,Papua New Guinea,East Asia & Pacific,Lower middle income,2015,,,56.61583,,31.12511,6.578356323,5.995957781
PNG,Papua New Guinea,East Asia & Pacific,Lower middle income,2016,,,54.53124,,31.94479,5.489573153,6.673728814
PNG,Papua New Guinea,East Asia & Pacific,Lower middle income,2017,,,52.93565,,28.42887,3.534610818,5.42204568
PNG,Papua New Guinea,East Asia & Pacific,Lower middle income,2018,,,59.51093,,24.82335,-0.279252285,4.374489215
PNG,Papua New Guinea,East Asia & Pacific,Lower middle income,2019,,,58.96091,,24.64322,4.480514569,3.928672909
PNG,Papua New Guinea,East Asia & Pacific,Lower middle income,2020,,,57.68665,,27.04981,-3.167432044,4.871673986
PRY,Paraguay,Latin America & Caribbean,Upper middle income,2000,16.63985,,122.4219,1.322994,17.75569,-2.314140568,8.982159768
PRY,Paraguay,Latin America & Caribbean,Upper middle income,2001,17.21081,16.5,122.2104,2.025519,17.78658,-0.834054717,7.268060286
PRY,Paraguay,Latin America & Caribbean,Upper middle income,2002,14.43236,19.700001,122.0124,0.589131,15.069,-0.021404395,10.51024209
PRY,Paraguay,Latin America & Caribbean,Upper middle income,2003,11.83755,20.6,86.59126,0.1404998,14.54072,4.320745486,14.23679705
PRY,Paraguay,Latin America & Caribbean,Upper middle income,2004,14.54432,10.8,84.9353,1.523707,14.36825,4.057418364,4.32326493
PRY,Paraguay,Latin America & Caribbean,Upper middle income,2005,15.60669,6.5,91.62765,2.242325,13.31524,2.133490665,6.807382031
PRY,Paraguay,Latin America & Caribbean,Upper middle income,2006,18.72074,3.3,95.13504,3.416995,12.1886,4.807117193,9.589349411
PRY,Paraguay,Latin America & Caribbean,Upper middle income,2007,17.74362,1.3,101.5027,3.627246,13.42313,5.421622872,8.130474177
PRY,Paraguay,Latin America & Caribbean,Upper middle income,2008,17.76411,1.1,120.5983,4.34215,13.08302,6.49629212,10.15478465
PRY,Paraguay,Latin America & Caribbean,Upper middle income,2009,15.15144,1.6,113.3064,3.063527,18.97449,-0.261137328,2.591946734
PRY,Paraguay,Latin America & Caribbean,Upper middle income,2010,16.17668,1.4394174,132.781,3.38645,19.09616,11.09523127,4.651162791
PRY,Paraguay,Latin America & Caribbean,Upper middle income,2011,15.35038,1.8645353,150.3548,2.956648,19.20656,4.286371207,8.253968254
PRY,Paraguay,Latin America & Caribbean,Upper middle income,2012,16.69643,2.2168881,155.5227,2.913934,20.26001,-0.708043112,3.67591898
PRY,Paraguay,Latin America & Caribbean,Upper middle income,2013,15.55966,2.1314975,156.8468,2.869818,21.88745,8.293076489,2.683857387
PRY,Paraguay,Latin America & Caribbean,Upper middle income,2014,15.52902,1.9904704,164.2863,2.583402,23.18281,5.301238645,5.028827675
PRY,Paraguay,Latin America & Caribbean,Upper middle income,2015,14.70127,2.5937945,173.9123,2.234289,24.91047,2.957151684,3.129002745
PRY,Paraguay,Latin America & Caribbean,Upper middle income,2016,15.5635,2.9414017,165.4823,2.22705,24.9754,4.268025833,4.086822806
PRY,Paraguay,Latin America & Caribbean,Upper middle income,2017,16.24234,2.8115143,149.8095,2.435121,27.02604,4.810078856,3.602477413
PRY,Paraguay,Latin America & Caribbean,Upper middle income,2018,16.14329,2.5120218,158.5248,2.21501,27.70163,3.204250341,3.975610157
PRY,Paraguay,Latin America & Caribbean,Upper middle income,2019,16.9332,2.557864,161.8267,2.411582,28.99692,-0.401855101,2.757097276
PRY,Paraguay,Latin America & Caribbean,Upper middle income,2020,15.72386,2.4100264,139.6064,1.690508,35.83215,-0.819785391,1.767515924
PRY,Paraguay,Latin America & Caribbean,Upper middle income,2021,17.13345,,139.2563,1.792976,36.05442,3.994615107,4.787983101
PER,Peru,Latin America & Caribbean,Upper middle income,2000,13.93316,,99.41924,0.2969714,26.49555,2.694371398,3.757338333
PER,Peru,Latin America & Caribbean,Upper middle income,2001,14.55194,9,89.83225,0.8568433,26.10176,0.617892326,1.977098785
PER,Peru,Latin America & Caribbean,Upper middle income,2002,14.17688,7.5999999,87.31859,1.201994,25.42648,5.453528938,0.193135004
PER,Peru,Latin America & Caribbean,Upper middle income,2003,16.34736,14.8,84.80907,1.699758,23.56557,4.165023137,2.259377534
PER,Peru,Latin America & Caribbean,Upper middle income,2004,17.6529,9.5,82.44398,2.239582,21.72413,4.958203206,3.662473201
PER,Peru,Latin America & Caribbean,Upper middle income,2005,17.05526,6.3000002,80.45625,3.457513,23.69787,6.285060325,1.616301939
PER,Peru,Latin America & Caribbean,Upper middle income,2006,17.45936,4.0999999,75.58862,3.400808,23.14249,7.528899044,2.002258012
PER,Peru,Latin America & Caribbean,Upper middle income,2007,16.03728,2.7,79.81017,3.694168,26.5342,8.518387769,1.779986447
PER,Peru,Latin America & Caribbean,Upper middle income,2008,14.88007,2.2,84.85812,3.518661,30.27376,9.126568301,5.785875982
PER,Peru,Latin America & Caribbean,Upper middle income,2009,17.06632,2.7,83.56039,3.217744,30.17585,1.095823659,2.936231536
PER,Peru,Latin America & Caribbean,Upper middle income,2010,16.31833,3.027006,80.37971,3.25634,31.31133,8.332459107,1.528320597
PER,Peru,Latin America & Caribbean,Upper middle income,2011,17.54601,2.8927506,89.07169,3.357308,30.28199,6.327192402,3.369310953
PER,Peru,Latin America & Caribbean,Upper middle income,2012,16.88897,3.2333209,89.45945,3.106501,31.54226,6.139724706,3.611212949
PER,Peru,Latin America & Caribbean,Upper middle income,2013,16.1249,3.5029433,88.6114,2.742901,35.65889,5.852518211,2.767896661
PER,Peru,Latin America & Caribbean,Upper middle income,2014,16.43689,3.953459,94.47797,2.724036,36.0992,2.382157372,3.411945798
PER,Peru,Latin America & Caribbean,Upper middle income,2015,16.02168,3.9254859,108.3578,2.688787,34.36677,3.252244772,3.398091947
PER,Peru,Latin America & Caribbean,Upper middle income,2016,17.77991,4.2923165,98.85793,2.597879,36.60683,3.953318715,3.557176636
PER,Peru,Latin America & Caribbean,Upper middle income,2017,18.69089,4.6950252,108.5641,2.615076,39.06675,2.518835442,2.994900458
PER,Peru,Latin America & Caribbean,Upper middle income,2018,19.55056,3.2710496,113.6733,2.74954,38.62561,3.969351341,1.50915423
PER,Peru,Latin America & Caribbean,Upper middle income,2019,20.30264,3.3659945,111.0474,2.9728,40.24722,2.240631769,2.252121914
PER,Peru,Latin America & Caribbean,Upper middle income,2020,14.65761,4.1276086,118.1668,0.5349628,46.66879,-10.9333065,2.002412058
PER,Peru,Latin America & Caribbean,Upper middle income,2021,16.93897,,108.3095,1.767953,44.11514,13.41664561,4.271663815
PHL,Philippines,East Asia & Pacific,Upper middle income,2000,29.45958,24,72.52813,0.0450245,49.09405,4.382505001,3.977125032
PHL,Philippines,East Asia & Pacific,Upper middle income,2001,,27.700001,67.6375,,47.51242,3.049231345,5.345501956
PHL,Philippines,East Asia & Pacific,Upper middle income,2002,38.57995,14.6,62.47876,,47.94944,3.716255002,2.722772277
PHL,Philippines,East Asia & Pacific,Upper middle income,2003,33.05169,16.1,60.76447,1.981751,45.96351,5.086911135,2.289156627
PHL,Philippines,East Asia & Pacific,Upper middle income,2004,21.71867,14.4,60.02346,1.812468,45.0521,6.569228512,4.829210836
PHL,Philippines,East Asia & Pacific,Upper middle income,2005,19.98319,10,55.17232,1.84784,43.12402,4.942505119,6.516853933
PHL,Philippines,East Asia & Pacific,Upper middle income,2006,20.83649,7.5,49.92857,1.414037,46.24509,5.316416821,5.485232068
PHL,Philippines,East Asia & Pacific,Upper middle income,2007,20.39178,5.8000002,50.8831,1.447596,43.27505,6.51929155,2.9
PHL,Philippines,East Asia & Pacific,Upper middle income,2008,16.8343,4.5999999,55.71119,0.9007076,50.03677,4.344487305,8.260447036
PHL,Philippines,East Asia & Pacific,Upper middle income,2009,18.24859,3.5,53.47214,1.378374,52.17052,1.448323063,4.219030521
PHL,Philippines,East Asia & Pacific,Upper middle income,2010,19.79657,3.3807434,55.32231,1.707435,51.21353,7.33449996,3.789836348
PHL,Philippines,East Asia & Pacific,Upper middle income,2011,21.59678,2.5554577,60.85786,1.673318,50.11267,3.858232828,4.718417047
PHL,Philippines,East Asia & Pacific,Upper middle income,2012,23.33885,2.2228948,65.005,1.877404,49.08133,6.896951711,3.026963911
PHL,Philippines,East Asia & Pacific,Upper middle income,2013,19.7629,2.4408645,57.6507,1.786678,59.55819,6.750531301,2.582687661
PHL,Philippines,East Asia & Pacific,Upper middle income,2014,19.79133,2.0246867,61.87344,1.539896,60.73425,6.347987483,3.597823439
PHL,Philippines,East Asia & Pacific,Upper middle income,2015,20.69572,1.8854782,63.76429,1.37281,62.58,6.348309717,0.674192537
PHL,Philippines,East Asia & Pacific,Upper middle income,2016,20.51461,1.7158481,65.35923,1.389013,65.58286,7.14945675,1.253698801
PHL,Philippines,East Asia & Pacific,Upper middle income,2017,21.11479,1.5793112,68.64158,1.459685,66.43938,6.930988326,2.853187726
PHL,Philippines,East Asia & Pacific,Upper middle income,2018,21.54946,1.6736361,73.56164,1.284969,64.657,6.341485572,5.309346616
PHL,Philippines,East Asia & Pacific,Upper middle income,2019,22.45145,1.9742842,72.77304,1.634169,65.92215,6.118525662,2.392065344
PHL,Philippines,East Asia & Pacific,Upper middle income,2020,22.16999,3.5319585,67.42352,1.146998,77.23312,-9.51829474,2.393162393
PHL,Philippines,East Asia & Pacific,Upper middle income,2021,24.13341,,64.24193,1.433245,77.73965,5.714733132,3.927180221
POL,Poland,Europe & Central Asia,High income,2000,8.514822,15.5,73.76793,1.871777,35.8168,4.65633253,9.900175388
POL,Poland,Europe & Central Asia,High income,2001,7.903337,,69.88255,0.2749279,38.92134,1.233744644,5.408335456
POL,Poland,Europe & Central Asia,High income,2002,6.647076,21.1,74.61229,-0.8577603,36.60146,1.90119438,1.90528215
POL,Poland,Europe & Central Asia,High income,2003,1.756137,21.200001,76.76397,-3.215053,36.39048,3.523371172,0.682701376
POL,Poland,Europe & Central Asia,High income,2004,10.03055,14.9,77.88933,2.611246,35.79276,5.090795464,3.382646819
POL,Poland,Europe & Central Asia,High income,2005,9.571144,11,75.49107,2.282917,38.03833,3.260822747,2.183798724
POL,Poland,Europe & Central Asia,High income,2006,9.302369,7.4000001,82.25473,2.481703,40.10894,6.202107109,1.284693944
POL,Poland,Europe & Central Asia,High income,2007,8.95806,5.1999998,95.96466,2.203284,40.72193,6.760447853,2.458743124
POL,Poland,Europe & Central Asia,High income,2008,7.882286,2.8,110.044,1.67241,44.7491,4.383770693,4.164971935
POL,Poland,Europe & Central Asia,High income,2009,7.669761,4.3000002,102.9072,0.7326903,45.7079,2.615128593,3.795392425
POL,Poland,Europe & Central Asia,High income,2010,8.923556,4.9124226,102.5258,1.31638,47.4953,3.168927483,2.580693703
POL,Poland,Europe & Central Asia,High income,2011,8.706203,4.6628774,104.435,1.391264,49.2543,5.255462566,4.239401496
POL,Poland,Europe & Central Asia,High income,2012,10.08323,5.2020398,100.8052,1.713816,49.88469,1.511781676,3.560371517
POL,Poland,Europe & Central Asia,High income,2013,9.654583,4.9779123,98.71478,1.443754,52.0508,0.684240607,0.991982606
POL,Poland,Europe & Central Asia,High income,2014,9.930735,4.8238192,97.43596,1.383977,53.97361,3.920508624,0.053821313
POL,Poland,Europe & Central Asia,High income,2015,9.74675,4.341512,96.376,1.095616,55.57806,4.431767003,-0.874125874
POL,Poland,Europe & Central Asia,High income,2016,9.633597,4.0463587,93.30706,1.355755,58.32004,3.031177676,-0.664767331
POL,Poland,Europe & Central Asia,High income,2017,10.03586,3.9442707,92.32576,1.354318,56.81728,5.152457733,2.075935537
POL,Poland,Europe & Central Asia,High income,2018,9.395756,3.8535116,90.36519,1.120477,58.13364,6.245858472,1.812951565
POL,Poland,Europe & Central Asia,High income,2019,9.372567,3.8005387,87.29882,1.182081,58.05429,4.580458173,2.227478809
POL,Poland,Europe & Central Asia,High income,2020,8.105345,3.6990709,78.01118,0.1681715,63.79743,-2.035568824,3.374469726
POL,Poland,Europe & Central Asia,High income,2021,7.048028,,74.61555,0.735548,62.21244,6.927182661,5.055027047
PRT,Portugal,Europe & Central Asia,High income,2000,9.12691,2.2,,0.3607094,,3.816177141,2.853030393
PRT,Portugal,Europe & Central Asia,High income,2001,8.240796,2.2,134.7474,0.5572907,85.24471,1.943672134,4.369903306
PRT,Portugal,Europe & Central Asia,High income,2002,7.9696,2.3,148.8981,0.4105632,79.86517,0.770924781,3.600346583
PRT,Portugal,Europe & Central Asia,High income,2003,10.18437,2.4000001,150.918,0.7346284,79.86829,-0.930521045,3.218990907
PRT,Portugal,Europe & Central Asia,High income,2004,10.44635,2,154.3044,0.451032,78.48576,1.788735529,2.365362041
PRT,Portugal,Europe & Central Asia,High income,2005,11.76641,1.5,153.3545,0.9030214,81.30846,0.781847569,2.277163949
PRT,Portugal,Europe & Central Asia,High income,2006,13.70734,,165.1214,1.0216,80.74943,1.62503533,3.107665459
PRT,Portugal,Europe & Central Asia,High income,2007,14.70354,2.8,176.3043,1.020084,80.63345,2.506579378,2.453965281
PRT,Portugal,Europe & Central Asia,High income,2008,11.30682,3.5999999,172.1136,0.1657064,87.97395,0.319247344,2.588506577
PRT,Portugal,Europe & Central Asia,High income,2009,13.13809,4.8000002,190.6473,0.2539822,83.81618,-3.122078275,-0.835530022
PRT,Portugal,Europe & Central Asia,High income,2010,11.76088,5.3067802,183.6783,0.1189189,84.67856,1.737624536,1.402572899
PRT,Portugal,Europe & Central Asia,High income,2011,9.49471,7.4746922,181.6463,-0.4932689,85.98378,-1.713527459,3.653011004
PRT,Portugal,Europe & Central Asia,High income,2012,10.34659,9.7440112,187.1785,-0.9551692,81.67098,-4.050902676,2.773338541
PRT,Portugal,Europe & Central Asia,High income,2013,7.895902,10.617044,174.2578,-1.786655,82.06719,-0.984106574,0.274416667
PRT,Portugal,Europe & Central Asia,High income,2014,9.327741,11.905709,158.6011,-4.502732,81.75743,0.741391421,-0.278153367
PRT,Portugal,Europe & Central Asia,High income,2015,12.36677,17.475879,146.7848,-0.7663435,81.58416,1.589798037,0.487938624
PRT,Portugal,Europe & Central Asia,High income,2016,10.70251,17.184418,129.9534,-1.185649,85.53904,2.004141297,0.607397075
PRT,Portugal,Europe & Central Asia,High income,2017,16.44999,13.266689,118.2192,0.2386582,86.72462,3.314720082,1.368614116
PRT,Portugal,Europe & Central Asia,High income,2018,16.8905,9.4287227,109.2154,0.5092292,88.73611,2.946283434,0.993715683
PRT,Portugal,Europe & Central Asia,High income,2019,17.5525,6.182675,98.66707,0.5381562,91.40282,2.745684326,0.33817841
PRT,Portugal,Europe & Central Asia,High income,2020,15.55049,4.8588402,92.96712,-0.0366632,108.7847,-8.204631593,-0.01243833
PRT,Portugal,Europe & Central Asia,High income,2021,16.09242,,85.19161,0.6034011,114.6179,5.558756721,1.265657191
QAT,Qatar,"Middle East, North Africa, Afghanistan & Pakistan",High income,2000,23.88985,,64.01641,1.405927,41.89416,8.028125488,1.650335224
QAT,Qatar,"Middle East, North Africa, Afghanistan & Pakistan",High income,2001,24.41618,,58.45245,1.827712,59.63916,3.898147488,1.471334348
QAT,Qatar,"Middle East, North Africa, Afghanistan & Pakistan",High income,2002,24.63111,,48.75713,2.119281,58.75834,7.182523311,0.24
QAT,Qatar,"Middle East, North Africa, Afghanistan & Pakistan",High income,2003,26.34837,,58.89769,2.331172,50.87524,3.719919498,2.264565044
QAT,Qatar,"Middle East, North Africa, Afghanistan & Pakistan",High income,2004,31.7427,,63.59439,2.655323,45.56818,19.21850324,6.79933665
QAT,Qatar,"Middle East, North Africa, Afghanistan & Pakistan",High income,2005,36.66051,,71.8783,3.947893,46.90926,7.492728038,8.814395323
QAT,Qatar,"Middle East, North Africa, Afghanistan & Pakistan",High income,2006,27.25695,,75.10087,3.33048,47.92824,26.17039956,11.83580962
QAT,Qatar,"Middle East, North Africa, Afghanistan & Pakistan",High income,2007,27.48688,,80.82429,3.023098,51.43802,17.98521656,13.75816258
QAT,Qatar,"Middle East, North Africa, Afghanistan & Pakistan",High income,2008,25.52321,1.2,95.82994,2.728246,42.57495,17.66303468,15.05014516
QAT,Qatar,"Middle East, North Africa, Afghanistan & Pakistan",High income,2009,25.89667,1.7,87.93535,2.327139,58.83064,11.95755129,-4.863278016
QAT,Qatar,"Middle East, North Africa, Afghanistan & Pakistan",High income,2010,25.84643,2,78.71335,2.636898,56.78415,16.73155585,-2.425256752
QAT,Qatar,"Middle East, North Africa, Afghanistan & Pakistan",High income,2011,28.05485,1.7,80.12629,2.73311,49.60734,13.02140505,1.138366235
QAT,Qatar,"Middle East, North Africa, Afghanistan & Pakistan",High income,2012,26.31853,1.7,67.70665,2.497446,54.83095,4.626236755,2.315348534
QAT,Qatar,"Middle East, North Africa, Afghanistan & Pakistan",High income,2013,24.51735,1.9,64.7972,2.2719,61.72648,4.430701965,3.221977568
QAT,Qatar,"Middle East, North Africa, Afghanistan & Pakistan",High income,2014,23.9167,1.7,70.07263,2.190732,65.76927,4.119115279,3.349720857
QAT,Qatar,"Middle East, North Africa, Afghanistan & Pakistan",High income,2015,22.81017,1.6,81.67395,1.987155,86.6861,4.753345724,1.814077239
QAT,Qatar,"Middle East, North Africa, Afghanistan & Pakistan",High income,2016,20.25505,,90.65733,1.702148,87.92241,3.064191884,2.676591701
QAT,Qatar,"Middle East, North Africa, Afghanistan & Pakistan",High income,2017,20.11039,,79.24535,1.557105,100.9108,-1.497604702,0.394878914
QAT,Qatar,"Middle East, North Africa, Afghanistan & Pakistan",High income,2018,20.28576,,96.93179,1.618213,82.83118,1.234872202,0.255815383
QAT,Qatar,"Middle East, North Africa, Afghanistan & Pakistan",High income,2019,19.90375,,113.7933,1.591197,88.49389,0.688240955,-0.666641125
QAT,Qatar,"Middle East, North Africa, Afghanistan & Pakistan",High income,2020,18.67844,,124.1457,1.235085,111.4977,-3.55760399,-2.54031503
QAT,Qatar,"Middle East, North Africa, Afghanistan & Pakistan",High income,2021,18.45945,,134.9342,1.319923,91.15019,1.626846719,2.304465657
ROU,Romania,Europe & Central Asia,High income,2000,18.0642,,36.16904,3.577957,19.69979,2.461263459,45.66659404
ROU,Romania,Europe & Central Asia,High income,2001,18.4949,,44.40699,3.743776,19.48659,5.218136257,34.47701235
ROU,Romania,Europe & Central Asia,High income,2002,15.7328,,48.67676,2.863802,20.72822,5.70299165,22.53988626
ROU,Romania,Europe & Central Asia,High income,2003,13.72491,8.3000002,70.66207,1.425458,19.99975,2.341147329,15.27348899
ROU,Romania,Europe & Central Asia,High income,2004,13.005,8.1000004,71.33749,3.249273,22.12294,10.42811302,11.87436359
ROU,Romania,Europe & Central Asia,High income,2005,11.17471,1.4,80.35229,1.860234,24.96288,4.668148051,9.014912833
ROU,Romania,Europe & Central Asia,High income,2006,10.1074,1.8,93.52132,1.731819,27.80692,8.028811076,6.558514123
ROU,Romania,Europe & Central Asia,High income,2007,8.795058,2.5999999,114.3229,1.681561,29.74033,7.233807744,4.837329283
ROU,Romania,Europe & Central Asia,High income,2008,9.626679,2.7,130.6293,2.295373,27.49359,9.307467171,7.850802557
ROU,Romania,Europe & Central Asia,High income,2009,9.756941,7.9000001,119.7743,1.771981,30.89964,-5.516706158,5.587420043
ROU,Romania,Europe & Central Asia,High income,2010,10.20629,11.853863,119.7578,1.001528,32.69135,-3.905811573,6.091416686
ROU,Romania,Europe & Central Asia,High income,2011,10.13173,14.327957,121.1445,0.2782217,32.46619,4.495589099,5.789253288
ROU,Romania,Europe & Central Asia,High income,2012,8.485225,18.237445,117.357,-1.11114,32.16506,1.903616968,3.334922677
ROU,Romania,Europe & Central Asia,High income,2013,9.323071,21.872975,104.5328,-0.4896105,32.5163,0.278771877,3.984712355
ROU,Romania,Europe & Central Asia,High income,2014,7.786754,13.937696,93.79823,-1.184095,33.10152,4.116001093,1.068309877
ROU,Romania,Europe & Central Asia,High income,2015,10.88855,13.506219,88.91443,1.438508,33.66132,3.157036054,-0.594156437
ROU,Romania,Europe & Central Asia,High income,2016,10.84487,9.6215652,82.82039,1.300003,33.96228,2.859932523,-1.544796668
ROU,Romania,Europe & Central Asia,High income,2017,11.23704,6.4118941,79.24922,1.794239,33.40521,8.195478266,1.339021211
ROU,Romania,Europe & Central Asia,High income,2018,11.30402,4.9565459,78.13582,1.876505,32.92649,5.394522282,4.625484431
ROU,Romania,Europe & Central Asia,High income,2019,11.0667,4.0854798,75.1609,1.512836,32.91,3.960289585,3.827854326
ROU,Romania,Europe & Central Asia,High income,2020,10.99972,3.8332421,68.89413,1.249976,37.6955,-3.59802546,2.631073112
ROU,Romania,Europe & Central Asia,High income,2021,10.34337,,67.0829,1.631996,39.62383,5.587350725,5.052328761
RUS,Russian Federation,Europe & Central Asia,High income,2000,12.82193,7.6999998,,10.46147,,10.00006681,20.79876066
RUS,Russian Federation,Europe & Central Asia,High income,2001,9.660276,6.1999998,98.22432,1.645767,17.12736,5.100051226,21.47700721
RUS,Russian Federation,Europe & Central Asia,High income,2002,10.91969,5.5999999,94.08919,2.72061,19.08868,4.699991909,15.78873079
RUS,Russian Federation,Europe & Central Asia,High income,2003,11.169,5,101.0338,1.688532,19.56805,7.299952345,13.66329302
RUS,Russian Federation,Europe & Central Asia,High income,2004,9.809004,3.3,111.3278,1.564564,20.33102,7.19994787,10.88861573
RUS,Russian Federation,Europe & Central Asia,High income,2005,9.093318,2.5999999,108.5214,4.778236,22.23567,6.399965448,12.68530395
RUS,Russian Federation,Europe & Central Asia,High income,2006,8.526892,2.4000001,114.3442,3.541798,25.19093,8.200068255,9.668654548
RUS,Russian Federation,Europe & Central Asia,High income,2007,7.920403,2.5,120.1138,3.072836,29.28518,8.499977769,9.007298689
RUS,Russian Federation,Europe & Central Asia,High income,2008,7.919699,3.8,140.4487,2.863348,27.54358,5.199969264,14.11076778
RUS,Russian Federation,Europe & Central Asia,High income,2009,6.25236,9.5,117.9001,1.552136,35.73817,-7.799993913,11.64732958
RUS,Russian Federation,Europe & Central Asia,High income,2010,7.224441,8.2343209,106.7326,0.847328,37.36572,4.499999999,6.849392303
RUS,Russian Federation,Europe & Central Asia,High income,2011,7.385437,6.590142,110.5416,1.60116,37.71967,4.300029186,8.440464859
RUS,Russian Federation,Europe & Central Asia,High income,2012,6.76555,6.0266464,116.1174,1.784694,37.81632,4.024086157,5.074743008
RUS,Russian Federation,Europe & Central Asia,High income,2013,6.807406,6.0006913,116.1437,1.89448,41.34742,1.755422149,6.754668339
RUS,Russian Federation,Europe & Central Asia,High income,2014,6.317936,6.7309646,123.0315,1.397622,44.56116,0.736267221,7.8201697
RUS,Russian Federation,Europe & Central Asia,High income,2015,5.400071,8.3472324,106.8892,0.5653926,52.33051,-1.972719226,15.53439599
RUS,Russian Federation,Europe & Central Asia,High income,2016,6.669628,9.444737,106.5985,1.477472,49.81369,0.193671131,7.042437254
RUS,Russian Federation,Europe & Central Asia,High income,2017,7.379331,10.001412,104.4564,1.07016,49.85225,1.826705275,3.683330723
RUS,Russian Federation,Europe & Central Asia,High income,2018,7.177286,10.123598,102.6543,2.202713,49.91624,2.80634082,2.878313826
RUS,Russian Federation,Europe & Central Asia,High income,2019,7.673623,9.2891021,105.1218,2.463371,50.16679,2.198075714,4.472026318
RUS,Russian Federation,Europe & Central Asia,High income,2020,6.899168,8.7605155,102.2596,1.711122,58.6422,-2.653654497,3.382197969
RUS,Russian Federation,Europe & Central Asia,High income,2021,6.866006,,104.3566,0.2874783,53.92334,5.866491773,6.69445892
RWA,Rwanda,Sub-Saharan Africa,Low income,2000,,,78.59193,,13.04186,8.370895936,3.899529803
RWA,Rwanda,Sub-Saharan Africa,Low income,2001,13.45623,74.099998,75.01096,,13.52259,8.484560341,3.342855067
RWA,Rwanda,Sub-Saharan Africa,Low income,2002,10.79437,57,71.27401,3.701419,14.59474,13.19207363,1.992585425
RWA,Rwanda,Sub-Saharan Africa,Low income,2003,11.63616,33,70.86633,4.509434,13.45135,2.20238751,7.44970014
RWA,Rwanda,Sub-Saharan Africa,Low income,2004,11.19524,31,72.6344,3.264566,14.56304,7.44766737,12.25071029
RWA,Rwanda,Sub-Saharan Africa,Low income,2005,10.17659,29,77.38924,1.86189,14.2074,9.377899166,9.014089181
RWA,Rwanda,Sub-Saharan Africa,Low income,2006,11.99285,25,91.20049,3.292138,12.64743,9.22707577,8.882826548
RWA,Rwanda,Sub-Saharan Africa,Low income,2007,14.57865,16.9,83.77258,2.230692,14.11015,7.63329819,9.080722059
RWA,Rwanda,Sub-Saharan Africa,Low income,2008,16.11111,12.6,103.5674,3.677221,12.74788,11.16124732,15.43821387
RWA,Rwanda,Sub-Saharan Africa,Low income,2009,16.80611,13.1,92.11725,1.852898,11.90645,6.248257507,12.94439784
RWA,Rwanda,Sub-Saharan Africa,Low income,2010,19.62815,7.3323491,87.24824,3.097007,13.00011,7.33465645,-0.246128693
RWA,Rwanda,Sub-Saharan Africa,Low income,2011,21.64436,5.5928051,87.65536,3.090684,14.89601,7.958388699,3.080170692
RWA,Rwanda,Sub-Saharan Africa,Low income,2012,22.81995,5.1062103,103.5353,2.873992,15.00982,8.641508157,10.27101823
RWA,Rwanda,Sub-Saharan Africa,Low income,2013,17.65331,5.9327651,102.0113,0.8217863,15.71323,4.71984857,5.92426868
RWA,Rwanda,Sub-Saharan Africa,Low income,2014,18.74671,5.2237264,103.0253,2.064922,16.87862,5.668453542,2.354490528
RWA,Rwanda,Sub-Saharan Africa,Low income,2015,20.39169,5.9061271,112.248,2.650493,18.47152,8.870367529,2.528502842
RWA,Rwanda,Sub-Saharan Africa,Low income,2016,20.22506,7.6168375,111.8415,2.336445,18.13945,5.658745842,7.17434302
RWA,Rwanda,Sub-Saharan Africa,Low income,2017,18.42664,7.2249359,116.0548,1.796109,17.60125,4.703934398,8.279536723
RWA,Rwanda,Sub-Saharan Africa,Low income,2018,22.24675,5.8113029,108.8573,2.932682,19.5,8.070842546,-0.31121016
RWA,Rwanda,Sub-Saharan Africa,Low income,2019,23.55324,4.3815274,107.2499,4.258003,19.87505,9.286133875,3.34787655
RWA,Rwanda,Sub-Saharan Africa,Low income,2020,21.75867,4.3728554,105.3181,3.55724,23.63611,-2.777104855,9.850399023
RWA,Rwanda,Sub-Saharan Africa,Low income,2021,21.42436,,101.9962,3.893489,24.75055,8.411404486,-0.391346748
WSM,Samoa,East Asia & Pacific,Upper middle income,2000,,,88.55052,,31.75421,5.093044692,0.96678235
WSM,Samoa,East Asia & Pacific,Upper middle income,2001,,,95.23862,,30.42377,7.390129062,3.838284639
WSM,Samoa,East Asia & Pacific,Upper middle income,2002,,,95.39595,,31.32129,5.651959199,8.050314465
WSM,Samoa,East Asia & Pacific,Upper middle income,2003,,,90.14658,,33.21392,5.212628926,0.115830116
WSM,Samoa,East Asia & Pacific,Upper middle income,2004,,,93.84583,,32.57452,3.087260238,16.31315079
WSM,Samoa,East Asia & Pacific,Upper middle income,2005,,,100.7899,,33.70101,6.639203613,1.856763926
WSM,Samoa,East Asia & Pacific,Upper middle income,2006,,,107.7695,5.860273,35.85838,2.132127147,3.700086806
WSM,Samoa,East Asia & Pacific,Upper middle income,2007,,10.8,101.2387,,32.11004,0.48598255,5.577063932
WSM,Samoa,East Asia & Pacific,Upper middle income,2008,,8.8000002,103.3626,,33.29485,3.556104674,11.56590684
WSM,Samoa,East Asia & Pacific,Upper middle income,2009,,9.6999998,95.15189,,38.71093,-0.541677602,6.324953362
WSM,Samoa,East Asia & Pacific,Upper middle income,2010,,4.7,93.26685,,40.83054,6.124719923,0.777007269
WSM,Samoa,East Asia & Pacific,Upper middle income,2011,,4.8,107.8368,,36.86506,3.849077947,5.235415915
WSM,Samoa,East Asia & Pacific,Upper middle income,2012,,5.2,111.8584,,36.86167,-3.732130209,2.049018835
WSM,Samoa,East Asia & Pacific,Upper middle income,2013,,5.8,105.8804,,38.73689,0.107293276,0.610085721
WSM,Samoa,East Asia & Pacific,Upper middle income,2014,,6.9,104.2413,,41.8046,0.659923769,-0.406816088
WSM,Samoa,East Asia & Pacific,Upper middle income,2015,,5.3,104.043,,40.27232,3.850361817,0.724470135
WSM,Samoa,East Asia & Pacific,Upper middle income,2016,,3.724058,113.3782,,41.25375,7.983862878,1.304718693
WSM,Samoa,East Asia & Pacific,Upper middle income,2017,,5.28,101.3474,,47.6862,1.4062824,1.749896775
WSM,Samoa,East Asia & Pacific,Upper middle income,2018,,3.6041615,98.6543,,50.22976,-0.609647103,4.197458887
WSM,Samoa,East Asia & Pacific,Upper middle income,2019,,3.9524876,100.8885,,50.55165,4.451858917,0.98232657
WSM,Samoa,East Asia & Pacific,Upper middle income,2020,,2.9047599,97.8857,,57.58814,-3.108644859,-1.568912477
WSM,Samoa,East Asia & Pacific,Upper middle income,2021,,,97.81008,,59.17543,-5.043505897,3.133204732
SMR,San Marino,Europe & Central Asia,High income,2004,12.40334,,39.67048,,152.2239,4.548844146,1.430838685
SMR,San Marino,Europe & Central Asia,High income,2005,11.32164,,41.49189,1.042165,147.7575,2.42510699,1.685488905
SMR,San Marino,Europe & Central Asia,High income,2006,11.14325,,73.4668,1.114361,132.9018,3.830083565,2.095259356
SMR,San Marino,Europe & Central Asia,High income,2007,12.03913,,74.90311,1.192068,117.1631,7.109322602,2.498945757
SMR,San Marino,Europe & Central Asia,High income,2008,10.26313,,88.85787,1.08349,110.4904,-0.500939261,4.293202493
SMR,San Marino,Europe & Central Asia,High income,2009,13.31269,,91.95659,1.102488,114.5551,-10.32095658,2.19959237
SMR,San Marino,Europe & Central Asia,High income,2010,10.91494,,100.0741,-1.556122,104.3794,-5.473684211,2.585418156
SMR,San Marino,Europe & Central Asia,High income,2011,12.08994,,108.3466,-0.5306088,96.13476,-8.314773571,2.899795843
SMR,San Marino,Europe & Central Asia,High income,2012,8.635167,,105.9967,-1.63333,101.2741,-7.044534413,2.827332242
SMR,San Marino,Europe & Central Asia,High income,2013,8.504087,,104.06,-0.1129699,104.9245,-0.783972125,1.604392981
SMR,San Marino,Europe & Central Asia,High income,2014,,,104.4419,,113.9441,-0.7023705,1.112963034
SMR,San Marino,Europe & Central Asia,High income,2015,9.490186,,109.5459,,110.2838,2.291503095,0.145686073
SMR,San Marino,Europe & Central Asia,High income,2016,9.715286,,101.3332,-0.1241769,109.094,2.344412118,0.64407534
SMR,San Marino,Europe & Central Asia,High income,2017,11.20281,,105.25,0.3560259,104.1676,0.2582599,1.014133132
SMR,San Marino,Europe & Central Asia,High income,2018,,,96.70627,,101.8186,1.493903998,1.163335223
SMR,San Marino,Europe & Central Asia,High income,2019,,,92.04726,,104.8206,2.065690829,0.472651967
SMR,San Marino,Europe & Central Asia,High income,2020,,,81.77957,,120.0022,-6.64791226,-0.133368898
STP,Sao Tome and Principe,Sub-Saharan Africa,Lower middle income,2009,,,106.3046,,32.23386,3.302399666,16.9574758
STP,Sao Tome and Principe,Sub-Saharan Africa,Lower middle income,2010,,,112.2591,,33.03972,1.448455229,13.34005235
STP,Sao Tome and Principe,Sub-Saharan Africa,Lower middle income,2011,,,117.3532,,32.43637,1.999432103,14.32716676
STP,Sao Tome and Principe,Sub-Saharan Africa,Lower middle income,2012,,,109.4073,,33.48449,2.942942774,10.63793534
STP,Sao Tome and Principe,Sub-Saharan Africa,Lower middle income,2013,,,91.23931,,34.2286,5.119677354,8.105832709
STP,Sao Tome and Principe,Sub-Saharan Africa,Lower middle income,2014,,,76.20715,,34.95527,4.906210487,6.99849944
STP,Sao Tome and Principe,Sub-Saharan Africa,Lower middle income,2015,,,71.2457,,36.71444,1.539704283,5.24587835
STP,Sao Tome and Principe,Sub-Saharan Africa,Lower middle income,2016,,,80.32694,,31.60236,5.176824687,5.430519661
STP,Sao Tome and Principe,Sub-Saharan Africa,Lower middle income,2017,,,82.79881,,29.26446,4.112979663,5.690296199
STP,Sao Tome and Principe,Sub-Saharan Africa,Lower middle income,2018,,,68.38172,,31.91876,4.378128083,7.868596289
STP,Sao Tome and Principe,Sub-Saharan Africa,Lower middle income,2019,,,72.44411,,28.46435,2.014316721,7.720245252
STP,Sao Tome and Principe,Sub-Saharan Africa,Lower middle income,2020,,,64.64454,,29.04135,2.624859495,9.819327915
SAU,Saudi Arabia,"Middle East, North Africa, Afghanistan & Pakistan",High income,2000,14.78122,10.4,150.1757,1.856498,16.13818,4.718134221,-1.124998385
SAU,Saudi Arabia,"Middle East, North Africa, Afghanistan & Pakistan",High income,2001,15.86522,10.1,143.399,2.119765,18.89168,0.344593196,-1.120948049
SAU,Saudi Arabia,"Middle East, North Africa, Afghanistan & Pakistan",High income,2002,16.26934,8.8000002,136.9965,2.201871,21.1307,-0.68839013,0.247186492
SAU,Saudi Arabia,"Middle East, North Africa, Afghanistan & Pakistan",High income,2003,16.81513,5.4000001,136.1835,2.295881,20.73179,8.768733817,0.612195358
SAU,Saudi Arabia,"Middle East, North Africa, Afghanistan & Pakistan",High income,2004,17.04707,2.8,154.032,2.720697,21.00489,8.631005459,0.515507898
SAU,Saudi Arabia,"Middle East, North Africa, Afghanistan & Pakistan",High income,2005,20.27435,1.9,197.8927,3.549048,17.89806,5.944896239,0.479231672
SAU,Saudi Arabia,"Middle East, North Africa, Afghanistan & Pakistan",High income,2006,21.31219,2,195.3953,3.95236,17.2597,3.313484736,2.209023141
SAU,Saudi Arabia,"Middle East, North Africa, Afghanistan & Pakistan",High income,2007,19.01566,2.0999999,185.2667,2.916721,20.00981,2.213653964,4.167823584
SAU,Saudi Arabia,"Middle East, North Africa, Afghanistan & Pakistan",High income,2008,17.60366,1.4,214.1478,1.985485,17.59732,6.237987537,9.870248168
SAU,Saudi Arabia,"Middle East, North Africa, Afghanistan & Pakistan",High income,2009,18.55674,3.3,169.382,1.793749,26.93895,-1.066717112,5.057222761
SAU,Saudi Arabia,"Middle East, North Africa, Afghanistan & Pakistan",High income,2010,19.66166,2.9681847,146.2603,1.80772,26.77703,5.039515082,5.33941733
SAU,Saudi Arabia,"Middle East, North Africa, Afghanistan & Pakistan",High income,2011,20.33305,2.2241199,133.8043,2.029068,25.48549,11.75882069,5.826216374
SAU,Saudi Arabia,"Middle East, North Africa, Afghanistan & Pakistan",High income,2012,20.28142,1.6697937,132.9527,2.020993,27.33245,5.761573823,2.866270299
SAU,Saudi Arabia,"Middle East, North Africa, Afghanistan & Pakistan",High income,2013,20.13049,1.3068388,131.2994,2.03412,30.63141,2.945637892,3.511042098
SAU,Saudi Arabia,"Middle East, North Africa, Afghanistan & Pakistan",High income,2014,20.10879,1.0803381,126.9252,2.115638,34.89481,4.024671584,2.241853488
SAU,Saudi Arabia,"Middle East, North Africa, Afghanistan & Pakistan",High income,2015,20.9861,1.2369869,140.4283,2.072059,39.81891,4.655123167,1.222693186
SAU,Saudi Arabia,"Middle East, North Africa, Afghanistan & Pakistan",High income,2016,21.9313,1.383359,144.0163,1.847714,40.35257,1.704047392,2.053470768
SAU,Saudi Arabia,"Middle East, North Africa, Afghanistan & Pakistan",High income,2017,23.45901,1.6136491,139.3031,1.985981,38.74525,1.182107059,-0.834845735
SAU,Saudi Arabia,"Middle East, North Africa, Afghanistan & Pakistan",High income,2018,22.69943,1.9523179,,2.183665,,3.22695089,2.46594309
SAU,Saudi Arabia,"Middle East, North Africa, Afghanistan & Pakistan",High income,2019,23.47289,1.8583904,,2.053569,,1.651589256,-1.192986445
SAU,Saudi Arabia,"Middle East, North Africa, Afghanistan & Pakistan",High income,2020,21.82094,2.1829055,,1.343502,,-3.80478902,3.37234961
SAU,Saudi Arabia,"Middle East, North Africa, Afghanistan & Pakistan",High income,2021,24.37054,,,1.689419,,6.519596983,3.063289889
SEN,Senegal,Sub-Saharan Africa,Lower middle income,2000,14.39449,18.1,101.0692,2.315742,14.35381,3.887210958,0.731981982
SEN,Senegal,Sub-Saharan Africa,Lower middle income,2001,14.93106,17.799999,95.97423,2.348436,14.24837,4.310851466,2.974500839
SEN,Senegal,Sub-Saharan Africa,Lower middle income,2002,15.0049,18.5,88.29114,2.748963,15.8926,0.068696575,2.337301875
SEN,Senegal,Sub-Saharan Africa,Lower middle income,2003,14.74921,13.3,84.20015,2.950066,18.26589,5.593950945,-0.051997024
SEN,Senegal,Sub-Saharan Africa,Lower middle income,2004,14.41951,12.6,78.64922,2.840348,20.43123,4.643293937,0.514781781
SEN,Senegal,Sub-Saharan Africa,Lower middle income,2005,14.75033,11.9,91.27079,2.483478,20.08323,4.310238526,1.711333259
SEN,Senegal,Sub-Saharan Africa,Lower middle income,2006,14.96881,16.799999,86.55933,2.67571,20.91139,2.330770983,2.112285839
SEN,Senegal,Sub-Saharan Africa,Lower middle income,2007,14.2821,18.6,83.71924,1.936517,21.84554,2.827119201,5.853304285
SEN,Senegal,Sub-Saharan Africa,Lower middle income,2008,15.3983,17.4,94.57041,1.735804,20.17979,3.703169064,7.347202366
SEN,Senegal,Sub-Saharan Africa,Lower middle income,2009,18.36465,18.700001,86.33007,2.775721,22.70483,2.752104485,-2.248021479
SEN,Senegal,Sub-Saharan Africa,Lower middle income,2010,17.7976,20.2383,83.12641,2.136838,24.71463,3.390889253,1.228681197
SEN,Senegal,Sub-Saharan Africa,Lower middle income,2011,16.5556,16.200001,92.25888,1.844846,25.17761,1.33409108,3.403228298
SEN,Senegal,Sub-Saharan Africa,Lower middle income,2012,15.82616,18.389999,93.05147,1.493291,25.51473,4.002995551,1.418228712
SEN,Senegal,Sub-Saharan Africa,Lower middle income,2013,16.22482,19.1,96.60806,1.761437,26.72422,2.412385276,0.710245487
SEN,Senegal,Sub-Saharan Africa,Lower middle income,2014,11.45501,20.799999,91.89613,-0.0519497,28.52213,6.224074438,-1.090255074
SEN,Senegal,Sub-Saharan Africa,Lower middle income,2015,12.98558,18.799999,87.65439,0.7016658,29.63164,6.367043651,0.135211934
SEN,Senegal,Sub-Saharan Africa,Lower middle income,2016,13.84004,,95.34614,1.258524,29.10798,6.356068572,0.837284943
SEN,Senegal,Sub-Saharan Africa,Lower middle income,2017,14.24647,,101.1528,1.944157,29.28517,7.407486186,1.318153148
SEN,Senegal,Sub-Saharan Africa,Lower middle income,2018,14.17325,,93.24923,1.674491,31.64952,6.209241034,0.460985642
SEN,Senegal,Sub-Saharan Africa,Lower middle income,2019,15.72905,,92.21908,1.994426,32.104,4.613628098,1.760111512
SEN,Senegal,Sub-Saharan Africa,Lower middle income,2020,15.87033,,85.06997,1.072107,34.25212,1.342073773,2.543146857
SEN,Senegal,Sub-Saharan Africa,Lower middle income,2021,,,82.59658,,34.92543,6.544001099,2.180322781
SRB,Serbia,Europe & Central Asia,Upper middle income,2000,10.7852,,348.7074,3.303287,12.45974,6.055089729,71.12062879
SRB,Serbia,Europe & Central Asia,Upper middle income,2001,8.387685,,257.5883,-0.2523238,11.5334,6.778522794,95.00522581
SRB,Serbia,Europe & Central Asia,Upper middle income,2002,12.81763,21.6,113.7136,-4.681533,13.39347,6.541046003,19.49083216
SRB,Serbia,Europe & Central Asia,Upper middle income,2003,15.75848,24.1,108.4961,1.594106,15.42834,4.559689979,9.876178897
SRB,Serbia,Europe & Central Asia,Upper middle income,2004,11.99059,22.200001,116.5999,-1.904256,17.80025,6.686868369,11.02636272
SRB,Serbia,Europe & Central Asia,Upper middle income,2005,11.89525,,122.4334,0.6207228,21.5544,5.903496229,16.11998065
SRB,Serbia,Europe & Central Asia,Upper middle income,2006,13.97283,,102.8696,1.902102,25.47306,3.900666446,11.724023
SRB,Serbia,Europe & Central Asia,Upper middle income,2007,15.2164,,98.14558,1.960159,32.34436,7.83207023,6.391706444
SRB,Serbia,Europe & Central Asia,Upper middle income,2008,16.47131,11.3,120.5096,1.775965,30.51856,5.160893272,12.41098678
SRB,Serbia,Europe & Central Asia,Upper middle income,2009,13.94374,15.7,111.4915,0.8606561,35.9399,-3.142610754,8.116950922
SRB,Serbia,Europe & Central Asia,Upper middle income,2010,12.80803,16.9,121.9339,0.915598,38.61277,1.610972814,6.142553602
SRB,Serbia,Europe & Central Asia,Upper middle income,2011,13.79661,20,118.0569,0.9906685,37.94694,0.054272484,11.13739763
SRB,Serbia,Europe & Central Asia,Upper middle income,2012,13.56259,18.6,117.0678,0.7008064,39.72554,-0.443956071,7.330385896
SRB,Serbia,Europe & Central Asia,Upper middle income,2013,13.25022,21.370001,107.906,-0.4086407,37.92784,0.451578805,7.694263629
SRB,Serbia,Europe & Central Asia,Upper middle income,2014,13.18096,21.540001,100.3975,-0.1930405,40.60579,-1.804270417,2.082447939
SRB,Serbia,Europe & Central Asia,Upper middle income,2015,14.26519,21.58,97.45053,0.3489794,41.68076,1.295738635,1.39235822
SRB,Serbia,Europe & Central Asia,Upper middle income,2016,13.32902,,92.74259,0.8375835,44.06151,2.975198072,1.122313974
SRB,Serbia,Europe & Central Asia,Upper middle income,2017,14.35747,,92.96193,2.193372,43.31158,2.363403125,3.131062486
SRB,Serbia,Europe & Central Asia,Upper middle income,2018,13.33905,,88.33657,2.117283,46.8532,4.649350355,1.959840763
SRB,Serbia,Europe & Central Asia,Upper middle income,2019,12.55498,,88.30039,1.746955,47.54742,4.750207939,1.849229845
SRB,Serbia,Europe & Central Asia,Upper middle income,2020,11.06735,,82.60668,1.07543,55.03342,-0.950023992,1.575532901
SRB,Serbia,Europe & Central Asia,Upper middle income,2021,10.3452,,79.30362,1.05743,54.74428,7.949056505,4.085102853
SYC,Seychelles,Sub-Saharan Africa,High income,2000,,,19.64924,,84.24956,4.253198349,6.268768769
SYC,Seychelles,Sub-Saharan Africa,High income,2001,,,20.35877,,88.44646,-2.271162886,5.969622042
SYC,Seychelles,Sub-Saharan Africa,High income,2002,,,21.50322,,94.26296,1.212832903,0.175
SYC,Seychelles,Sub-Saharan Africa,High income,2003,,,26.05787,,100.071,-5.887128488,3.302553864
SYC,Seychelles,Sub-Saharan Africa,High income,2004,,,29.66072,,85.07276,-2.850453977,3.857303914
SYC,Seychelles,Sub-Saharan Africa,High income,2005,,,30.80552,,80.46818,9.005761737,0.907187718
SYC,Seychelles,Sub-Saharan Africa,High income,2006,,4.4000001,29.9579,,75.99327,9.406128557,-0.353465499
SYC,Seychelles,Sub-Saharan Africa,High income,2007,,2.3,41.49903,,59.75048,8.876066456,5.320600273
SYC,Seychelles,Sub-Saharan Africa,High income,2008,,2,49.85957,,60.13996,-2.725946262,36.96475829
SYC,Seychelles,Sub-Saharan Africa,High income,2009,,3.8,39.23682,,51.16314,-2.479375947,31.75444077
SYC,Seychelles,Sub-Saharan Africa,High income,2010,15.39346,5.4660637,42.73899,,57.19847,4.505132043,-2.404638751
SYC,Seychelles,Sub-Saharan Africa,High income,2011,15.82073,8.1227793,42.10329,4.445877,55.29537,9.509783352,2.559267722
SYC,Seychelles,Sub-Saharan Africa,High income,2012,16.37605,9.0088717,45.86314,4.061686,46.76862,3.110678494,7.110370623
SYC,Seychelles,Sub-Saharan Africa,High income,2013,13.62648,9.2214767,39.75175,3.211538,53.59742,1.253734962,4.338938483
SYC,Seychelles,Sub-Saharan Africa,High income,2014,,7.98988,39.32658,,63.97478,4.063691812,1.385834546
SYC,Seychelles,Sub-Saharan Africa,High income,2015,16.14088,7.5875243,41.31228,4.352823,61.28966,8.914008875,4.041944107
SYC,Seychelles,Sub-Saharan Africa,High income,2016,15.66881,6.7521847,40.58073,4.233529,66.4664,12.11752725,-1.015481917
SYC,Seychelles,Sub-Saharan Africa,High income,2017,15.03939,8.122551,40.83375,3.47244,70.81847,6.954162188,2.856795756
SYC,Seychelles,Sub-Saharan Africa,High income,2018,14.33822,4.4310361,42.31364,3.439552,74.02756,4.939472723,3.702918391
SYC,Seychelles,Sub-Saharan Africa,High income,2019,13.49258,3.4904045,45.13959,2.853671,82.14394,5.514292074,1.807094008
SYC,Seychelles,Sub-Saharan Africa,High income,2020,10.41336,3.265799,41.73017,0.5367852,118.3747,-11.73986083,1.20266464
SYC,Seychelles,Sub-Saharan Africa,High income,2021,,,34.67099,,112.5052,0.552281631,9.76909937
SLE,Sierra Leone,Sub-Saharan Africa,Low income,2000,9.566015,37.900002,22.32099,18.74479,9.104687,6.652730284,
SLE,Sierra Leone,Sub-Saharan Africa,Low income,2001,8.203199,,19.92178,11.15061,7.642139,-6.345455633,
SLE,Sierra Leone,Sub-Saharan Africa,Low income,2002,7.864415,11,23.44563,10.62207,8.196959,26.52413507,
SLE,Sierra Leone,Sub-Saharan Africa,Low income,2003,7.747105,7.4000001,35.68196,9.92669,7.873048,9.483631269,
SLE,Sierra Leone,Sub-Saharan Africa,Low income,2004,6.878253,16.5,40.2221,10.57502,8.473548,6.478845884,
SLE,Sierra Leone,Sub-Saharan Africa,Low income,2005,6.946165,26.799999,32.61402,7.510832,9.904053,4.353499807,
SLE,Sierra Leone,Sub-Saharan Africa,Low income,2006,6.430386,26.9,32.01957,5.261104,10.42659,4.283110623,
SLE,Sierra Leone,Sub-Saharan Africa,Low income,2007,5.640816,25.6,35.20686,1.11961,11.49651,3.749758048,11.64997445
SLE,Sierra Leone,Sub-Saharan Africa,Low income,2008,5.478985,17.9,42.73384,1.352531,12.7317,3.686059699,8.211124323
SLE,Sierra Leone,Sub-Saharan Africa,Low income,2009,4.718742,10.6,48.1051,1.010594,14.86448,1.53080324,7.469018985
SLE,Sierra Leone,Sub-Saharan Africa,Low income,2010,5.019616,15.61,47.76306,3.436295,15.99553,6.355665958,7.185662757
SLE,Sierra Leone,Sub-Saharan Africa,Low income,2011,4.752051,15.08,46.96915,3.655703,15.90266,8.100655187,6.79138292
SLE,Sierra Leone,Sub-Saharan Africa,Low income,2012,5.187551,14.74,40.01231,3.53079,15.35821,10.57833166,6.587762394
SLE,Sierra Leone,Sub-Saharan Africa,Low income,2013,2.794639,22.42,34.06775,0.0821522,13.83931,14.66332381,5.52412878
SLE,Sierra Leone,Sub-Saharan Africa,Low income,2014,4.296255,33.439999,30.25475,2.260487,16.00868,-7.815015125,4.639311714
SLE,Sierra Leone,Sub-Saharan Africa,Low income,2015,3.957631,31.73,28.14066,3.217592,18.53644,-4.363332621,6.689435625
SLE,Sierra Leone,Sub-Saharan Africa,Low income,2016,2.730522,,27.33238,2.194194,19.89653,6.437436528,10.88606094
SLE,Sierra Leone,Sub-Saharan Africa,Low income,2017,4.344736,,27.60905,5.563822,18.07655,3.207860877,18.2215094
SLE,Sierra Leone,Sub-Saharan Africa,Low income,2018,4.798911,,31.62324,4.857611,17.61351,2.893856412,16.02954477
SLE,Sierra Leone,Sub-Saharan Africa,Low income,2019,6.342023,,34.49783,6.700215,17.40051,5.502709374,14.80499909
SLE,Sierra Leone,Sub-Saharan Africa,Low income,2020,,,26.21218,,21.58981,-1.253349032,13.44687111
SLE,Sierra Leone,Sub-Saharan Africa,Low income,2021,,,28.83796,,23.66052,5.896852705,11.87395888
SGP,Singapore,East Asia & Pacific,High income,2000,33.07765,3.4000001,99.67045,1.496478,96.36362,9.038316326,1.361623924
SGP,Singapore,East Asia & Pacific,High income,2001,16.84131,8,109.4693,0.6395913,105.0688,-1.070862751,0.997197956
SGP,Singapore,East Asia & Pacific,High income,2002,9.248308,7.6999998,100.655,1.101344,101.3579,3.923360767,-0.391676867
SGP,Singapore,East Asia & Pacific,High income,2003,20.99594,6.6999998,97.94659,0.3712229,106.9787,4.548255426,0.5079053
SGP,Singapore,East Asia & Pacific,High income,2004,35.13112,5,96.29768,2.507936,99.40904,9.939982684,1.662727199
SGP,Singapore,East Asia & Pacific,High income,2005,38.18454,3.8,92.48829,1.850919,96.46959,7.366322393,0.425106277
SGP,Singapore,East Asia & Pacific,High income,2006,35.34369,2.8,80.55973,1.782531,104.6265,9.006766079,0.965657519
SGP,Singapore,East Asia & Pacific,High income,2007,32.43557,1.5,82.86234,1.485013,103.0041,9.021519513,2.109801667
SGP,Singapore,East Asia & Pacific,High income,2008,32.21789,1.4,85.26715,1.441241,114.7736,1.863483455,6.635440584
SGP,Singapore,East Asia & Pacific,High income,2009,35.48017,2,77.93083,1.191884,124.2912,0.127953383,0.58914202
SGP,Singapore,East Asia & Pacific,High income,2010,36.93113,1.4063543,81.45232,1.452676,116.4588,14.51974971,2.828845276
SGP,Singapore,East Asia & Pacific,High income,2011,33.22896,1.0604556,87.87272,1.191618,119.1537,6.214934169,5.251156246
SGP,Singapore,East Asia & Pacific,High income,2012,35.28123,1.0426281,92.78046,1.431416,121.7642,4.435497594,4.580844794
SGP,Singapore,East Asia & Pacific,High income,2013,29.91776,0.86694161,102.2344,1.211522,121.3545,4.817630991,2.364397937
SGP,Singapore,East Asia & Pacific,High income,2014,30.30799,0.75653286,106.2894,1.104622,120.548,3.935540277,1.033169559
SGP,Singapore,East Asia & Pacific,High income,2015,31.09669,0.92406291,106.6203,1.09713,114.8199,2.976799316,-0.521975612
SGP,Singapore,East Asia & Pacific,High income,2016,31.47979,1.2225331,104.1535,1.028041,118.8911,3.910953063,-0.52980976
SGP,Singapore,East Asia & Pacific,High income,2017,30.39888,1.4002009,106.6472,1.083235,113.417,4.326793708,0.576763191
SGP,Singapore,East Asia & Pacific,High income,2018,30.09148,1.3095179,107.4157,1.231242,109.9155,3.186608485,0.438784215
SGP,Singapore,East Asia & Pacific,High income,2019,30.40521,1.3064222,105.0424,1.258562,114.2686,1.158779473,0.567829988
SGP,Singapore,East Asia & Pacific,High income,2020,28.14932,,94.00211,0.7793937,141.1438,-3.610842817,-0.172111866
SGP,Singapore,East Asia & Pacific,High income,2021,28.62815,,,1.011586,,10.14108452,2.316103158
SVK,Slovak Republic,Europe & Central Asia,High income,2000,22.12504,13.7,89.76377,-0.0196797,55.9695,0.789224478,12.0357806
SVK,Slovak Republic,Europe & Central Asia,High income,2001,11.48607,12.3,64.19086,-0.1043072,57.12802,2.925160772,7.329620191
SVK,Slovak Republic,Europe & Central Asia,High income,2002,18.1206,7.9000001,70.75642,0.834983,54.68303,4.417253483,3.12714223
SVK,Slovak Republic,Europe & Central Asia,High income,2003,19.85779,3.7,56.22308,0.8506033,53.94509,4.856698516,8.554143054
SVK,Slovak Republic,Europe & Central Asia,High income,2004,16.85025,2.5999999,56.59176,0.6084674,51.60731,5.38949857,7.548500882
SVK,Slovak Republic,Europe & Central Asia,High income,2005,11.36687,5,71.50401,0.8910167,47.94576,6.484932223,2.709084946
SVK,Slovak Republic,Europe & Central Asia,High income,2006,12.69812,3.2,72.0346,0.7840589,46.83017,8.925687048,4.483331204
SVK,Slovak Republic,Europe & Central Asia,High income,2007,18.69591,2.5,78.93279,1.31335,47.32447,10.81862951,2.756723716
SVK,Slovak Republic,Europe & Central Asia,High income,2008,22.98237,2.5,81.03162,0.4608318,50.17479,5.363377212,4.598179763
SVK,Slovak Republic,Europe & Central Asia,High income,2009,19.02479,5.3000002,91.91548,-0.0632572,48.81557,-5.50533791,1.615104641
SVK,Slovak Republic,Europe & Central Asia,High income,2010,20.42406,5.8363142,96.04597,0.850865,46.30453,6.790581591,0.957018133
SVK,Slovak Republic,Europe & Central Asia,High income,2011,22.58274,5.6128703,103.984,0.2550948,44.31807,2.562424732,3.919285991
SVK,Slovak Republic,Europe & Central Asia,High income,2012,26.04955,5.2225106,99.43919,1.218792,46.63143,1.569171047,3.606102635
SVK,Slovak Republic,Europe & Central Asia,High income,2013,25.41874,5.1393756,98.24396,1.293345,48.79726,0.703323545,1.40047369
SVK,Slovak Republic,Europe & Central Asia,High income,2014,25.37936,5.3468933,101.581,1.166104,49.01508,2.707951514,-0.07616533
SVK,Slovak Republic,Europe & Central Asia,High income,2015,25.17801,4.8708718,101.6895,1.348747,51.76406,5.176879097,-0.325219777
SVK,Slovak Republic,Europe & Central Asia,High income,2016,24.57373,4.4436613,106.2122,1.610402,53.74394,1.947818415,-0.520010196
SVK,Slovak Republic,Europe & Central Asia,High income,2017,23.39309,3.701005,109.4579,1.276792,55.02759,2.874733275,1.311945882
SVK,Slovak Republic,Europe & Central Asia,High income,2018,22.45472,3.0775617,112.0951,1.149888,55.32589,4.062119819,2.514037129
SVK,Slovak Republic,Europe & Central Asia,High income,2019,21.82637,2.8711831,109.3801,1.045277,57.38645,2.2758991,2.664561334
SVK,Slovak Republic,Europe & Central Asia,High income,2020,21.19142,2.5300127,107.3086,0.7383872,62.62526,-2.585512417,1.936941267
SVK,Slovak Republic,Europe & Central Asia,High income,2021,18.92566,,108.9573,0.8944933,62.70656,5.655858807,3.149606299
SVN,Slovenia,Europe & Central Asia,High income,2000,3.912941,6.5,79.97045,1.500528,44.01591,3.497919421,8.911744187
SVN,Slovenia,Europe & Central Asia,High income,2001,3.628003,,72.57699,0.746388,51.31235,2.828684794,8.379665875
SVN,Slovenia,Europe & Central Asia,High income,2002,3.600383,3.9000001,73.02354,1.350048,52.13235,3.282583714,7.480777707
SVN,Slovenia,Europe & Central Asia,High income,2003,4.520824,3.7,79.88703,1.416877,50.82677,3.195031172,5.544164218
SVN,Slovenia,Europe & Central Asia,High income,2004,4.082457,3,96.43752,1.840326,46.25743,4.546022144,3.592975942
SVN,Slovenia,Europe & Central Asia,High income,2005,3.622822,2.5,110.4283,1.197871,47.34724,3.854127711,2.451501323
SVN,Slovenia,Europe & Central Asia,High income,2006,3.52584,,124.3309,1.352708,48.26414,5.9087813,2.457924442
SVN,Slovenia,Europe & Central Asia,High income,2007,3.529753,,146.2043,1.45054,48.60236,7.139231291,3.657495633
SVN,Slovenia,Europe & Central Asia,High income,2008,3.498496,4.1999998,159.7465,0.7262313,47.82625,3.372238661,5.647423806
SVN,Slovenia,Europe & Central Asia,High income,2009,3.266948,5.8000002,165.0933,0.3735445,50.31721,-7.59058614,0.839262247
SVN,Slovenia,Europe & Central Asia,High income,2010,3.073049,8.2141839,163.9468,-0.2631376,51.87841,1.112137193,1.801170221
SVN,Slovenia,Europe & Central Asia,High income,2011,2.739588,11.814021,156.9047,-1.301926,52.16073,0.655438128,1.802851719
SVN,Slovenia,Europe & Central Asia,High income,2012,2.405031,15.180077,151.0309,-2.145162,52.4844,-2.91553782,2.59741386
SVN,Slovenia,Europe & Central Asia,High income,2013,-0.3259739,13.311325,126.1544,-9.984526,51.79467,-0.823776418,1.769200859
SVN,Slovenia,Europe & Central Asia,High income,2014,4.522314,11.731928,101.426,-0.25193,53.73009,2.762833276,0.199343827
SVN,Slovenia,Europe & Central Asia,High income,2015,5.031046,9.9621152,91.13252,0.4819306,54.73512,2.393306213,-0.525552286
SVN,Slovenia,Europe & Central Asia,High income,2016,5.40246,5.0713769,82.38265,1.063933,56.61009,3.034414867,-0.054999542
SVN,Slovenia,Europe & Central Asia,High income,2017,5.510128,3.2036345,79.48016,1.431911,56.69038,5.174402156,1.429107433
SVN,Slovenia,Europe & Central Asia,High income,2018,5.371148,6.0092175,75.89788,1.515039,57.06962,4.379083473,1.73860862
SVN,Slovenia,Europe & Central Asia,High income,2019,5.114887,3.3647727,73.3947,1.482869,57.83945,3.505253324,1.630522608
SVN,Slovenia,Europe & Central Asia,High income,2020,4.711134,3.017635,64.9587,1.388977,66.75753,-4.085000949,-0.054856816
SVN,Slovenia,Europe & Central Asia,High income,2021,4.485082,,62.96204,1.231269,65.23056,8.416864577,1.917065061
SLB,Solomon Islands,East Asia & Pacific,Lower middle income,2000,,,53.83293,,18.45835,-14.27699951,7.88956187
SLB,Solomon Islands,East Asia & Pacific,Lower middle income,2001,,,50.61823,,15.7869,-7.956605505,6.925837321
SLB,Solomon Islands,East Asia & Pacific,Lower middle income,2002,,,53.55621,,15.336,-2.799983894,10.92963419
SLB,Solomon Islands,East Asia & Pacific,Lower middle income,2003,,,52.76413,,14.23845,6.523467609,8.269463493
SLB,Solomon Islands,East Asia & Pacific,Lower middle income,2004,,,49.10593,,14.99423,7.683641022,6.985842027
SLB,Solomon Islands,East Asia & Pacific,Lower middle income,2005,,,55.64254,,17.74646,7.359079177,7.330663416
SLB,Solomon Islands,East Asia & Pacific,Lower middle income,2006,,,69.43783,,19.98905,4.137262397,11.21998702
SLB,Solomon Islands,East Asia & Pacific,Lower middle income,2007,,,87.43365,,21.52212,3.639734996,7.666020135
SLB,Solomon Islands,East Asia & Pacific,Lower middle income,2008,,,105.0338,,20.06367,6.225906362,17.3200652
SLB,Solomon Islands,East Asia & Pacific,Lower middle income,2009,,,80.27766,,23.29605,2.864863096,7.092717169
SLB,Solomon Islands,East Asia & Pacific,Lower middle income,2010,,9.3056527,70.13013,,22.77866,9.708172355,1.051481633
SLB,Solomon Islands,East Asia & Pacific,Lower middle income,2011,,5.7530388,58.00693,,25.66956,7.430237521,7.34270706
SLB,Solomon Islands,East Asia & Pacific,Lower middle income,2012,,3.5807796,50.18825,,28.78656,2.465918377,5.912006025
SLB,Solomon Islands,East Asia & Pacific,Lower middle income,2013,,7.046023,50.2122,,30.92086,5.237447047,5.391363886
SLB,Solomon Islands,East Asia & Pacific,Lower middle income,2014,,4.6885028,55.61066,,30.97565,1.189455095,5.165902379
SLB,Solomon Islands,East Asia & Pacific,Lower middle income,2015,,4.1344975,56.35437,,33.97303,1.67578612,-0.574469286
SLB,Solomon Islands,East Asia & Pacific,Lower middle income,2016,,3.8466206,55.69419,,36.39733,5.554943483,0.512485626
SLB,Solomon Islands,East Asia & Pacific,Lower middle income,2017,,6.3732571,57.96621,,34.82769,3.075461761,0.48868676
SLB,Solomon Islands,East Asia & Pacific,Lower middle income,2018,,7.1253316,55.82637,,35.18642,2.745852448,3.46147485
SLB,Solomon Islands,East Asia & Pacific,Lower middle income,2019,,10.414261,61.46372,,33.05286,1.749252445,1.63485544
SLB,Solomon Islands,East Asia & Pacific,Lower middle income,2020,,10.785215,59.62223,,34.52121,-3.381259258,2.963549921
SLB,Solomon Islands,East Asia & Pacific,Lower middle income,2021,,,59.84401,,32.87093,-0.227975293,-0.115437894
ZAF,South Africa,Sub-Saharan Africa,Upper middle income,2000,22.8938,,134.1861,1.958312,45.09106,4.200000001,5.338959136
ZAF,South Africa,Sub-Saharan Africa,Upper middle income,2001,18.43819,3.0999999,140.0692,0.9081295,47.67999,2.7,5.70189483
ZAF,South Africa,Sub-Saharan Africa,Upper middle income,2002,,2.9000001,114.4246,,43.80597,3.700374404,9.494713781
ZAF,South Africa,Sub-Saharan Africa,Upper middle income,2003,,2.4000001,117.751,,45.90955,2.949075468,5.679424141
ZAF,South Africa,Sub-Saharan Africa,Upper middle income,2004,11.39129,1.8,124.5179,,44.85678,4.554559907,-0.692039438
ZAF,South Africa,Sub-Saharan Africa,Upper middle income,2005,13.23965,1.8,121.2197,1.92843,48.51344,5.277051973,2.062853082
ZAF,South Africa,Sub-Saharan Africa,Upper middle income,2006,13.35563,1.1,124.9412,2.192344,52.67862,5.603806459,3.243907654
ZAF,South Africa,Sub-Saharan Africa,Upper middle income,2007,13.31298,1.4,126.1763,2.028096,55.78071,5.360474054,6.177812148
ZAF,South Africa,Sub-Saharan Africa,Upper middle income,2008,12.21906,3.9000001,120.0944,1.478116,57.92459,3.191043886,9.90998456
ZAF,South Africa,Sub-Saharan Africa,Upper middle income,2009,13.17148,5.9000001,123.6086,1.113081,54.16007,-1.538089135,7.238095238
ZAF,South Africa,Sub-Saharan Africa,Upper middle income,2010,14.02741,5.7921381,119.064,1.279319,53.13908,3.039732881,4.06749556
ZAF,South Africa,Sub-Saharan Africa,Upper middle income,2011,14.67227,4.680856,110.0362,1.473235,55.82035,3.168556279,5.000853388
ZAF,South Africa,Sub-Saharan Africa,Upper middle income,2012,15.86341,4.0428918,113.3408,1.545372,55.24452,2.396232385,5.737971391
ZAF,South Africa,Sub-Saharan Africa,Upper middle income,2013,14.81967,3.6412867,113.3442,1.197472,54.30928,2.485468008,5.780169101
ZAF,South Africa,Sub-Saharan Africa,Upper middle income,2014,14.72688,3.2448467,111.9613,1.398536,55.1356,1.413826452,6.132829531
ZAF,South Africa,Sub-Saharan Africa,Upper middle income,2015,14.85629,3.1216856,110.0896,1.499118,56.78458,1.321862237,4.518690949
ZAF,South Africa,Sub-Saharan Africa,Upper middle income,2016,16.06648,2.8578079,111.8398,1.661708,54.54013,0.664552308,6.602908424
ZAF,South Africa,Sub-Saharan Africa,Upper middle income,2017,17.25503,2.842,110.4655,1.73253,54.39217,1.157946952,5.186186555
ZAF,South Africa,Sub-Saharan Africa,Upper middle income,2018,15.94073,3.7280208,110.4134,1.493847,54.25428,1.556783847,4.509872649
ZAF,South Africa,Sub-Saharan Africa,Upper middle income,2019,15.87728,3.8923904,111.2078,1.513545,54.26377,0.259935577,4.102850755
ZAF,South Africa,Sub-Saharan Africa,Upper middle income,2020,13.42673,5.1802833,98.08038,0.463257,63.21198,-6.168917715,3.232388316
ZAF,South Africa,Sub-Saharan Africa,Upper middle income,2021,15.46206,,95.62006,1.289003,60.38076,4.858648651,4.618745449
SSD,South Sudan,Sub-Saharan Africa,Low income,2010,5.395299,14,,5.322568,,5.493416395,1.169621803
SSD,South Sudan,Sub-Saharan Africa,Low income,2011,,12.6,9.221322,,4.657083,-4.640316736,46.85217572
SSD,South Sudan,Sub-Saharan Africa,Low income,2012,3.672943,11.8,11.09375,,10.7156,-46.08212237,45.52589784
SSD,South Sudan,Sub-Saharan Africa,Low income,2013,4.130285,8.3999996,13.95224,2.681472,9.326174,13.12973114,-0.058090978
SSD,South Sudan,Sub-Saharan Africa,Low income,2014,,7.9000001,13.79236,,11.25789,3.373648477,1.674299063
SSD,South Sudan,Sub-Saharan Africa,Low income,2015,,5.0999999,7.618937,,23.72924,-10.79336463,52.76633042
SSD,South Sudan,Sub-Saharan Africa,Low income,2017,4.289039,,10.78143,,11.42289,,187.8516303
SSD,South Sudan,Sub-Saharan Africa,Low income,2018,6.846589,,10.29661,1.426866,9.961302,,83.50152949
SSD,South Sudan,Sub-Saharan Africa,Low income,2019,8.104209,,15.09574,1.508114,11.02362,,87.24136415
ESP,Spain,Europe & Central Asia,High income,2000,19.12008,1.2,,0.4232778,,5.200641256,3.433515634
ESP,Spain,Europe & Central Asia,High income,2001,21.66811,1.2,121.0197,0.9491416,78.44572,3.919088808,3.589834133
ESP,Spain,Europe & Central Asia,High income,2002,20.19115,1.1,126.8541,0.7512379,78.29343,2.755456116,3.065656859
ESP,Spain,Europe & Central Asia,High income,2003,19.08102,1,137.6688,0.8126796,77.43179,2.939289595,3.038888394
ESP,Spain,Europe & Central Asia,High income,2004,18.67418,0.80000001,149.9204,1.288034,77.38252,3.11453148,3.039248811
ESP,Spain,Europe & Central Asia,High income,2005,17.20596,0.80000001,166.9451,1.648041,81.45385,3.551225585,3.368814098
ESP,Spain,Europe & Central Asia,High income,2006,16.60573,0.69999999,188.8071,1.138164,83.02663,4.043435156,3.515575768
ESP,Spain,Europe & Central Asia,High income,2007,15.84539,0.89999998,192.5779,1.163852,87.21052,3.533500132,2.786797458
ESP,Spain,Europe & Central Asia,High income,2008,16.24345,2.8,175.1875,0.8827968,97.71708,0.767165748,4.07534336
ESP,Spain,Europe & Central Asia,High income,2009,16.9523,4.0999999,173.9204,0.7926207,100.033,-3.768133069,-0.287813084
ESP,Spain,Europe & Central Asia,High income,2010,17.04772,4.6683721,176.3892,0.6489621,97.52058,0.094122312,1.799864577
ESP,Spain,Europe & Central Asia,High income,2011,14.76838,6.007281,180.1629,-0.0543833,93.12909,-0.639920637,3.196101888
ESP,Spain,Europe & Central Asia,High income,2012,13.64231,7.4839036,163.8961,-1.843031,96.49908,-2.865113686,2.446127824
ESP,Spain,Europe & Central Asia,High income,2013,17.31865,9.3807296,152.7175,-0.0714625,95.92856,-1.427322248,1.408581092
ESP,Spain,Europe & Central Asia,High income,2014,18.74563,8.4527823,134.1425,0.2933438,97.35835,1.520485936,-0.151114838
ESP,Spain,Europe & Central Asia,High income,2015,20.02979,6.1623766,120.5954,0.4345838,98.88009,4.060866725,-0.50036571
ESP,Spain,Europe & Central Asia,High income,2016,20.35452,5.6352576,110.0474,0.2282575,101.3264,2.915155986,-0.202598
ESP,Spain,Europe & Central Asia,High income,2017,19.42108,4.4612021,106.7583,-0.1125716,98.48976,2.896042079,1.956076334
ESP,Spain,Europe & Central Asia,High income,2018,20.27938,3.686425,99.76326,0.5900389,98.81863,2.395411245,1.674981369
ESP,Spain,Europe & Central Asia,High income,2019,20.44179,3.1528272,93.79071,0.5673549,99.93378,1.961178508,0.699518994
ESP,Spain,Europe & Central Asia,High income,2020,16.41497,2.8512267,88.32789,-0.0066826,121.6606,-10.94007064,-0.322753017
ESP,Spain,Europe & Central Asia,High income,2021,16.91558,,80.52996,0.4417025,119.7247,6.683144205,3.09313512
LKA,Sri Lanka,South Asia,Upper middle income,2000,,,86.14383,,33.45423,6.000033158,6.17627591
LKA,Sri Lanka,South Asia,Upper middle income,2001,,,81.72504,,34.36073,-1.545408134,14.1584558
LKA,Sri Lanka,South Asia,Upper middle income,2002,,,82.61411,,34.59084,3.964675685,9.55103167
LKA,Sri Lanka,South Asia,Upper middle income,2003,,,83.36768,,34.6911,5.940269078,6.314637871
LKA,Sri Lanka,South Asia,Upper middle income,2004,,,84.3464,,36.29964,5.445061279,7.57592583
LKA,Sri Lanka,South Asia,Upper middle income,2005,,,88.84569,,37.02718,6.241748044,11.6396861
LKA,Sri Lanka,South Asia,Upper middle income,2006,,,93.34291,,36.39467,7.668291901,10.02018361
LKA,Sri Lanka,South Asia,Upper middle income,2007,,,94.68611,,35.12005,6.796826119,15.84211149
LKA,Sri Lanka,South Asia,Upper middle income,2008,,,92.53619,,31.00961,5.950088145,22.56449553
LKA,Sri Lanka,South Asia,Upper middle income,2009,,,73.57159,,33.59277,3.538912053,3.464963221
LKA,Sri Lanka,South Asia,Upper middle income,2010,,,79.53033,,29.2322,8.01596737,6.217648893
LKA,Sri Lanka,South Asia,Upper middle income,2011,35.03069,3.8157681,89.15164,,31.15155,8.669483012,6.716768436
LKA,Sri Lanka,South Asia,Upper middle income,2012,36.1428,3.6275833,87.99238,2.746494,30.66165,8.632181377,7.542913732
LKA,Sri Lanka,South Asia,Upper middle income,2013,36.00288,5.5750579,80.31147,2.294637,32.87316,4.05174633,6.908450348
LKA,Sri Lanka,South Asia,Upper middle income,2014,36.22636,4.2342145,77.71974,2.390653,34.22791,6.377978897,3.179002282
LKA,Sri Lanka,South Asia,Upper middle income,2015,35.51081,3.2407703,82.52576,1.96334,38.15165,4.205955475,3.768367831
LKA,Sri Lanka,South Asia,Upper middle income,2016,36.23138,2.633811,87.30153,1.999307,51.7959,5.05362489,3.958888466
LKA,Sri Lanka,South Asia,Upper middle income,2017,38.6281,2.4984326,85.40453,2.03299,55.30343,6.460681271,7.704137679
LKA,Sri Lanka,South Asia,Upper middle income,2018,35.95676,3.4204198,86.68635,1.663162,57.69923,2.310084255,2.135037737
LKA,Sri Lanka,South Asia,Upper middle income,2019,37.86711,4.699183,83.19814,1.431659,59.70695,-0.220483887,3.528393582
LKA,Sri Lanka,South Asia,Upper middle income,2020,34.32776,4.928275,,1.127966,,-4.624515037,6.153945084
LKA,Sri Lanka,South Asia,Upper middle income,2021,35.08618,,,1.355117,,4.207476495,7.014780712
KNA,St. Kitts and Nevis,Latin America & Caribbean,High income,2000,,,64.00018,,93.5341,10.04280842,2.148855327
KNA,St. Kitts and Nevis,Latin America & Caribbean,High income,2001,,,60.20179,,90.71878,5.25344983,2.303447483
KNA,St. Kitts and Nevis,Latin America & Caribbean,High income,2002,,,55.63927,,91.31032,1.367715073,2.041091026
KNA,St. Kitts and Nevis,Latin America & Caribbean,High income,2003,,,53.3123,,101.7372,-3.93339486,2.235436644
KNA,St. Kitts and Nevis,Latin America & Caribbean,High income,2004,,,49.38987,,110.7301,3.996346661,2.314554622
KNA,St. Kitts and Nevis,Latin America & Caribbean,High income,2005,,,49.76457,,109.4348,9.732820703,3.37781904
KNA,St. Kitts and Nevis,Latin America & Caribbean,High income,2006,,,48.53084,,106.5262,3.1503812,8.487485758
KNA,St. Kitts and Nevis,Latin America & Caribbean,High income,2007,,,49.31303,,111.004,0.600602327,4.480886086
KNA,St. Kitts and Nevis,Latin America & Caribbean,High income,2008,,,56.23281,,97.95312,11.31703583,5.300296751
KNA,St. Kitts and Nevis,Latin America & Caribbean,High income,2009,,,57.15884,,102.9495,-3.404740154,2.05793709
KNA,St. Kitts and Nevis,Latin America & Caribbean,High income,2010,,,55.72212,,108.066,-0.054194207,0.85087865
KNA,St. Kitts and Nevis,Latin America & Caribbean,High income,2011,,,52.74137,,110.792,1.616607304,5.835165196
KNA,St. Kitts and Nevis,Latin America & Caribbean,High income,2012,,,46.93951,,125.8332,-0.737636737,0.816089282
KNA,St. Kitts and Nevis,Latin America & Caribbean,High income,2013,,,42.1218,,131.2993,5.727280872,1.10698554
KNA,St. Kitts and Nevis,Latin America & Caribbean,High income,2014,,,39.26889,,133.0678,7.576966023,0.247865392
KNA,St. Kitts and Nevis,Latin America & Caribbean,High income,2015,,,38.80796,,138.662,0.694135528,-2.30187563
KNA,St. Kitts and Nevis,Latin America & Caribbean,High income,2016,,,39.28156,,130.7492,3.932703193,-0.687037123
KNA,St. Kitts and Nevis,Latin America & Caribbean,High income,2017,,,40.74432,,120.5187,0.220941147,0.694916712
KNA,St. Kitts and Nevis,Latin America & Caribbean,High income,2018,,,42.68628,,114.9804,2.003525498,-1.037122141
KNA,St. Kitts and Nevis,Latin America & Caribbean,High income,2019,,,51.71984,,89.21587,2.938246581,-0.329562064
KNA,St. Kitts and Nevis,Latin America & Caribbean,High income,2020,,,57.54937,,96.30829,-15.30188917,-1.167245018
KNA,St. Kitts and Nevis,Latin America & Caribbean,High income,2021,,,56.69366,,105.7825,0.367606879,1.19568887
LCA,St. Lucia,Latin America & Caribbean,Upper middle income,2000,,,105.6315,,55.70667,0.048748554,3.710786087
LCA,St. Lucia,Latin America & Caribbean,Upper middle income,2001,,,104.6624,,61.12601,-3.408063962,5.30722081
LCA,St. Lucia,Latin America & Caribbean,Upper middle income,2002,,,104.0904,,61.41666,0.416450493,-0.255536627
LCA,St. Lucia,Latin America & Caribbean,Upper middle income,2003,,,90.60602,,62.02315,4.264611487,1.034253724
LCA,St. Lucia,Latin America & Caribbean,Upper middle income,2004,,,92.45699,,61.98253,7.26740887,1.460368144
LCA,St. Lucia,Latin America & Caribbean,Upper middle income,2005,,,95.26395,,65.64204,-0.410304726,3.898273708
LCA,St. Lucia,Latin America & Caribbean,Upper middle income,2006,,,101.0614,,69.46356,6.195257291,2.395620825
LCA,St. Lucia,Latin America & Caribbean,Upper middle income,2007,,,122.016,,70.36425,1.691618574,2.823103737
LCA,St. Lucia,Latin America & Caribbean,Upper middle income,2008,,,126.6838,,69.826,4.94932194,5.549547694
LCA,St. Lucia,Latin America & Caribbean,Upper middle income,2009,7.186433,,125.9259,,73.94965,-2.828899548,-0.156936087
LCA,St. Lucia,Latin America & Caribbean,Upper middle income,2010,5.875018,,127.415,0.1372245,71.3699,0.330018546,3.250344092
LCA,St. Lucia,Latin America & Caribbean,Upper middle income,2011,5.518075,,127.1097,0.0113131,68.31075,4.326942805,2.769407941
LCA,St. Lucia,Latin America & Caribbean,Upper middle income,2012,2.21522,,131.7313,-3.826218,70.72877,-0.108756148,4.177635871
LCA,St. Lucia,Latin America & Caribbean,Upper middle income,2013,3.341492,,127.6135,-0.0503525,69.78232,-1.818776037,1.46856511
LCA,St. Lucia,Latin America & Caribbean,Upper middle income,2014,,,115.7205,,68.90906,1.328090221,3.516955514
LCA,St. Lucia,Latin America & Caribbean,Upper middle income,2015,,,101.0801,,69.87021,0.101917836,-0.983600953
LCA,St. Lucia,Latin America & Caribbean,Upper middle income,2016,-0.0174934,,93.72079,,68.95238,3.427872145,-3.078217657
LCA,St. Lucia,Latin America & Caribbean,Upper middle income,2017,3.837077,,89.29541,1.07208,65.88207,3.379826173,0.104262079
LCA,St. Lucia,Latin America & Caribbean,Upper middle income,2018,4.902126,,83.21442,1.951671,66.75471,2.886779022,1.935618932
LCA,St. Lucia,Latin America & Caribbean,Upper middle income,2019,,,89.23133,,60.02044,-1.029367895,0.539087559
LCA,St. Lucia,Latin America & Caribbean,Upper middle income,2020,,,107.2469,,67.42893,-22.90051386,-1.755808335
LCA,St. Lucia,Latin America & Caribbean,Upper middle income,2021,,,93.13651,,71.61509,11.14669932,2.410703122
VCT,St. Vincent and the Grenadines,Latin America & Caribbean,Upper middle income,2000,,,74.16563,,69.09248,1.639031904,0.167679637
VCT,St. Vincent and the Grenadines,Latin America & Caribbean,Upper middle income,2001,,,71.92522,,67.47196,1.74823102,0.900858486
VCT,St. Vincent and the Grenadines,Latin America & Caribbean,Upper middle income,2002,,,71.98001,,66.8161,5.342127074,1.85550399
VCT,St. Vincent and the Grenadines,Latin America & Caribbean,Upper middle income,2003,,,70.95703,,65.35877,6.691336654,0.205981709
VCT,St. Vincent and the Grenadines,Latin America & Caribbean,Upper middle income,2004,,,68.72803,,63.02828,4.114698804,2.960039467
VCT,St. Vincent and the Grenadines,Latin America & Caribbean,Upper middle income,2005,,,70.23302,,61.67108,2.488557339,3.733429165
VCT,St. Vincent and the Grenadines,Latin America & Caribbean,Upper middle income,2006,,,76.8063,,58.08283,6.996926268,2.740675161
VCT,St. Vincent and the Grenadines,Latin America & Caribbean,Upper middle income,2007,,,82.03933,,56.39761,3.322968598,7.236147016
VCT,St. Vincent and the Grenadines,Latin America & Caribbean,Upper middle income,2008,,,80.25758,,57.82081,0.404640809,10.06624182
VCT,St. Vincent and the Grenadines,Latin America & Caribbean,Upper middle income,2009,,8.3999996,82.4044,,58.91925,-1.378193606,0.421539126
VCT,St. Vincent and the Grenadines,Latin America & Caribbean,Upper middle income,2010,,8.6099997,80.70972,,60.72334,-4.470467935,0.747109026
VCT,St. Vincent and the Grenadines,Latin America & Caribbean,Upper middle income,2011,,7.6900001,79.8356,,62.87326,-0.606276651,3.186031116
VCT,St. Vincent and the Grenadines,Latin America & Caribbean,Upper middle income,2012,,7.4499998,79.53277,,64.74902,1.169112184,2.598444141
VCT,St. Vincent and the Grenadines,Latin America & Caribbean,Upper middle income,2013,,8.3000002,75.50419,,71.74602,2.462484172,0.805127804
VCT,St. Vincent and the Grenadines,Latin America & Caribbean,Upper middle income,2014,,9.9799995,69.35603,,72.08109,1.145727188,0.193858561
VCT,St. Vincent and the Grenadines,Latin America & Caribbean,Upper middle income,2015,,9.5900002,68.61075,,67.20311,2.785097918,-1.73361195
VCT,St. Vincent and the Grenadines,Latin America & Caribbean,Upper middle income,2016,,,68.90011,,68.01118,4.149681005,-0.149641648
VCT,St. Vincent and the Grenadines,Latin America & Caribbean,Upper middle income,2017,,,68.566,,67.97394,1.548101732,2.153336488
VCT,St. Vincent and the Grenadines,Latin America & Caribbean,Upper middle income,2018,,,67.93564,,66.76728,3.175611442,2.324144854
VCT,St. Vincent and the Grenadines,Latin America & Caribbean,Upper middle income,2019,,,65.86747,,68.43717,0.668428481,0.913069725
VCT,St. Vincent and the Grenadines,Latin America & Caribbean,Upper middle income,2020,,,74.63895,,63.84364,-4.268924344,-0.628131309
VCT,St. Vincent and the Grenadines,Latin America & Caribbean,Upper middle income,2021,,,66.85308,,69.0576,2.093401245,1.572729325
SDN,Sudan,Sub-Saharan Africa,Low income,2000,10.18421,,37.45096,,5.651955,6.34586744,7.121258972
SDN,Sudan,Sub-Saharan Africa,Low income,2001,20.20341,,37.86249,0.8681527,6.569615,6.500360534,1.935295721
SDN,Sudan,Sub-Saharan Africa,Low income,2002,18.18204,,49.84126,2.219922,7.496175,6.006471536,22.22472415
SDN,Sudan,Sub-Saharan Africa,Low income,2003,19.92222,,59.94139,0.1260329,8.370276,6.288808161,6.489432087
SDN,Sudan,Sub-Saharan Africa,Low income,2004,20.27178,,66.2869,2.941793,9.245529,5.140888518,9.657546286
SDN,Sudan,Sub-Saharan Africa,Low income,2005,16.12254,,70.25147,1.520875,11.12232,5.643515513,8.505850759
SDN,Sudan,Sub-Saharan Africa,Low income,2006,,,85.20473,,12.32537,6.531411747,7.199129901
SDN,Sudan,Sub-Saharan Africa,Low income,2007,24.49557,,85.60318,,11.46322,5.735274237,14.75427708
SDN,Sudan,Sub-Saharan Africa,Low income,2008,22.48441,,81.16624,1.054203,11.55625,3.846744731,14.29712245
SDN,Sudan,Sub-Saharan Africa,Low income,2009,23.6712,,78.02605,1.741307,14.81362,-2.767704366,11.25675871
SDN,Sudan,Sub-Saharan Africa,Low income,2010,31.93995,,72.57423,1.18548,14.47162,3.858241952,12.97766639
SDN,Sudan,Sub-Saharan Africa,Low income,2011,37.3532,,70.58909,1.230306,13.16337,-3.213532093,18.09661712
SDN,Sudan,Sub-Saharan Africa,Low income,2012,27.5923,,68.84532,0.8155987,17.34662,-17.0046884,35.55905741
SDN,Sudan,Sub-Saharan Africa,Low income,2013,,,75.36839,,13.95515,1.955144633,36.52234491
SDN,Sudan,Sub-Saharan Africa,Low income,2014,,,67.54581,,12.06682,4.661379542,36.90664279
SDN,Sudan,Sub-Saharan Africa,Low income,2015,,,65.97219,,12.45472,1.910176891,16.90957061
SDN,Sudan,Sub-Saharan Africa,Low income,2016,,,66.79436,,10.57828,3.467642184,17.75025383
SDN,Sudan,Sub-Saharan Africa,Low income,2017,,,52.46112,,15.99229,0.709256285,32.3516261
SDN,Sudan,Sub-Saharan Africa,Low income,2018,,,40.72574,,22.19519,-2.68093055,63.29250735
SDN,Sudan,Sub-Saharan Africa,Low income,2019,,,49.70423,,17.78997,-2.178251045,50.9940515
SDN,Sudan,Sub-Saharan Africa,Low income,2020,,,46.69117,,13.28573,-3.629800824,163.2577824
SDN,Sudan,Sub-Saharan Africa,Low income,2021,,,43.42303,,15.24505,-1.868520483,359.0930408
SUR,Suriname,Latin America & Caribbean,Upper middle income,2000,,,34.30297,,21.74197,2.099998868,59.40168655
SUR,Suriname,Latin America & Caribbean,Upper middle income,2001,,,41.51568,,19.48651,4.200000421,38.58628789
SUR,Suriname,Latin America & Caribbean,Upper middle income,2002,,,41.17361,,37.98639,2.800000689,15.52739892
SUR,Suriname,Latin America & Caribbean,Upper middle income,2003,,,45.46106,,37.59084,6.299999433,23.00223218
SUR,Suriname,Latin America & Caribbean,Upper middle income,2004,,,45.36116,,41.04235,8.500000185,9.98632512
SUR,Suriname,Latin America & Caribbean,Upper middle income,2005,,,51.43185,,37.29694,4.500000211,9.898004896
SUR,Suriname,Latin America & Caribbean,Upper middle income,2006,,,52.88661,,31.46791,5.793543585,11.28130433
SUR,Suriname,Latin America & Caribbean,Upper middle income,2007,,,54.28286,,36.61975,5.111487778,6.426279345
SUR,Suriname,Latin America & Caribbean,Upper middle income,2008,10.77302,,65.68782,,34.01239,4.143406812,14.66714274
SUR,Suriname,Latin America & Caribbean,Upper middle income,2009,10.09169,,60.70631,2.0634,40.02556,3.013698983,-0.133636647
SUR,Suriname,Latin America & Caribbean,Upper middle income,2010,10.59429,,61.61591,2.130817,38.80744,5.168825152,6.941082216
SUR,Suriname,Latin America & Caribbean,Upper middle income,2011,10.88271,,59.52662,2.194509,39.59096,5.849367672,17.71177964
SUR,Suriname,Latin America & Caribbean,Upper middle income,2012,10.7328,,57.27562,2.17699,42.11042,2.690349747,5.006863194
SUR,Suriname,Latin America & Caribbean,Upper middle income,2013,10.90247,,58.24888,2.037662,47.62726,2.933441652,1.923436041
SUR,Suriname,Latin America & Caribbean,Upper middle income,2014,11.82271,,60.26817,2.088801,49.21285,0.255503032,3.383412727
SUR,Suriname,Latin America & Caribbean,Upper middle income,2015,11.31005,,61.84474,1.228796,54.43287,-3.413042681,6.893903592
SUR,Suriname,Latin America & Caribbean,Upper middle income,2016,4.516824,,50.25623,-0.7275851,72.1725,-4.911660509,55.41238798
SUR,Suriname,Latin America & Caribbean,Upper middle income,2017,6.575426,,46.97914,0.7138874,60.11749,1.566037825,21.99694302
SUR,Suriname,Latin America & Caribbean,Upper middle income,2018,6.982873,,41.15559,0.1939084,58.86087,4.948271085,
SUR,Suriname,Latin America & Caribbean,Upper middle income,2019,8.664505,,40.28871,0.5203874,57.61822,1.167589772,
SUR,Suriname,Latin America & Caribbean,Upper middle income,2020,,,31.97274,,76.29976,-15.97519171,34.88978431
SUR,Suriname,Latin America & Caribbean,Upper middle income,2021,,,25.86229,,75.83771,-2.435385836,59.11966263
SWE,Sweden,Europe & Central Asia,High income,2000,19.96354,1.6,,0.8869803,,4.631121366,0.899143734
SWE,Sweden,Europe & Central Asia,High income,2001,23.43921,1.5,,1.14799,40.05959,1.360806427,2.405958341
SWE,Sweden,Europe & Central Asia,High income,2002,19.42993,1.4,231.705,0.5648558,40.22418,2.277728679,2.158482136
SWE,Sweden,Europe & Central Asia,High income,2003,21.62207,1.9,232.7375,0.6979935,40.37173,1.881027697,1.925655349
SWE,Sweden,Europe & Central Asia,High income,2004,26.80951,1.1,240.996,1.657123,39.53205,4.179584193,0.373659829
SWE,Sweden,Europe & Central Asia,High income,2005,21.44518,0.80000001,236.058,0.7304879,43.16893,2.793137828,0.453170853
SWE,Sweden,Europe & Central Asia,High income,2006,22.562,0.80000001,232.7292,0.8953693,45.71938,4.676074889,1.360214686
SWE,Sweden,Europe & Central Asia,High income,2007,21.66599,0.1,237.0051,0.9841897,48.25503,3.224868141,2.212168834
SWE,Sweden,Europe & Central Asia,High income,2008,19.26848,0.5,230.4691,0.5604791,52.00923,-0.92311325,3.437049106
SWE,Sweden,Europe & Central Asia,High income,2009,25.72554,0.80000001,221.2708,0.7770257,56.00745,-4.255613842,-0.494460544
SWE,Sweden,Europe & Central Asia,High income,2010,26.79791,0.78356326,215.6272,0.5136226,56.81977,5.750764776,1.157988027
SWE,Sweden,Europe & Central Asia,High income,2011,26.37774,0.65405494,211.3209,0.7038354,58.67601,3.163885674,2.961150738
SWE,Sweden,Europe & Central Asia,High income,2012,27.67975,0.70006165,212.9109,0.6345029,60.1669,-0.414397702,0.888377507
SWE,Sweden,Europe & Central Asia,High income,2013,32.0802,0.61438779,208.3217,1.111379,62.59923,1.137666718,-0.04429297
SWE,Sweden,Europe & Central Asia,High income,2014,30.10648,1.2383675,202.9023,0.8008524,63.7555,2.295772388,-0.179638494
SWE,Sweden,Europe & Central Asia,High income,2015,35.28246,1.1651058,197.1648,1.016591,64.22375,4.388246736,-0.046784745
SWE,Sweden,Europe & Central Asia,High income,2016,35.88554,1.0645907,189.576,1.051101,67.7914,2.131179147,0.984269245
SWE,Sweden,Europe & Central Asia,High income,2017,36.46971,1.1197808,185.0858,1.114257,70.92802,1.88282185,1.794499047
SWE,Sweden,Europe & Central Asia,High income,2018,37.74024,0.49490867,186.057,1.003132,70.87621,1.770255355,1.953535301
SWE,Sweden,Europe & Central Asia,High income,2019,37.49242,0.5813252,180.1896,0.985442,72.74699,2.608230129,1.784150974
SWE,Sweden,Europe & Central Asia,High income,2020,38.10057,0.51336145,159.3732,0.8713207,86.43284,-1.93379704,0.497367319
SWE,Sweden,Europe & Central Asia,High income,2021,39.34783,,155.2466,0.9451997,87.40426,5.225864303,2.163197364
CHE,Switzerland,Europe & Central Asia,High income,2000,12.61913,4.0999999,135.9242,1.078233,104.1365,3.633216735,1.558529197
CHE,Switzerland,Europe & Central Asia,High income,2001,11.10549,2.3,129.9805,0.6796429,104.904,1.592197814,0.98902033
CHE,Switzerland,Europe & Central Asia,High income,2002,11.19246,1.8,122.6931,0.7426013,111.7591,0.380410134,0.642711507
CHE,Switzerland,Europe & Central Asia,High income,2003,10.91394,1.3,116.8381,0.7115324,120.2548,-0.284222358,0.638272931
CHE,Switzerland,Europe & Central Asia,High income,2004,11.84315,0.89999998,118.1318,0.9705809,120.3186,2.586928955,0.802908731
CHE,Switzerland,Europe & Central Asia,High income,2005,11.49009,0.5,117.4833,1.030832,123.9135,2.952084875,1.171954203
CHE,Switzerland,Europe & Central Asia,High income,2006,9.547383,0.30000001,122.0873,0.7325031,122.4061,4.134322515,1.059509283
CHE,Switzerland,Europe & Central Asia,High income,2007,7.804866,0.30000001,128.4957,0.1132707,118.8577,3.983193848,0.732350603
CHE,Switzerland,Europe & Central Asia,High income,2008,5.110291,0.89999998,124.3882,-1.672963,116.635,2.531596154,2.426041171
CHE,Switzerland,Europe & Central Asia,High income,2009,10.6101,1.1,119.9767,-0.1935792,128.3671,-1.934909449,-0.480481936
CHE,Switzerland,Europe & Central Asia,High income,2010,11.69864,0.92178363,116.3042,0.279196,131.3447,3.260630821,0.688238707
CHE,Switzerland,Europe & Central Asia,High income,2011,12.65542,0.84205815,111.0507,0.43942,139.5582,1.407660675,0.231349208
CHE,Switzerland,Europe & Central Asia,High income,2012,11.64402,0.79455582,107.0949,-0.2463782,150.2304,1.12413575,-0.692552018
CHE,Switzerland,Europe & Central Asia,High income,2013,15.6484,0.77605231,101.5951,0.3778249,160.0031,1.836123929,-0.217323155
CHE,Switzerland,Europe & Central Asia,High income,2014,14.9826,0.72426368,99.80132,0.4340575,163.6755,2.543423477,-0.013202539
CHE,Switzerland,Europe & Central Asia,High income,2015,15.62121,0.74951998,100.3258,0.1178115,164.3278,1.454503365,-1.143908672
CHE,Switzerland,Europe & Central Asia,High income,2016,16.85371,0.74172382,100.6609,0.1085642,167.3852,1.911590942,-0.434618664
CHE,Switzerland,Europe & Central Asia,High income,2017,19.02053,0.63926588,,0.3800547,,1.420346122,0.53378784
CHE,Switzerland,Europe & Central Asia,High income,2018,19.26855,0.66197385,,0.3509237,,3.327432561,0.936335464
CHE,Switzerland,Europe & Central Asia,High income,2019,16.18968,0.64549257,,-0.1996117,,1.115321872,0.36288618
CHE,Switzerland,Europe & Central Asia,High income,2020,16.76671,0.74881232,,0.4488419,,-2.255257943,-0.725874933
CHE,Switzerland,Europe & Central Asia,High income,2021,15.33865,,,0.09728,,6.176228361,0.581814168
SYR,Syrian Arab Republic,"Middle East, North Africa, Afghanistan & Pakistan",Low income,2000,,,22.10658,,36.5898,0.675642589,-3.846153846
SYR,Syrian Arab Republic,"Middle East, North Africa, Afghanistan & Pakistan",Low income,2001,,,17.33944,,44.8473,3.79340344,3
SYR,Syrian Arab Republic,"Middle East, North Africa, Afghanistan & Pakistan",Low income,2002,,,15.1182,,49.41786,7.858550981,-0.130505282
SYR,Syrian Arab Republic,"Middle East, North Africa, Afghanistan & Pakistan",Low income,2003,,,18.36825,,55.0094,0.590781712,5.796829449
SYR,Syrian Arab Republic,"Middle East, North Africa, Afghanistan & Pakistan",Low income,2004,3.594837,,23.46395,,49.6699,6.902533304,4.433141367
SYR,Syrian Arab Republic,"Middle East, North Africa, Afghanistan & Pakistan",Low income,2005,0.0244457,,31.9518,-2.593942,46.20901,6.215504448,7.240349393
SYR,Syrian Arab Republic,"Middle East, North Africa, Afghanistan & Pakistan",Low income,2006,2.703934,,33.50892,0.7629676,43.8648,5.046002801,10.02411054
SYR,Syrian Arab Republic,"Middle East, North Africa, Afghanistan & Pakistan",Low income,2007,4.162296,,34.0802,3.171482,44.26313,5.674738211,3.907709504
SYR,Syrian Arab Republic,"Middle East, North Africa, Afghanistan & Pakistan",Low income,2008,2.82036,,34.15448,2.667271,47.97145,4.476621543,15.74532522
SYR,Syrian Arab Republic,"Middle East, North Africa, Afghanistan & Pakistan",Low income,2009,2.211791,,38.22586,0.3497433,51.37203,5.912294605,2.920897118
SYR,Syrian Arab Republic,"Middle East, North Africa, Afghanistan & Pakistan",Low income,2010,2.798519,,42.10732,0.5837817,52.89407,5.19150915,4.397413832
SYR,Syrian Arab Republic,"Middle East, North Africa, Afghanistan & Pakistan",Low income,2011,3.023136,,55.40791,0.6175377,37.43602,2.850220598,4.753163889
SYR,Syrian Arab Republic,"Middle East, North Africa, Afghanistan & Pakistan",Low income,2012,2.849408,,,-0.47226,,-26.33890467,36.70229534
SYR,Syrian Arab Republic,"Middle East, North Africa, Afghanistan & Pakistan",Low income,2013,3.063167,,,0.8821931,,-26.30025775,40.03183783
SYR,Syrian Arab Republic,"Middle East, North Africa, Afghanistan & Pakistan",Low income,2014,3.344634,,,1.791475,,-10.31034121,10.92711418
SYR,Syrian Arab Republic,"Middle East, North Africa, Afghanistan & Pakistan",Low income,2015,6.838799,,,6.91144,,-4.179692046,38.46114296
SYR,Syrian Arab Republic,"Middle East, North Africa, Afghanistan & Pakistan",Low income,2016,5.753487,,,5.438093,,-6.405684969,47.70516153
SYR,Syrian Arab Republic,"Middle East, North Africa, Afghanistan & Pakistan",Low income,2017,3.419148,,,-0.6090161,,-0.723346297,18.07526963
SYR,Syrian Arab Republic,"Middle East, North Africa, Afghanistan & Pakistan",Low income,2018,3.113435,,,0.9633842,,1.393233241,0.940983844
SYR,Syrian Arab Republic,"Middle East, North Africa, Afghanistan & Pakistan",Low income,2019,2.623254,,,0.3428568,,1.220728183,13.41756532
TJK,Tajikistan,Europe & Central Asia,Lower middle income,2001,,,419.7646,,3.409331,9.580836178,38.59188945
TJK,Tajikistan,Europe & Central Asia,Lower middle income,2002,,,335.2697,,4.067633,10.80000376,12.24998478
TJK,Tajikistan,Europe & Central Asia,Lower middle income,2003,,,237.9617,,4.625326,10.99999908,16.3034912
TJK,Tajikistan,Europe & Central Asia,Lower middle income,2004,,,368.1266,,4.157948,10.29999894,7.141965087
TJK,Tajikistan,Europe & Central Asia,Lower middle income,2005,14.2572,,287.5804,,5.370189,6.699998517,7.091932441
TJK,Tajikistan,Europe & Central Asia,Lower middle income,2006,10.89438,11.3,198.2203,4.390666,7.568792,7.000003211,10.01086519
TJK,Tajikistan,Europe & Central Asia,Lower middle income,2007,9.718557,4.8000002,171.8111,3.49661,16.43079,7.800000119,13.14912471
TJK,Tajikistan,Europe & Central Asia,Lower middle income,2008,14.394,5.4000001,144.9075,2.22391,9.224115,7.899998272,20.47052191
TJK,Tajikistan,Europe & Central Asia,Lower middle income,2009,12.27741,9.6000004,127.6945,-0.552978,9.60546,3.900001148,6.448234811
TJK,Tajikistan,Europe & Central Asia,Lower middle income,2010,11.49546,7.4443007,122.0932,2.702537,9.91958,6.499999086,6.445314408
TJK,Tajikistan,Europe & Central Asia,Lower middle income,2011,8.646214,7.1948301,132.7106,-0.2774305,10.72114,7.4000006,12.43154904
TJK,Tajikistan,Europe & Central Asia,Lower middle income,2012,9.731053,9.4640399,118.9992,-0.8347173,10.19074,7.499999463,5.83116601
TJK,Tajikistan,Europe & Central Asia,Lower middle income,2013,15.77714,13.183476,156.577,2.711331,10.6903,7.399999747,5.009646453
TJK,Tajikistan,Europe & Central Asia,Lower middle income,2014,,20.38939,182.3001,,10.90125,6.70000069,6.104427651
TJK,Tajikistan,Europe & Central Asia,Lower middle income,2015,11.55853,19.056508,168.7874,-18.00342,12.44749,6.019303318,5.714559496
TJK,Tajikistan,Europe & Central Asia,Lower middle income,2016,18.21367,,137.5179,-0.1523981,12.86443,6.9,6.004580823
TJK,Tajikistan,Europe & Central Asia,Lower middle income,2017,21.07333,,111.3734,1.67464,11.22773,7.100000419,
TJK,Tajikistan,Europe & Central Asia,Lower middle income,2018,20.97309,,117.8426,2.036505,9.685406,7.59999889,
TJK,Tajikistan,Europe & Central Asia,Lower middle income,2019,18.69821,,127.1072,5.71936,8.618558,7.400000163,
TJK,Tajikistan,Europe & Central Asia,Lower middle income,2020,13.97075,,125.3085,3.821114,9.60218,4.400001116,
TJK,Tajikistan,Europe & Central Asia,Lower middle income,2021,15.34032,,136.5273,4.183241,7.129695,9.39999955,
TZA,Tanzania,Sub-Saharan Africa,Lower middle income,2000,,,33.15123,,9.389697,4.520784636,5.923961096
TZA,Tanzania,Sub-Saharan Africa,Lower middle income,2001,,,30.84982,,12.1948,6.070808287,5.147468002
TZA,Tanzania,Sub-Saharan Africa,Lower middle income,2002,,,34.45507,,13.37982,7.093194984,5.317833661
TZA,Tanzania,Sub-Saharan Africa,Lower middle income,2003,,,41.01112,,13.90392,6.672789831,5.303566215
TZA,Tanzania,Sub-Saharan Africa,Lower middle income,2004,12.42297,,48.7995,,13.46477,7.503814659,4.735801439
TZA,Tanzania,Sub-Saharan Africa,Lower middle income,2005,14.07889,,45.99372,4.298167,16.14256,7.47631926,5.034570093
TZA,Tanzania,Sub-Saharan Africa,Lower middle income,2006,15.31999,,52.79081,4.222495,17.66335,6.532221388,7.250972621
TZA,Tanzania,Sub-Saharan Africa,Lower middle income,2007,17.86872,,59.70886,5.202423,18.59592,6.768535203,7.02551437
TZA,Tanzania,Sub-Saharan Africa,Lower middle income,2008,16.26044,,64.81807,3.812607,17.9753,5.686416859,10.27839376
TZA,Tanzania,Sub-Saharan Africa,Lower middle income,2009,16.35318,,58.77398,2.854199,18.72569,5.269105249,12.14222787
TZA,Tanzania,Sub-Saharan Africa,Lower middle income,2010,15.84764,7.8437612,56.80062,1.875144,20.25419,6.336523427,6.200155956
TZA,Tanzania,Sub-Saharan Africa,Lower middle income,2011,14.57891,5.3963723,61.4966,2.335692,19.85279,7.672155435,12.69096947
TZA,Tanzania,Sub-Saharan Africa,Lower middle income,2012,15.53863,6.4018855,65.50211,2.528874,19.43319,4.50015356,16.00109385
TZA,Tanzania,Sub-Saharan Africa,Lower middle income,2013,18.02408,5.1151449,68.25444,2.423171,18.25625,6.781585601,7.870723646
TZA,Tanzania,Sub-Saharan Africa,Lower middle income,2014,18.89168,6.5839847,71.89759,3.019882,18.39624,6.732461868,6.13161433
TZA,Tanzania,Sub-Saharan Africa,Lower middle income,2015,19.10769,8.5825027,75.18581,2.471408,19.24841,6.160628774,5.58816953
TZA,Tanzania,Sub-Saharan Africa,Lower middle income,2016,20.63968,9.6080995,80.78309,2.306485,16.78514,6.867116196,5.174766293
TZA,Tanzania,Sub-Saharan Africa,Lower middle income,2017,19.81609,11.523562,77.78439,1.429544,16.69519,6.727269968,5.318716052
TZA,Tanzania,Sub-Saharan Africa,Lower middle income,2018,19.07788,9.9300908,79.27361,1.338301,15.93474,5.502675994,3.494458489
TZA,Tanzania,Sub-Saharan Africa,Lower middle income,2019,19.88124,9.6137167,80.4073,2.088642,15.59524,5.8,3.46428058
TZA,Tanzania,Sub-Saharan Africa,Lower middle income,2020,20.59105,8.6967719,81.195,2.302178,15.53157,1.991964606,3.290290628
TZA,Tanzania,Sub-Saharan Africa,Lower middle income,2021,22.17841,,,3.465083,,4.321384295,3.690919588
THA,Thailand,East Asia & Pacific,Upper middle income,2000,3.143433,17.700001,101.5638,-0.0472501,103.5033,4.455247043,1.591969175
THA,Thailand,East Asia & Pacific,Upper middle income,2001,4.043257,11.5,90.13352,1.442405,103.2677,3.44424901,1.626908873
THA,Thailand,East Asia & Pacific,Upper middle income,2002,3.565939,16.5,98.17746,0.2434212,98.66769,6.149036052,0.697308977
THA,Thailand,East Asia & Pacific,Upper middle income,2003,4.699732,13.5,91.57521,0.7686155,102.7948,7.189243303,1.804349946
THA,Thailand,East Asia & Pacific,Upper middle income,2004,5.329023,11.9,97.04553,1.336133,98.03866,6.289342143,2.759149262
THA,Thailand,East Asia & Pacific,Upper middle income,2005,5.793645,9.1000004,99.19436,1.515316,94.5902,4.187638429,4.540369196
THA,Thailand,East Asia & Pacific,Upper middle income,2006,5.38625,8.1000004,96.8334,0.9991991,91.81309,4.967810892,4.63747436
THA,Thailand,East Asia & Pacific,Upper middle income,2007,5.429559,7.9000001,99.58391,0.485974,86.58662,5.435151691,2.241540953
THA,Thailand,East Asia & Pacific,Upper middle income,2008,5.936309,5.6999998,99.43614,1.287762,88.19774,1.725698849,5.468489496
THA,Thailand,East Asia & Pacific,Upper middle income,2009,6.326543,5.1999998,96.37173,1.336714,93.74232,-0.690618232,-0.845716092
THA,Thailand,East Asia & Pacific,Upper middle income,2010,6.658918,3.8878578,99.51671,1.63509,91.12341,7.513390533,3.247588424
THA,Thailand,East Asia & Pacific,Upper middle income,2011,6.819876,2.9326185,104.7779,1.507887,96.80398,0.840132083,3.811916946
THA,Thailand,East Asia & Pacific,Upper middle income,2012,6.889478,2.4301868,97.66475,1.628304,108.9162,7.242796202,3.009486104
THA,Thailand,East Asia & Pacific,Upper middle income,2013,7.276725,2.3038271,97.99899,1.66626,113.7968,2.687495563,2.186177044
THA,Thailand,East Asia & Pacific,Upper middle income,2014,7.410934,2.305233,98.48225,1.666613,115.7512,0.984468864,1.894556525
THA,Thailand,East Asia & Pacific,Upper middle income,2015,7.614891,2.6828309,98.87464,1.322198,117.1749,3.134047249,-0.898143411
THA,Thailand,East Asia & Pacific,Upper middle income,2016,7.903003,2.9856961,99.11687,1.3817,114.7548,3.435157717,0.186235191
THA,Thailand,East Asia & Pacific,Upper middle income,2017,8.129345,3.0708021,98.73158,1.29883,113.5236,4.177681032,0.66441514
THA,Thailand,East Asia & Pacific,Upper middle income,2018,8.163969,3.0839449,99.26152,1.345722,112.9723,4.222870287,1.066834874
THA,Thailand,East Asia & Pacific,Upper middle income,2019,8.738443,3.1302718,98.09275,1.738929,113.4294,2.114557796,0.705524802
THA,Thailand,East Asia & Pacific,Upper middle income,2020,8.126854,3.23,93.07825,0.8434397,134.9653,-6.09306313,-0.846087519
THA,Thailand,East Asia & Pacific,Upper middle income,2021,7.883829,,93.50975,0.9001147,135.6318,1.558582321,1.231045165
TLS,Timor-Leste,East Asia & Pacific,Lower middle income,2003,,,42.93741,,12.44346,-2.182264132,7.165158914
TLS,Timor-Leste,East Asia & Pacific,Lower middle income,2004,,,136.3951,,14.69668,0.400003981,3.23751394
TLS,Timor-Leste,East Asia & Pacific,Lower middle income,2005,,,139.0429,,16.47279,2.984579638,1.111674004
TLS,Timor-Leste,East Asia & Pacific,Lower middle income,2006,,,113.6149,,21.61374,-4.116092689,3.936162599
TLS,Timor-Leste,East Asia & Pacific,Lower middle income,2007,,,71.03976,,26.05779,10.26538845,10.30090202
TLS,Timor-Leste,East Asia & Pacific,Lower middle income,2008,,,53.83577,,29.32992,11.39480483,9.064236219
TLS,Timor-Leste,East Asia & Pacific,Lower middle income,2009,,,38.9183,,36.53247,10.14695442,0.669681186
TLS,Timor-Leste,East Asia & Pacific,Lower middle income,2010,,,37.50233,,33.07453,9.331494902,6.765976802
TLS,Timor-Leste,East Asia & Pacific,Lower middle income,2011,,,41.44191,,30.56067,5.958556056,13.49984024
TLS,Timor-Leste,East Asia & Pacific,Lower middle income,2012,,,38.74919,,34.65857,4.860621868,11.80030967
TLS,Timor-Leste,East Asia & Pacific,Lower middle income,2013,,,36.09726,,35.35617,3.104366832,11.08490851
TLS,Timor-Leste,East Asia & Pacific,Lower middle income,2014,,,31.54927,,40.76847,4.472498466,0.726275016
TLS,Timor-Leste,East Asia & Pacific,Lower middle income,2015,,,32.96452,,39.52724,2.480040402,0.552796026
TLS,Timor-Leste,East Asia & Pacific,Lower middle income,2016,,,28.27242,,43.58228,3.009930626,-1.338538762
TLS,Timor-Leste,East Asia & Pacific,Lower middle income,2017,,,31.69911,,49.99834,-3.182415225,0.557215537
TLS,Timor-Leste,East Asia & Pacific,Lower middle income,2018,,,29.65584,,52.42862,-0.466502171,2.63647201
TLS,Timor-Leste,East Asia & Pacific,Lower middle income,2019,,,33.78002,,37.49598,24.21288401,0.95881274
TLS,Timor-Leste,East Asia & Pacific,Lower middle income,2020,,,34.05676,,44.44756,31.72574167,0.495499215
TLS,Timor-Leste,East Asia & Pacific,Lower middle income,2021,,,27.48622,,55.79147,5.369801194,3.697920947
TGO,Togo,Sub-Saharan Africa,Lower middle income,2000,,,99.88834,,13.94531,-0.78347961,1.862605955
TGO,Togo,Sub-Saharan Africa,Lower middle income,2001,,,90.83683,,13.92634,0.823438752,3.919591337
TGO,Togo,Sub-Saharan Africa,Lower middle income,2002,,,75.75948,,14.23217,3.826622577,3.059818575
TGO,Togo,Sub-Saharan Africa,Lower middle income,2003,,,79.91505,0.5060041,17.00159,6.720171423,-0.930000884
TGO,Togo,Sub-Saharan Africa,Lower middle income,2004,,,75.26057,,19.40887,-0.978665333,0.393078681
TGO,Togo,Sub-Saharan Africa,Lower middle income,2005,13.71756,,78.43288,,20.67434,-4.666299384,6.78292893
TGO,Togo,Sub-Saharan Africa,Lower middle income,2006,13.50718,,69.55885,2.803349,22.9591,2.650132099,2.228977794
TGO,Togo,Sub-Saharan Africa,Lower middle income,2007,11.95165,,79.17473,2.867325,25.246,-1.1751369,0.945673272
TGO,Togo,Sub-Saharan Africa,Lower middle income,2008,13.51075,,61.29627,3.450121,26.73791,4.035613154,8.694828144
TGO,Togo,Sub-Saharan Africa,Lower middle income,2009,11.0217,,62.93702,1.424101,29.46365,5.453810969,3.71360592
TGO,Togo,Sub-Saharan Africa,Lower middle income,2010,11.42257,,68.27826,1.791291,30.941,5.854333991,1.445945174
TGO,Togo,Sub-Saharan Africa,Lower middle income,2011,11.58256,,81.02219,2.754019,34.19684,5.823256221,3.563514729
TGO,Togo,Sub-Saharan Africa,Lower middle income,2012,9.926262,,82.31121,2.250945,36.96392,6.302714269,2.577181741
TGO,Togo,Sub-Saharan Africa,Lower middle income,2013,10.73865,,87.28167,1.178153,37.04668,5.824250693,1.825394759
TGO,Togo,Sub-Saharan Africa,Lower middle income,2014,,,81.7767,0.2421593,41.25766,5.633237391,0.190875076
TGO,Togo,Sub-Saharan Africa,Lower middle income,2015,5.290282,,83.8332,-3.094649,42.73921,5.468041381,2.585003908
TGO,Togo,Sub-Saharan Africa,Lower middle income,2016,10.8687,,93.25464,3.212624,32.75859,4.214903874,1.285448471
TGO,Togo,Sub-Saharan Africa,Lower middle income,2017,8.087381,,87.26469,1.010703,33.83873,4.007912596,-0.981889869
TGO,Togo,Sub-Saharan Africa,Lower middle income,2018,8.886737,,79.38955,0.4247908,34.52346,4.795183331,0.927755426
TGO,Togo,Sub-Saharan Africa,Lower middle income,2019,9.571691,,78.4753,1.991562,33.96513,4.919492605,0.67465277
TGO,Togo,Sub-Saharan Africa,Lower middle income,2020,,,70.13568,,37.80123,2.159001312,1.699284633
TGO,Togo,Sub-Saharan Africa,Lower middle income,2021,,,65.38594,,40.61759,5.135629291,4.186215065
TON,Tonga,East Asia & Pacific,Upper middle income,2000,,,120.6405,,33.57934,3.75409745,6.327635514
TON,Tonga,East Asia & Pacific,Upper middle income,2001,,,115.1041,,36.42807,1.492481255,8.290283189
TON,Tonga,East Asia & Pacific,Upper middle income,2002,,,125.3343,,35.15942,4.429223599,10.35906079
TON,Tonga,East Asia & Pacific,Upper middle income,2003,,,123.9463,,36.01442,0.051805445,11.63862196
TON,Tonga,East Asia & Pacific,Upper middle income,2004,,,105.838,,38.35993,-1.967947403,10.97340537
TON,Tonga,East Asia & Pacific,Upper middle income,2005,,,121.024,,43.67176,-0.657650703,8.665692211
TON,Tonga,East Asia & Pacific,Upper middle income,2006,,,121.2664,,39.78605,-2.165663427,6.149116065
TON,Tonga,East Asia & Pacific,Upper middle income,2007,,,123.361,,44.65928,-2.464307791,5.842248749
TON,Tonga,East Asia & Pacific,Upper middle income,2008,,,128.2166,,40.78145,4.862841324,10.44698751
TON,Tonga,East Asia & Pacific,Upper middle income,2009,,,117.2939,,40.93316,-5.129178192,1.426859721
TON,Tonga,East Asia & Pacific,Upper middle income,2010,,0,100.0262,,39.91676,0.824396914,3.534912392
TON,Tonga,East Asia & Pacific,Upper middle income,2011,,0,90.73573,,36.34166,6.703697462,6.27075303
TON,Tonga,East Asia & Pacific,Upper middle income,2012,,14.37318,78.29652,,39.07693,0.919761025,1.147538537
TON,Tonga,East Asia & Pacific,Upper middle income,2013,,10.605719,75.18222,,40.78899,0.39392253,0.775629322
TON,Tonga,East Asia & Pacific,Upper middle income,2014,,10.478136,73.0395,,43.07555,1.990537699,2.510876333
TON,Tonga,East Asia & Pacific,Upper middle income,2015,,7.7122054,72.44704,,46.79543,1.113744024,-1.05399832
TON,Tonga,East Asia & Pacific,Upper middle income,2016,,4.2969169,76.77242,,48.49086,6.598698794,2.578155152
TON,Tonga,East Asia & Pacific,Upper middle income,2017,,3.6832709,78.3833,,48.27801,3.202319762,7.517062836
TON,Tonga,East Asia & Pacific,Upper middle income,2018,,3.5831115,79.54276,,49.58755,0.527828083,5.03209692
TON,Tonga,East Asia & Pacific,Upper middle income,2019,,3.2197609,81.16733,,46.06188,-0.285210784,1.179543348
TON,Tonga,East Asia & Pacific,Upper middle income,2020,,3.6535513,71.52746,,54.26947,1.806187153,-0.349737697
TTO,Trinidad and Tobago,Latin America & Caribbean,High income,2000,17.23018,,75.60953,2.852354,42.10254,6.901359591,3.555413197
TTO,Trinidad and Tobago,Latin America & Caribbean,High income,2001,16.54813,,72.74756,2.848247,42.28934,4.168523982,5.536653263
TTO,Trinidad and Tobago,Latin America & Caribbean,High income,2002,16.00654,,72.28037,3.15964,43.36959,7.936709687,4.150058617
TTO,Trinidad and Tobago,Latin America & Caribbean,High income,2003,16.24704,,75.87425,2.71989,33.47007,14.44098954,3.811106244
TTO,Trinidad and Tobago,Latin America & Caribbean,High income,2004,17.55207,,78.64252,3.50938,33.31993,7.950051511,3.72154939
TTO,Trinidad and Tobago,Latin America & Caribbean,High income,2005,16.48818,,78.54308,3.198022,35.18206,6.20893788,6.874534596
TTO,Trinidad and Tobago,Latin America & Caribbean,High income,2006,12.79648,,79.22536,2.314878,37.09148,13.20805861,8.329603515
TTO,Trinidad and Tobago,Latin America & Caribbean,High income,2007,12.84879,,84.22311,2.402271,34.51436,4.754209701,7.894388348
TTO,Trinidad and Tobago,Latin America & Caribbean,High income,2008,12.61009,,79.71968,2.349373,31.49738,3.391737078,12.03034455
TTO,Trinidad and Tobago,Latin America & Caribbean,High income,2009,21.7171,,58.70017,1.880193,59.14153,-4.391729247,6.978087253
TTO,Trinidad and Tobago,Latin America & Caribbean,High income,2010,24.07717,6.090557,60.50464,1.542515,50.32195,3.32322471,10.54920032
TTO,Trinidad and Tobago,Latin America & Caribbean,High income,2011,21.00059,6.1862277,62.52479,0.757888,44.37785,-0.294354409,5.107132893
TTO,Trinidad and Tobago,Latin America & Caribbean,High income,2012,15.58006,5.3242329,56.94143,1.165974,49.85661,6.710746254,9.260281371
TTO,Trinidad and Tobago,Latin America & Caribbean,High income,2013,13.2947,4.1839651,56.57233,0.7562925,49.23837,3.368192917,5.199817405
TTO,Trinidad and Tobago,Latin America & Caribbean,High income,2014,,4.060297,55.59111,,53.07526,3.67086851,5.684418146
TTO,Trinidad and Tobago,Latin America & Caribbean,High income,2015,25.53329,3.4092237,58.35656,2.568038,59.40196,-0.406283289,4.661215981
TTO,Trinidad and Tobago,Latin America & Caribbean,High income,2016,23.41025,3.1250053,59.03764,2.833362,65.43884,-7.536363054,3.070667425
TTO,Trinidad and Tobago,Latin America & Caribbean,High income,2017,17.37579,2.8722176,63.45664,1.513191,60.61622,-4.872749469,1.880384402
TTO,Trinidad and Tobago,Latin America & Caribbean,High income,2018,,3.04,63.83011,,60.97414,-0.945449701,1.018569302
TTO,Trinidad and Tobago,Latin America & Caribbean,High income,2019,23.68393,2.9038701,63.43612,,64.08949,0.467734529,1.00054293
TTO,Trinidad and Tobago,Latin America & Caribbean,High income,2020,18.65594,3.1975737,59.92276,-0.6039844,75.56866,-8.788798178,0.598986331
TTO,Trinidad and Tobago,Latin America & Caribbean,High income,2021,21.36008,,59.93314,1.636274,76.92672,-0.716740626,2.059227469
TUN,Tunisia,"Middle East, North Africa, Afghanistan & Pakistan",Lower middle income,2000,38.50254,21.6,129.3393,1.53259,41.28507,4.709972914,2.962307947
TUN,Tunisia,"Middle East, North Africa, Afghanistan & Pakistan",Lower middle income,2001,36.49537,21,129.3197,1.451007,42.43946,3.796271662,1.983333333
TUN,Tunisia,"Middle East, North Africa, Afghanistan & Pakistan",Lower middle income,2002,34.85358,21.4,130.13,0.8912537,42.75777,1.322557148,2.721032849
TUN,Tunisia,"Middle East, North Africa, Afghanistan & Pakistan",Lower middle income,2003,34.77785,24.200001,129.5556,0.8596322,42.53461,4.702399533,2.712592475
TUN,Tunisia,"Middle East, North Africa, Afghanistan & Pakistan",Lower middle income,2004,32.60271,23.6,128.2391,0.5968251,43.10186,6.235790722,3.63228005
TUN,Tunisia,"Middle East, North Africa, Afghanistan & Pakistan",Lower middle income,2005,32.81495,20.9,126.6068,0.6363249,43.85413,3.486545543,2.017786414
TUN,Tunisia,"Middle East, North Africa, Afghanistan & Pakistan",Lower middle income,2006,30.46297,,121.9709,0.1636918,44.86751,5.244099832,3.225253374
TUN,Tunisia,"Middle East, North Africa, Afghanistan & Pakistan",Lower middle income,2007,33.10794,,118.0872,0.4797936,46.69416,6.709520975,2.966944325
TUN,Tunisia,"Middle East, North Africa, Afghanistan & Pakistan",Lower middle income,2008,32.30201,,117.768,1.203153,48.60355,4.237781475,4.345028076
TUN,Tunisia,"Middle East, North Africa, Afghanistan & Pakistan",Lower middle income,2009,33.06602,13.2,114.9091,1.24414,51.57341,3.043450124,3.664903306
TUN,Tunisia,"Middle East, North Africa, Afghanistan & Pakistan",Lower middle income,2010,32.24989,13,121.9384,0.657261,51.36544,2.971132751,3.338979636
TUN,Tunisia,"Middle East, North Africa, Afghanistan & Pakistan",Lower middle income,2011,30.2056,11.3,131.2571,0.6003479,52.76927,-2.046633895,3.24002842
TUN,Tunisia,"Middle East, North Africa, Afghanistan & Pakistan",Lower middle income,2012,27.04214,12.8,127.9783,0.7495098,53.86591,4.216677115,4.611844322
TUN,Tunisia,"Middle East, North Africa, Afghanistan & Pakistan",Lower middle income,2013,27.52403,14.5,129.8794,-0.0915099,53.45898,2.429930964,5.316235313
TUN,Tunisia,"Middle East, North Africa, Afghanistan & Pakistan",Lower middle income,2014,31.44749,13.8,131.6279,1.303898,53.31404,3.090328031,4.625550995
TUN,Tunisia,"Middle East, North Africa, Afghanistan & Pakistan",Lower middle income,2015,31.16502,14.5,134.1027,1.377174,52.81844,0.967834206,4.437371273
TUN,Tunisia,"Middle East, North Africa, Afghanistan & Pakistan",Lower middle income,2016,32.3149,,135.4359,1.50257,53.91339,1.117231964,3.629399374
TUN,Tunisia,"Middle East, North Africa, Afghanistan & Pakistan",Lower middle income,2017,32.75764,,138.9999,1.648154,55.58889,2.252614376,5.308848396
TUN,Tunisia,"Middle East, North Africa, Afghanistan & Pakistan",Lower middle income,2018,32.28979,,141.0164,1.53819,45.14317,2.606969654,7.30759176
TUN,Tunisia,"Middle East, North Africa, Afghanistan & Pakistan",Lower middle income,2019,34.97545,,130.4422,1.884186,45.53676,1.55009305,6.720075329
TUN,Tunisia,"Middle East, North Africa, Afghanistan & Pakistan",Lower middle income,2020,34.96373,,130.5811,1.41743,52.96856,-8.975126229,5.634151159
TUN,Tunisia,"Middle East, North Africa, Afghanistan & Pakistan",Lower middle income,2021,38.68149,,126.1185,1.616476,51.4492,4.736036482,5.706350208
TUR,Turkiye,Europe & Central Asia,Upper middle income,2000,12.70103,9.1999998,54.57791,0.2754815,31.60902,6.985286978,54.91537058
TUR,Turkiye,Europe & Central Asia,Upper middle income,2001,0.8713531,29.299999,35.89462,-4.742966,41.55004,-5.459408386,54.40018876
TUR,Turkiye,Europe & Central Asia,Upper middle income,2002,7.164623,12.7,38.34509,0.6064167,36.65332,6.435508838,44.96412095
TUR,Turkiye,Europe & Central Asia,Upper middle income,2003,12.08088,11.5,44.09108,2.722593,31.77662,5.79909321,21.60243845
TUR,Turkiye,Europe & Central Asia,Upper middle income,2004,16.81053,6.5,53.41785,4.422028,31.02407,9.925405519,8.598261681
TUR,Turkiye,Europe & Central Asia,Upper middle income,2005,,5,59.00366,,35.97021,9.111577459,8.179160368
TUR,Turkiye,Europe & Central Asia,Upper middle income,2006,10.89203,3.9000001,66.29401,,37.29372,7.067626076,9.597242123
TUR,Turkiye,Europe & Central Asia,Upper middle income,2007,12.57381,3.3,72.057,3.816872,38.88065,5.108185139,8.75618091
TUR,Turkiye,Europe & Central Asia,Upper middle income,2008,10.63072,3.4000001,71.58112,2.174752,43.16295,0.920118221,10.44412838
TUR,Turkiye,Europe & Central Asia,Upper middle income,2009,12.64946,5,71.53942,3.163578,48.2723,-4.882694017,6.250976631
TUR,Turkiye,Europe & Central Asia,Upper middle income,2010,12.76875,3.4895916,84.95583,2.971366,48.96656,8.542198485,8.566444206
TUR,Turkiye,Europe & Central Asia,Upper middle income,2011,10.97805,2.5763221,99.56016,2.033822,46.36352,10.97996253,6.471879671
TUR,Turkiye,Europe & Central Asia,Upper middle income,2012,12.54728,2.7433676,108.1045,2.440948,45.07828,4.807626966,8.891569965
TUR,Turkiye,Europe & Central Asia,Upper middle income,2013,10.55661,2.636271,120.1597,1.825457,47.20433,8.488256893,7.493090305
TUR,Turkiye,Europe & Central Asia,Upper middle income,2014,11.04237,2.7418313,128.2813,1.743824,46.48883,4.600794473,8.854572714
TUR,Turkiye,Europe & Central Asia,Upper middle income,2015,10.39792,2.9877233,132.3298,1.383261,47.30321,5.805573866,7.670853648
TUR,Turkiye,Europe & Central Asia,Upper middle income,2016,10.64479,3.1096837,130.7938,1.760166,49.91357,3.323665082,7.775134153
TUR,Turkiye,Europe & Central Asia,Upper middle income,2017,10.83999,2.8427137,135.2124,2.029908,48.76577,7.8258573,11.14431108
TUR,Turkiye,Europe & Central Asia,Upper middle income,2018,10.53031,3.686909,128.9872,1.578418,48.97559,3.468153061,16.3324639
TUR,Turkiye,Europe & Central Asia,Upper middle income,2019,10.12361,5.0229493,113.4739,1.209666,54.48996,1.301623655,15.17682157
TUR,Turkiye,Europe & Central Asia,Upper middle income,2020,9.152713,3.8900924,112.3092,1.233626,63.14733,1.803062471,12.27895745
TUR,Turkiye,Europe & Central Asia,Upper middle income,2021,7.293731,,96.99043,1.104225,68.56544,11.81109445,19.59649269
UGA,Uganda,Sub-Saharan Africa,Low income,2000,10.50185,9.8000002,46.33103,6.658578,12.24715,3.141907338,3.392021585
UGA,Uganda,Sub-Saharan Africa,Low income,2001,12.17215,6.5,53.97012,6.36698,12.27034,5.183661125,1.865125241
UGA,Uganda,Sub-Saharan Africa,Low income,2002,7.896344,3,52.29764,2.767814,14.72784,8.732685764,-0.287508512
UGA,Uganda,Sub-Saharan Africa,Low income,2003,8.568043,7.1999998,54.54044,4.761963,15.16428,6.473258672,8.680476516
UGA,Uganda,Sub-Saharan Africa,Low income,2004,9.551626,2.2,56.82603,5.91632,13.39696,6.807233344,3.72128744
UGA,Uganda,Sub-Saharan Africa,Low income,2005,9.959654,2.3,56.86569,4.811722,14.89805,6.332565116,8.448726423
UGA,Uganda,Sub-Saharan Africa,Low income,2006,10.55228,2.9000001,66.2514,4.551115,15.04926,10.78474439,7.310676136
UGA,Uganda,Sub-Saharan Africa,Low income,2007,11.02806,4.0999999,62.91766,4.705686,16.05008,8.412425966,6.138510833
UGA,Uganda,Sub-Saharan Africa,Low income,2008,12.84626,2.2,74.53191,4.256546,25.88237,8.708751902,12.05085555
UGA,Uganda,Sub-Saharan Africa,Low income,2009,14.14878,4.1999998,72.74811,4.500492,13.14057,6.801517349,13.01725619
UGA,Uganda,Sub-Saharan Africa,Low income,2010,12.08893,1.8615819,71.50514,3.440175,14.11487,5.637611637,3.976552885
UGA,Uganda,Sub-Saharan Africa,Low income,2011,14.04612,2.0321277,86.11301,5.14466,14.15859,9.391655493,16.56434962
UGA,Uganda,Sub-Saharan Africa,Low income,2012,15.23922,4.0558491,82.7077,5.236378,13.25512,3.837455606,12.67903772
UGA,Uganda,Sub-Saharan Africa,Low income,2013,14.00582,5.7568891,79.97277,3.463804,19.11358,3.586905826,4.905208757
UGA,Uganda,Sub-Saharan Africa,Low income,2014,14.16196,4.0105966,80.16142,3.589123,13.2747,5.106307325,3.07570669
UGA,Uganda,Sub-Saharan Africa,Low income,2015,13.19216,5.1269555,83.23788,1.760705,14.82608,5.18785986,5.589686063
UGA,Uganda,Sub-Saharan Africa,Low income,2016,15.14695,10.401311,80.0009,2.944807,15.05768,4.781000293,5.706375046
UGA,Uganda,Sub-Saharan Africa,Low income,2017,16.19445,5.5057768,75.05976,3.867494,15.71801,3.131405517,5.209717059
UGA,Uganda,Sub-Saharan Africa,Low income,2018,15.02385,3.3356999,77.89778,3.231996,15.52333,6.303923783,2.61601191
UGA,Uganda,Sub-Saharan Africa,Low income,2019,16.70738,4.7499796,74.85426,4.178675,16.32868,6.438745033,2.867588034
UGA,Uganda,Sub-Saharan Africa,Low income,2020,15.13282,5.2158675,69.14388,2.894962,19.27315,2.951306422,3.313322895
UGA,Uganda,Sub-Saharan Africa,Low income,2021,16.67534,,71.44595,2.891589,18.62589,3.536580341,2.204572048
UKR,Ukraine,Europe & Central Asia,Upper middle income,2000,6.197718,29.6,100.4152,2.996753,10.65367,5.9,28.20309724
UKR,Ukraine,Europe & Central Asia,Upper middle income,2001,5.109946,25.1,103.8997,1.569948,12.57665,8.800000004,11.95880854
UKR,Ukraine,Europe & Central Asia,Upper middle income,2002,6.359012,21.9,105.6211,1.795589,16.72333,5.339647207,0.757420846
UKR,Ukraine,Europe & Central Asia,Upper middle income,2003,7.001287,28.299999,106.8902,3.961869,22.97049,9.516609864,5.179677819
UKR,Ukraine,Europe & Central Asia,Upper middle income,2004,7.968503,30,104.5227,2.501873,24.08906,11.79535253,9.048067861
UKR,Ukraine,Europe & Central Asia,Upper middle income,2005,6.298033,5.5999999,106.9626,2.773669,30.1353,3.071230392,13.56957649
UKR,Ukraine,Europe & Central Asia,Upper middle income,2006,6.480596,4,130.9302,2.16878,33.85255,7.571420763,9.052524911
UKR,Ukraine,Europe & Central Asia,Upper middle income,2007,4.713316,3,149.7998,1.92788,38.66658,8.215844452,12.83877962
UKR,Ukraine,Europe & Central Asia,Upper middle income,2008,4.952098,3.9000001,195.9553,0.1449374,37.42885,2.243491596,25.22646171
UKR,Ukraine,Europe & Central Asia,Upper middle income,2009,2.690421,13.7,205.3811,-6.009567,35.7784,-15.13646791,15.88119246
UKR,Ukraine,Europe & Central Asia,Upper middle income,2010,4.660158,15.266512,163.708,2.550784,38.21911,4.092004367,9.372931051
UKR,Ukraine,Europe & Central Asia,Upper middle income,2011,4.781734,14.732288,150.7053,0.8752306,37.52813,5.44528081,7.955724663
UKR,Ukraine,Europe & Central Asia,Upper middle income,2012,5.752451,16.54233,133.427,0.2519143,40.32356,0.152314967,0.568727972
UKR,Ukraine,Europe & Central Asia,Upper middle income,2013,5.549157,12.886139,128.9213,-0.0457463,45.52443,0.045439094,-0.238948626
UKR,Ukraine,Europe & Central Asia,Upper middle income,2014,4.335921,18.984423,141.4071,-4.58692,42.30396,-10.07889498,12.07185629
UKR,Ukraine,Europe & Central Asia,Upper middle income,2015,4.351729,28.034771,131.5769,-3.878636,35.7411,-9.772987213,48.69986464
UKR,Ukraine,Europe & Central Asia,Upper middle income,2016,3.860387,30.46827,116.8972,-23.80089,33.01936,2.440981945,13.9127102
UKR,Ukraine,Europe & Central Asia,Upper middle income,2017,4.761672,54.541296,106.0041,-0.1966628,29.36485,2.359972281,14.43832275
UKR,Ukraine,Europe & Central Asia,Upper middle income,2018,6.016317,52.847577,108.5126,2.142818,25.5581,3.48836234,10.95185594
UKR,Ukraine,Europe & Central Asia,Upper middle income,2019,8.60972,48.358511,86.36517,6.529688,26.41914,3.199503864,7.886717456
UKR,Ukraine,Europe & Central Asia,Upper middle income,2020,6.299481,41.004096,66.21861,3.465246,31.75714,-3.75281794,2.732492094
UKR,Ukraine,Europe & Central Asia,Upper middle income,2021,5.184459,,64.54092,1.535595,27.26308,3.445620659,9.363139177
ARE,United Arab Emirates,"Middle East, North Africa, Afghanistan & Pakistan",High income,2000,26.48033,12.7,102.4591,2.061894,30.52151,10.85283793,
ARE,United Arab Emirates,"Middle East, North Africa, Afghanistan & Pakistan",High income,2001,26.90384,15.7,89.4735,2.068791,38.45635,1.398921611,
ARE,United Arab Emirates,"Middle East, North Africa, Afghanistan & Pakistan",High income,2002,28.31122,15.3,90.03389,2.151511,40.09621,2.433374872,
ARE,United Arab Emirates,"Middle East, North Africa, Afghanistan & Pakistan",High income,2003,28.55331,14.3,88.39922,2.209093,40.90881,8.8005781,
ARE,United Arab Emirates,"Middle East, North Africa, Afghanistan & Pakistan",High income,2004,26.93648,12.5,88.00617,2.621273,42.85033,9.566526263,
ARE,United Arab Emirates,"Middle East, North Africa, Afghanistan & Pakistan",High income,2005,31.36517,8.3000002,94.68163,4.01323,46.21346,4.85513658,
ARE,United Arab Emirates,"Middle East, North Africa, Afghanistan & Pakistan",High income,2006,25.10307,6.4000001,102.1918,2.853529,46.27269,9.837279229,
ARE,United Arab Emirates,"Middle East, North Africa, Afghanistan & Pakistan",High income,2007,21.20276,2.5999999,98.32833,2.332421,56.98498,3.184412815,
ARE,United Arab Emirates,"Middle East, North Africa, Afghanistan & Pakistan",High income,2008,20.03789,2.3,121.9345,1.735422,55.01067,3.191812355,12.25042024
ARE,United Arab Emirates,"Middle East, North Africa, Afghanistan & Pakistan",High income,2009,24.00933,4.3000002,111.8132,1.272995,75.54089,-5.242921907,1.561813174
ARE,United Arab Emirates,"Middle East, North Africa, Afghanistan & Pakistan",High income,2010,24.87537,5.266989,105.9107,1.458149,70.26874,1.602850043,0.877983288
ARE,United Arab Emirates,"Middle East, North Africa, Afghanistan & Pakistan",High income,2011,25.3222,6.0862958,104.4563,1.590302,60.89104,6.736511679,0.877346596
ARE,United Arab Emirates,"Middle East, North Africa, Afghanistan & Pakistan",High income,2012,25.89978,7.1296518,101.9314,1.696425,59.37129,4.683256429,0.6622689
ARE,United Arab Emirates,"Middle East, North Africa, Afghanistan & Pakistan",High income,2013,25.6896,6.655646,85.45444,1.748959,70.24332,4.918450592,1.101118364
ARE,United Arab Emirates,"Middle East, North Africa, Afghanistan & Pakistan",High income,2014,25.85413,5.63672,88.62537,1.990173,73.08919,4.632917859,2.346268657
ARE,United Arab Emirates,"Middle East, North Africa, Afghanistan & Pakistan",High income,2015,26.12293,5.0270812,90.65662,1.8945,87.2219,7.087666227,4.069966084
ARE,United Arab Emirates,"Middle East, North Africa, Afghanistan & Pakistan",High income,2016,25.03958,5.0718334,94.60624,1.692456,88.67218,5.657901472,1.617488089
ARE,United Arab Emirates,"Middle East, North Africa, Afghanistan & Pakistan",High income,2017,26.54524,5.2952865,91.70524,1.551853,85.29311,-1.061371145,1.966825578
ARE,United Arab Emirates,"Middle East, North Africa, Afghanistan & Pakistan",High income,2018,25.3181,5.6104365,93.08253,1.621305,79.80027,1.53720634,3.068633793
ARE,United Arab Emirates,"Middle East, North Africa, Afghanistan & Pakistan",High income,2019,24.59051,6.457488,86.86516,1.67346,87.08417,1.271291205,-1.931081148
ARE,United Arab Emirates,"Middle East, North Africa, Afghanistan & Pakistan",High income,2020,22.13758,8.1549577,81.56601,0.7209771,104.9666,-8.693433638,-2.079403179
ARE,United Arab Emirates,"Middle East, North Africa, Afghanistan & Pakistan",High income,2021,22.2884,,,1.221979,,4.552801401,0.179935336
GBR,United Kingdom,Europe & Central Asia,High income,2000,15.59074,2.5,,1.485493,,4.524380748,1.182956242
GBR,United Kingdom,Europe & Central Asia,High income,2001,18.72355,2.5999999,,0.7332152,,2.391022296,1.532349603
GBR,United Kingdom,Europe & Central Asia,High income,2002,19.94547,2.5999999,,0.9976718,,1.709027363,1.520402459
GBR,United Kingdom,Europe & Central Asia,High income,2003,23.70205,2.5,,1.220246,,3.218516127,1.376500385
GBR,United Kingdom,Europe & Central Asia,High income,2004,15.49068,1.9,,2.433141,,2.326018533,1.390397567
GBR,United Kingdom,Europe & Central Asia,High income,2005,8.990466,1,,0.8020872,,2.790654717,2.08913649
GBR,United Kingdom,Europe & Central Asia,High income,2006,7.801951,0.89999998,,0.655071,,2.189821324,2.455661664
GBR,United Kingdom,Europe & Central Asia,High income,2007,9.072216,0.89999998,,0.8767121,,2.930911336,2.386561508
GBR,United Kingdom,Europe & Central Asia,High income,2008,5.055129,1.6,,0.0484726,,-0.049411673,3.521408563
GBR,United Kingdom,Europe & Central Asia,High income,2009,6.465278,3.5,,-0.0516197,,-4.587408192,1.961731736
GBR,United Kingdom,Europe & Central Asia,High income,2010,8.494985,3.9548338,,-0.0149475,,2.260544609,2.492654725
GBR,United Kingdom,Europe & Central Asia,High income,2011,9.097598,3.9618682,,0.0584502,,0.851437739,3.856112447
GBR,United Kingdom,Europe & Central Asia,High income,2012,8.717099,3.586284,,-0.2491959,,1.528260347,2.573234797
GBR,United Kingdom,Europe & Central Asia,High income,2013,9.626945,3.1117417,,0.1872195,,1.718469613,2.291666667
GBR,United Kingdom,Europe & Central Asia,High income,2014,11.64929,1.6543925,,0.250515,,3.160173515,1.451120163
GBR,United Kingdom,Europe & Central Asia,High income,2015,18.29168,1.0145085,,0.5916712,,2.1404056,0.368046842
GBR,United Kingdom,Europe & Central Asia,High income,2016,17.51455,0.94016128,,0.5013404,,2.206520206,1.008417368
GBR,United Kingdom,Europe & Central Asia,High income,2017,15.88067,0.73465975,,0.6145649,,3.023222198,2.557755776
GBR,United Kingdom,Europe & Central Asia,High income,2018,18.69784,1.0726275,,0.5426834,,1.551330951,2.292839903
GBR,United Kingdom,Europe & Central Asia,High income,2019,18.37656,1.079504,,0.6154628,,1.256298998,1.738104601
GBR,United Kingdom,Europe & Central Asia,High income,2020,17.62722,1.2156648,,0.3526097,,-10.04789664,0.989486704
GBR,United Kingdom,Europe & Central Asia,High income,2021,18.10662,,,0.7740927,,8.543111845,2.518371096
USA,United States,North America,High income,2000,27.01785,1.1,77.544,1.781979,63.15723,4.07758576,3.376857271
USA,United States,North America,High income,2001,28.67167,1.3,76.3257,1.693953,65.73482,0.955538338,2.826171119
USA,United States,North America,High income,2002,29.47479,1.4,75.83255,1.912576,66.39241,1.700447331,1.586031627
USA,United States,North America,High income,2003,29.41065,1.1,77.9679,2.051275,66.0372,2.795605964,2.270094973
USA,United States,North America,High income,2004,31.80992,0.80000001,81.6397,1.895303,65.40208,3.847771693,2.677236693
USA,United States,North America,High income,2005,31.72631,0.69999999,83.22308,1.910496,66.50285,3.483549937,3.392746845
USA,United States,North America,High income,2006,31.84203,0.80000001,82.89767,1.858615,68.97102,2.784539637,3.225944101
USA,United States,North America,High income,2007,30.54118,1.4,80.17538,1.268739,74.33477,2.003858304,2.852672482
USA,United States,North America,High income,2008,26.37435,3,75.99315,0.1191502,78.63197,0.113587248,3.839100297
USA,United States,North America,High income,2009,30.93594,5,63.8285,0.220404,84.44508,-2.576500237,-0.355546266
USA,United States,North America,High income,2010,33.21235,4.3877431,66.47291,0.9455028,78.63602,2.695192587,1.640043442
USA,United States,North America,High income,2011,33.65604,3.7815045,63.01146,1.217208,80.34418,1.564406852,3.156841569
USA,United States,North America,High income,2012,33.74696,3.3172916,61.5783,1.395731,81.03249,2.28911339,2.069337265
USA,United States,North America,High income,2013,33.92561,2.4523912,60.5169,1.519746,81.28259,2.117830094,1.464832656
USA,United States,North America,High income,2014,34.10872,1.8507118,60.7163,1.473613,81.90596,2.523819818,1.622222977
USA,United States,North America,High income,2015,34.13966,1.4734265,62.77115,1.561052,81.38542,2.945550452,0.118627136
USA,United States,North America,High income,2016,33.66898,1.3205222,63.8359,1.56042,82.06911,1.819451479,1.261583206
USA,United States,North America,High income,2017,33.62495,1.1268242,63.97555,1.58326,82.21514,2.457622301,2.130110004
USA,United States,North America,High income,2018,34.68312,0.91316153,64.47144,1.755742,80.99707,2.966505067,2.442583297
USA,United States,North America,High income,2019,35.16919,0.85525196,61.73064,1.697266,84.52532,2.583825331,1.812210075
USA,United States,North America,High income,2020,30.29941,1.0653691,53.913,0.8944033,101.2169,-2.081375978,1.233584396
USA,United States,North America,High income,2021,31.06195,,,1.594521,,6.152022479,4.697858864
URY,Uruguay,Latin America & Caribbean,High income,2000,5.768299,,110.6482,0.7935379,40.59597,-1.929930635,4.763824727
URY,Uruguay,Latin America & Caribbean,High income,2001,3.76918,12.4,118.6707,-2.541483,45.29408,-3.844129959,4.359340652
URY,Uruguay,Latin America & Caribbean,High income,2002,1.137606,33.900002,125.8966,-14.41519,55.88591,-7.732007215,13.97247259
URY,Uruguay,Latin America & Caribbean,High income,2003,1.811674,14.3,87.1414,-1.967822,49.41892,0.805283916,19.37973017
URY,Uruguay,Latin America & Caribbean,High income,2004,4.119046,4.6999998,55.76031,0.8903844,43.20634,5.004160356,9.157605075
URY,Uruguay,Latin America & Caribbean,High income,2005,4.385618,5.5999999,56.55702,1.284172,39.58766,7.46013213,4.69927739
URY,Uruguay,Latin America & Caribbean,High income,2006,5.306827,3.7,59.32038,1.503169,40.24382,4.098577354,6.397649744
URY,Uruguay,Latin America & Caribbean,High income,2007,6.735029,1.1,65.32417,2.969373,35.74839,6.541510845,8.114645612
URY,Uruguay,Latin America & Caribbean,High income,2008,5.297704,1,67.59003,1.477301,41.11196,7.176144665,7.877073747
URY,Uruguay,Latin America & Caribbean,High income,2009,5.847657,3.8,58.14999,0.4836814,35.22158,4.243494195,7.062218744
URY,Uruguay,Latin America & Caribbean,High income,2010,6.150074,2.422809,58.4791,1.208597,38.05361,7.803409651,6.69870887
URY,Uruguay,Latin America & Caribbean,High income,2011,6.238244,1.4910544,58.6604,1.499745,39.26524,5.162133025,8.092832063
URY,Uruguay,Latin America & Caribbean,High income,2012,6.347547,1.3254759,61.82499,1.846979,37.89176,3.538178721,8.097765806
URY,Uruguay,Latin America & Caribbean,High income,2013,6.102961,1.2769421,64.37521,1.909133,40.3282,4.637538629,8.57513504
URY,Uruguay,Latin America & Caribbean,High income,2014,5.608903,1.2778221,63.08318,1.190617,42.80597,3.23879123,8.877353332
URY,Uruguay,Latin America & Caribbean,High income,2015,5.536208,1.598175,61.58505,1.630205,48.83353,0.370741258,8.666269871
URY,Uruguay,Latin America & Caribbean,High income,2016,6.04098,2.3158618,61.21766,0.4279579,42.07471,1.68979823,9.639413476
URY,Uruguay,Latin America & Caribbean,High income,2017,7.863129,2.371681,60.54502,1.847949,39.93914,1.740376491,6.218093826
URY,Uruguay,Latin America & Caribbean,High income,2018,7.47792,2.2553221,61.1474,2.083186,41.26407,0.164777609,7.606533604
URY,Uruguay,Latin America & Caribbean,High income,2019,7.862775,1.9542612,58.09344,3.641882,44.20905,0.928351028,7.881988709
URY,Uruguay,Latin America & Caribbean,High income,2020,6.931973,1.6326289,52.0555,2.638276,53.42582,-7.357327069,9.756406361
URY,Uruguay,Latin America & Caribbean,High income,2021,6.076103,,49.74969,2.023697,54.91127,5.84427325,7.747914023
UZB,Uzbekistan,Europe & Central Asia,Lower middle income,2006,7.952955,3,,1.811436,,7.451418476,
UZB,Uzbekistan,Europe & Central Asia,Lower middle income,2007,8.732517,2.8,,2.173755,,9.473005305,
UZB,Uzbekistan,Europe & Central Asia,Lower middle income,2008,10.64192,3,,1.621144,,9.029161018,
UZB,Uzbekistan,Europe & Central Asia,Lower middle income,2009,9.738481,1.2,,1.155138,,8.050933327,
UZB,Uzbekistan,Europe & Central Asia,Lower middle income,2010,7.955146,0.96513105,,1.272528,,7.597167961,
UZB,Uzbekistan,Europe & Central Asia,Lower middle income,2011,7.150289,0.70919016,,1.289327,,8.127936816,13.77974465
UZB,Uzbekistan,Europe & Central Asia,Lower middle income,2012,7.533541,3.0532835,,1.26123,,7.356821389,13.20880267
UZB,Uzbekistan,Europe & Central Asia,Lower middle income,2013,7.400607,2.8167003,70.5641,1.51194,13.24539,7.921774926,11.84143336
UZB,Uzbekistan,Europe & Central Asia,Lower middle income,2014,7.107892,2.0968703,81.99473,1.662477,12.20138,7.713739117,9.283093562
UZB,Uzbekistan,Europe & Central Asia,Lower middle income,2015,8.791997,1.4624146,78.31734,2.278896,12.95085,7.944776593,8.751881967
UZB,Uzbekistan,Europe & Central Asia,Lower middle income,2016,7.46652,0.74408668,83.23778,1.937941,13.88938,6.711080226,8.130886695
UZB,Uzbekistan,Europe & Central Asia,Lower middle income,2017,10.16162,1.1978075,99.70266,1.507675,15.89904,4.70027402,13.87574254
UZB,Uzbekistan,Europe & Central Asia,Lower middle income,2018,9.80123,1.2787164,169.8754,1.345029,14.11151,5.723683808,17.52417965
UZB,Uzbekistan,Europe & Central Asia,Lower middle income,2019,13.91469,1.4978135,233.0248,2.613812,12.27462,6.793310985,14.52573596
UZB,Uzbekistan,Europe & Central Asia,Lower middle income,2020,11.46811,2.0606532,261.8811,1.731635,13.42755,1.621622816,12.86772974
UZB,Uzbekistan,Europe & Central Asia,Lower middle income,2021,11.21105,,236.9643,0.8078788,15.11033,8.204485124,10.84923975
VUT,Vanuatu,East Asia & Pacific,Lower middle income,2000,,,36.41263,,84.76577,5.924809057,2.537688442
VUT,Vanuatu,East Asia & Pacific,Lower middle income,2001,,,36.57409,,89.69379,-3.397582489,3.577554521
VUT,Vanuatu,East Asia & Pacific,Lower middle income,2002,,,40.08451,,90.53247,-5.198318759,1.963567542
VUT,Vanuatu,East Asia & Pacific,Lower middle income,2003,,,44.63023,,84.89291,4.288335117,3.016241299
VUT,Vanuatu,East Asia & Pacific,Lower middle income,2004,,,44.73901,,87.39024,3.987392802,1.418918919
VUT,Vanuatu,East Asia & Pacific,Lower middle income,2005,,,46.51255,,92.40704,5.305326473,1.199200533
VUT,Vanuatu,East Asia & Pacific,Lower middle income,2006,,,47.99777,,87.22124,8.460697472,2.040816327
VUT,Vanuatu,East Asia & Pacific,Lower middle income,2007,,,46.33609,,93.26512,2.875892288,3.935483871
VUT,Vanuatu,East Asia & Pacific,Lower middle income,2008,,,58.39364,,93.74101,5.600991821,4.841713222
VUT,Vanuatu,East Asia & Pacific,Lower middle income,2009,,,72.65591,,88.88995,3.037303541,4.29706573
VUT,Vanuatu,East Asia & Pacific,Lower middle income,2010,,4.7715054,84.03156,,80.00288,1.258867203,2.762694695
VUT,Vanuatu,East Asia & Pacific,Lower middle income,2011,,7.8201597,90.72915,,76.04958,3.1398029,0.873793105
VUT,Vanuatu,East Asia & Pacific,Lower middle income,2012,,7.8267853,97.71692,,75.11938,1.010047687,1.347403629
VUT,Vanuatu,East Asia & Pacific,Lower middle income,2013,,14.104395,106.5374,,67.95453,0.463390415,1.458933718
VUT,Vanuatu,East Asia & Pacific,Lower middle income,2014,,10.726512,107.033,,70.50652,3.105129473,0.798863838
VUT,Vanuatu,East Asia & Pacific,Lower middle income,2015,,12.26699,97.88293,,73.78693,3.50101269,2.483268757
VUT,Vanuatu,East Asia & Pacific,Lower middle income,2016,,10.809888,89.89488,,76.52023,3.619808307,0.842069084
VUT,Vanuatu,East Asia & Pacific,Lower middle income,2017,,15.045226,86.16225,,74.64506,4.223321925,3.084526244
VUT,Vanuatu,East Asia & Pacific,Lower middle income,2018,,16.06174,76.87561,,79.75867,2.515327895,2.330963796
VUT,Vanuatu,East Asia & Pacific,Lower middle income,2019,,,72.2346,,79.90283,3.276772574,2.762520194
VUT,Vanuatu,East Asia & Pacific,Lower middle income,2020,,,74.80014,,82.59239,-5.725302821,5.329350731
VUT,Vanuatu,East Asia & Pacific,Lower middle income,2021,,,68.93034,,85.37364,-1.163324886,2.343283582
VEN,"Venezuela, RB",Latin America & Caribbean,Lower middle income,2000,9.530333,6.5999999,68.97849,2.644197,15.1987,3.535353535,
VEN,"Venezuela, RB",Latin America & Caribbean,Lower middle income,2001,10.23075,7,73.1292,2.604117,15.85058,3.414634146,
VEN,"Venezuela, RB",Latin America & Caribbean,Lower middle income,2002,11.85472,9.1999998,68.27597,3.654064,14.13378,-8.726415094,
VEN,"Venezuela, RB",Latin America & Caribbean,Lower middle income,2003,12.27649,7.6999998,45.96368,5.392047,18.6308,-7.751937984,
VEN,"Venezuela, RB",Latin America & Caribbean,Lower middle income,2004,19.08624,2.8,62.5942,5.81166,17.16413,18.20728291,
VEN,"Venezuela, RB",Latin America & Caribbean,Lower middle income,2005,14.89476,1.1,66.9817,3.166127,19.00837,10.18957346,
VEN,"Venezuela, RB",Latin America & Caribbean,Lower middle income,2006,11.15049,1.1,61.22146,3.088136,26.89721,9.892473118,
VEN,"Venezuela, RB",Latin America & Caribbean,Lower middle income,2007,9.606821,1.2,83.34348,2.912282,27.2992,8.806262231,
VEN,"Venezuela, RB",Latin America & Caribbean,Lower middle income,2008,8.613565,1.9,82.63172,1.979876,25.23132,5.215827338,
VEN,"Venezuela, RB",Latin America & Caribbean,Lower middle income,2009,8.922382,3,75.42164,1.91839,30.42598,-3.076923077,27.08094145
VEN,"Venezuela, RB",Latin America & Caribbean,Lower middle income,2010,6.856344,3.4000001,67.8187,1.482847,27.40515,-1.587301587,28.18746471
VEN,"Venezuela, RB",Latin America & Caribbean,Lower middle income,2011,8.048985,1.4,63.55275,3.399656,32.03321,4.121863799,26.09021232
VEN,"Venezuela, RB",Latin America & Caribbean,Lower middle income,2012,8.208526,0.89999998,64.89389,4.228714,38.72137,5.679862306,21.06899563
VEN,"Venezuela, RB",Latin America & Caribbean,Lower middle income,2013,7.061074,0.69999999,61.24901,3.393942,48.54738,1.302931596,40.63942752
VEN,"Venezuela, RB",Latin America & Caribbean,Lower middle income,2014,7.323114,0.83999997,63.24107,4.337959,62.48232,-3.8585209,62.16864998
VNM,Viet Nam,East Asia & Pacific,Upper middle income,2000,9.61418,,401.5368,0.6423091,8.781015,6.787316405,-1.710337279
VNM,Viet Nam,East Asia & Pacific,Upper middle income,2001,9.488538,,410.304,0.0218805,9.575936,6.192893312,-0.431544512
VNM,Viet Nam,East Asia & Pacific,Upper middle income,2002,12.06384,,452.505,-0.1244457,9.531546,6.320820992,3.830828382
VNM,Viet Nam,East Asia & Pacific,Upper middle income,2003,6.682008,,446.62,0.4151714,10.83077,6.899063491,3.234648173
VNM,Viet Nam,East Asia & Pacific,Upper middle income,2004,7.659948,,472.5384,0.7927223,12.42703,7.536410609,7.754947487
VNM,Viet Nam,East Asia & Pacific,Upper middle income,2005,13.31219,,498.6934,1.19778,12.12504,7.547247729,8.284572431
VNM,Viet Nam,East Asia & Pacific,Upper middle income,2006,16.47378,,520.0959,2.17241,12.58538,6.977954811,7.418017151
VNM,Viet Nam,East Asia & Pacific,Upper middle income,2007,17.72817,,498.4789,2.102787,17.17224,7.129504486,8.344448898
VNM,Viet Nam,East Asia & Pacific,Upper middle income,2008,21.53539,2.2,682.038,1.574811,12.12778,5.661771209,23.11544835
VNM,Viet Nam,East Asia & Pacific,Upper middle income,2009,18.39039,1.8,687.5303,2.170439,15.02696,5.39789754,6.7169827
VNM,Viet Nam,East Asia & Pacific,Upper middle income,2010,17.77522,2.0925994,862.5997,1.820559,13.31032,6.423244822,9.207466488
VNM,Viet Nam,East Asia & Pacific,Upper middle income,2011,16.77148,2.7920938,898.0479,1.828624,11.33554,6.413168897,18.67773228
VNM,Viet Nam,East Asia & Pacific,Upper middle income,2012,15.61944,3.4379102,800.7696,1.267068,11.83477,5.504544704,9.094703396
VNM,Viet Nam,East Asia & Pacific,Upper middle income,2013,15.32516,3.1070726,719.0488,0.8832543,13.47994,5.55351081,6.592674759
VNM,Viet Nam,East Asia & Pacific,Upper middle income,2014,14.67904,2.935108,687.4731,0.8805404,14.58294,6.422243121,4.084554466
VNM,Viet Nam,East Asia & Pacific,Upper middle income,2015,13.85397,2.3384992,681.4246,0.7747375,16.42635,6.987154306,0.631200905
VNM,Viet Nam,East Asia & Pacific,Upper middle income,2016,12.81347,2.28,680.9561,0.825811,18.20969,6.690008927,2.66824817
VNM,Viet Nam,East Asia & Pacific,Upper middle income,2017,12.60946,1.8249812,672.4113,0.9368042,19.41355,6.940190374,3.520256888
VNM,Viet Nam,East Asia & Pacific,Upper middle income,2018,13.25171,1.8042137,696.2264,1.159681,19.13357,7.465006856,3.539628059
VNM,Viet Nam,East Asia & Pacific,Upper middle income,2019,13.02772,1.5011269,677.2358,1.353424,20.36424,7.359262701,2.795823675
VNM,Viet Nam,East Asia & Pacific,Upper middle income,2020,13.61867,,595.5128,1.361127,24.80127,2.865413209,3.220934367
VNM,Viet Nam,East Asia & Pacific,Upper middle income,2021,14.66488,,535.7143,1.816965,23.33721,2.553728526,1.834715548
PSE,West Bank and Gaza,"Middle East, North Africa, Afghanistan & Pakistan",Lower middle income,2000,,,27.77364,,77.35992,-8.555572684,2.798198924
PSE,West Bank and Gaza,"Middle East, North Africa, Afghanistan & Pakistan",Lower middle income,2001,,,26.6904,,80.84209,-9.311081142,1.222784759
PSE,West Bank and Gaza,"Middle East, North Africa, Afghanistan & Pakistan",Lower middle income,2002,,,27.91631,,86.50107,-12.48838218,5.70951586
PSE,West Bank and Gaza,"Middle East, North Africa, Afghanistan & Pakistan",Lower middle income,2003,,,25.68533,,84.20688,14.01564768,4.403032217
PSE,West Bank and Gaza,"Middle East, North Africa, Afghanistan & Pakistan",Lower middle income,2004,,,30.43484,,78.28449,21.92448612,3.004174986
PSE,West Bank and Gaza,"Middle East, North Africa, Afghanistan & Pakistan",Lower middle income,2005,,,37.33879,,71.88869,11.29065118,4.107250707
PSE,West Bank and Gaza,"Middle East, North Africa, Afghanistan & Pakistan",Lower middle income,2006,,,36.40899,,73.96778,-0.996556103,3.842341256
PSE,West Bank and Gaza,"Middle East, North Africa, Afghanistan & Pakistan",Lower middle income,2007,,,28.659,,82.18929,3.788281521,1.859743794
PSE,West Bank and Gaza,"Middle East, North Africa, Afghanistan & Pakistan",Lower middle income,2008,,,24.47327,,73.90485,7.429182255,9.889997887
PSE,West Bank and Gaza,"Middle East, North Africa, Afghanistan & Pakistan",Lower middle income,2009,,,28.37305,,71.34231,8.593490879,2.753934851
PSE,West Bank and Gaza,"Middle East, North Africa, Afghanistan & Pakistan",Lower middle income,2010,,,33.91366,,62.96893,5.777362056,3.749157276
PSE,West Bank and Gaza,"Middle East, North Africa, Afghanistan & Pakistan",Lower middle income,2011,,,40.49952,,56.67504,9.600808489,2.877243585
PSE,West Bank and Gaza,"Middle East, North Africa, Afghanistan & Pakistan",Lower middle income,2012,,,43.3667,,55.43914,6.096456563,2.779087683
PSE,West Bank and Gaza,"Middle East, North Africa, Afghanistan & Pakistan",Lower middle income,2013,,,43.45465,,55.44415,4.698569866,1.724399336
PSE,West Bank and Gaza,"Middle East, North Africa, Afghanistan & Pakistan",Lower middle income,2014,,,47.65936,1.95775,57.28357,-0.157866651,1.7329851
PSE,West Bank and Gaza,"Middle East, North Africa, Afghanistan & Pakistan",Lower middle income,2015,,,51.59259,1.885161,63.14137,3.721299671,1.431611458
PSE,West Bank and Gaza,"Middle East, North Africa, Afghanistan & Pakistan",Lower middle income,2016,,,57.78369,,63.18624,8.86461882,-0.219106605
PSE,West Bank and Gaza,"Middle East, North Africa, Afghanistan & Pakistan",Lower middle income,2017,,,61.23001,,68.14044,1.419367563,0.212570934
PSE,West Bank and Gaza,"Middle East, North Africa, Afghanistan & Pakistan",Lower middle income,2018,,,64.01931,,69.9978,1.227077378,-0.195107774
PSE,West Bank and Gaza,"Middle East, North Africa, Afghanistan & Pakistan",Lower middle income,2019,,,61.27289,,73.16188,1.362687466,1.580183336
PSE,West Bank and Gaza,"Middle East, North Africa, Afghanistan & Pakistan",Lower middle income,2020,,,56.86878,,91.9543,-11.31846611,-0.735332001
PSE,West Bank and Gaza,"Middle East, North Africa, Afghanistan & Pakistan",Lower middle income,2021,,,55.37271,,85.79536,7.011982276,1.237481028
YEM,"Yemen, Rep.","Middle East, North Africa, Afghanistan & Pakistan",Low income,2000,16.73997,,30.90977,1.009212,15.72522,6.181915593,4.59
YEM,"Yemen, Rep.","Middle East, North Africa, Afghanistan & Pakistan",Low income,2001,18.10888,,31.54306,1.361331,18.18077,3.803645872,11.91159129
YEM,"Yemen, Rep.","Middle East, North Africa, Afghanistan & Pakistan",Low income,2002,15.62679,,28.76673,1.186321,20.1667,3.935231505,12.23853394
YEM,"Yemen, Rep.","Middle East, North Africa, Afghanistan & Pakistan",Low income,2003,14.01724,,29.80935,1.071683,21.35704,3.747398185,10.8323607
YEM,"Yemen, Rep.","Middle East, North Africa, Afghanistan & Pakistan",Low income,2004,13.67952,,33.09341,1.680729,21.64341,3.972696401,12.51509515
YEM,"Yemen, Rep.","Middle East, North Africa, Afghanistan & Pakistan",Low income,2005,15.61086,,36.11088,2.316031,19.21669,5.591748076,11.81126394
YEM,"Yemen, Rep.","Middle East, North Africa, Afghanistan & Pakistan",Low income,2006,17.34693,,32.65274,2.737409,21.17196,3.170409359,10.84479869
YEM,"Yemen, Rep.","Middle East, North Africa, Afghanistan & Pakistan",Low income,2007,18.58675,,35.92915,3.013292,22.77835,3.338427956,7.90511779
YEM,"Yemen, Rep.","Middle East, North Africa, Afghanistan & Pakistan",Low income,2008,18.99151,,36.34785,2.360623,21.19775,3.64756947,18.97625743
YEM,"Yemen, Rep.","Middle East, North Africa, Afghanistan & Pakistan",Low income,2009,20.75812,13.9,30.81744,2.295581,25.10098,3.866229516,5.407760981
YEM,"Yemen, Rep.","Middle East, North Africa, Afghanistan & Pakistan",Low income,2010,22.76897,17.700001,28.79848,1.209663,21.83916,7.701286075,11.17483386
YEM,"Yemen, Rep.","Middle East, North Africa, Afghanistan & Pakistan",Low income,2011,,21.200001,26.99596,,18.77586,-12.7148969,19.54356171
YEM,"Yemen, Rep.","Middle East, North Africa, Afghanistan & Pakistan",Low income,2012,24.42077,25.5,20.14664,,23.05796,2.392990214,9.885387145
YEM,"Yemen, Rep.","Middle East, North Africa, Afghanistan & Pakistan",Low income,2013,20.15785,21.700001,22.75826,1.096229,24.76777,4.823519085,10.96844215
ZMB,Zambia,Sub-Saharan Africa,Lower middle income,2000,8.061995,,,0.9436736,,3.897322943,26.03041179
ZMB,Zambia,Sub-Saharan Africa,Lower middle income,2001,9.222421,,,0.9447247,,5.316868274,21.39378218
ZMB,Zambia,Sub-Saharan Africa,Lower middle income,2002,8.180285,,,1.462458,,4.50601428,22.23334464
ZMB,Zambia,Sub-Saharan Africa,Lower middle income,2003,7.177088,,,0.705995,,6.944973982,21.40157839
ZMB,Zambia,Sub-Saharan Africa,Lower middle income,2004,7.46811,,,1.715091,,7.032395115,17.96778911
ZMB,Zambia,Sub-Saharan Africa,Lower middle income,2005,9.613562,,,4.059307,,7.235599007,18.3244397
ZMB,Zambia,Sub-Saharan Africa,Lower middle income,2006,8.829235,,,2.741436,,7.903694445,9.019572472
ZMB,Zambia,Sub-Saharan Africa,Lower middle income,2007,8.934963,,,3.17698,,8.352436244,10.6573496
ZMB,Zambia,Sub-Saharan Africa,Lower middle income,2008,8.747104,,,3.103447,,7.773895815,12.44557935
ZMB,Zambia,Sub-Saharan Africa,Lower middle income,2009,8.51375,,63.12637,1.62386,15.76751,9.220348406,13.39525463
ZMB,Zambia,Sub-Saharan Africa,Lower middle income,2010,7.509999,14.823594,56.76683,2.701086,16.11508,10.29822332,8.501761334
ZMB,Zambia,Sub-Saharan Africa,Lower middle income,2011,8.927444,10.376193,60.10277,3.111301,16.65804,5.569252193,6.429396811
ZMB,Zambia,Sub-Saharan Africa,Lower middle income,2012,10.19427,8.1053913,69.12149,3.495119,17.26424,7.597381049,6.575899708
ZMB,Zambia,Sub-Saharan Africa,Lower middle income,2013,11.85641,6.9583623,63.88838,3.533805,18.22199,5.05753695,6.977676055
ZMB,Zambia,Sub-Saharan Africa,Lower middle income,2014,12.87714,6.1043178,72.41872,3.577065,18.40766,4.693283164,7.806875536
ZMB,Zambia,Sub-Saharan Africa,Lower middle income,2015,10.26718,7.2792101,67.61201,2.652864,23.18788,2.920375112,10.11059289
ZMB,Zambia,Sub-Saharan Africa,Lower middle income,2016,10.32383,9.6649441,65.55407,2.840513,18.39616,3.755100317,17.86973008
ZMB,Zambia,Sub-Saharan Africa,Lower middle income,2017,11.92899,11.983703,56.71699,5.150186,19.64479,3.525862771,6.577311542
ZMB,Zambia,Sub-Saharan Africa,Lower middle income,2018,8.958558,10.951198,56.73787,2.243162,20.511,4.034493897,7.494571927
ZMB,Zambia,Sub-Saharan Africa,Lower middle income,2019,9.179658,8.9072779,58.62796,2.726294,21.3152,1.441306026,9.150316443
ZMB,Zambia,Sub-Saharan Africa,Lower middle income,2020,6.457372,11.630566,43.39663,1.329611,26.49758,-2.785055065,15.73306047
ZMB,Zambia,Sub-Saharan Africa,Lower middle income,2021,8.85603,,38.22525,4.281144,23.16045,6.234922047,22.02076762
ZWE,Zimbabwe,Sub-Saharan Africa,Lower middle income,2000,6.425017,,89.72077,,0.6097381,-3.059117806,
ZWE,Zimbabwe,Sub-Saharan Africa,Lower middle income,2001,6.537839,,65.18024,18.59157,1.380627,1.439517277,
ZWE,Zimbabwe,Sub-Saharan Africa,Lower middle income,2009,4.992606,,48.69184,,14.27616,13.27205462,
ZWE,Zimbabwe,Sub-Saharan Africa,Lower middle income,2010,4.590675,,74.61155,3.293908,18.00103,19.6754077,3.022670025
ZWE,Zimbabwe,Sub-Saharan Africa,Lower middle income,2011,5.008511,,93.14187,3.748241,20.27485,14.19391568,3.466129728
ZWE,Zimbabwe,Sub-Saharan Africa,Lower middle income,2012,5.439702,,93.83687,3.976133,21.40109,16.66542904,3.725326661
ZWE,Zimbabwe,Sub-Saharan Africa,Lower middle income,2013,5.302338,,93.88337,1.802568,19.93279,1.98948554,1.634950415
ZWE,Zimbabwe,Sub-Saharan Africa,Lower middle income,2014,5.057956,,87.87177,0.9297059,21.83512,2.376985617,-0.19778481
ZWE,Zimbabwe,Sub-Saharan Africa,Lower middle income,2015,5.497109,,76.89993,2.480262,23.46486,1.779853564,-2.430968424
ZWE,Zimbabwe,Sub-Saharan Africa,Lower middle income,2016,5.268896,,63.53494,2.402031,26.78586,0.755794059,-1.543669601
ZWE,Zimbabwe,Sub-Saharan Africa,Lower middle income,2017,5.127896,,50.0543,3.316798,33.47981,4.734411178,0.893962316
ZWE,Zimbabwe,Sub-Saharan Africa,Lower middle income,2018,5.264899,,42.80411,4.416162,40.10917,5.009921543,10.61886587
ZWE,Zimbabwe,Sub-Saharan Africa,Lower middle income,2019,7.479496,,33.4776,9.32647,20.65183,-6.33244976,255.3049908
ZWE,Zimbabwe,Sub-Saharan Africa,Lower middle income,2020,7.084079,,36.80099,2.3174,17.86878,-7.816950602,557.2018174
ZWE,Zimbabwe,Sub-Saharan Africa,Lower middle income,2021,8.08499,,47.23602,5.231296,15.8677,8.468016768,98.54610509
